trial_number,temporal_filters,filter_length,pool_length,pool_stride,dropout_rate,learning_rate,batch_size,epochs,weight_decay,validation_fraction,early_stopping_patience,lr_scheduler_patience,lr_scheduler_factor,use_class_weight,seed,fold,subject,accuracy,f1_score,roc_auc,support,train_time_sec,inference_time_sec,inference_ms_per_sample,model_size_mb,num_parameters,train_memory_delta_mb,peak_gpu_memory_mb,final_train_loss,best_train_loss,best_val_loss,best_epoch,stopped_epoch
23,20,35,50,15,0.5,0.0005661525706310615,32,75,0.0001,0.1,5,3,0.7,False,42,1,1,0.7777777777777778,0.7499999999999999,0.8517786561264823,45,2.89899916498689,0.001366034965030849,0.030356332556241088,0.03014373779296875,7902,0.06640625,77.19189453125,0.5835479283423135,0.6234913262905497,0.5361494263013203,9,14
23,20,35,50,15,0.5,0.0005661525706310615,32,75,0.0001,0.1,5,3,0.7,False,42,2,2,0.9333333333333333,0.9268292682926829,0.9723320158102766,45,3.9777420529862866,0.0015567729715257883,0.034594954922795296,0.03014373779296875,7902,0.2578125,77.19189453125,0.5691698439645044,0.5950156247073953,0.5465460081895193,14,19
23,20,35,50,15,0.5,0.0005661525706310615,32,75,0.0001,0.1,5,3,0.7,False,42,3,3,0.4666666666666667,0.33333333333333326,0.4209486166007905,45,7.156022606999613,0.0013949499698355794,0.03099888821856843,0.03014373779296875,7902,0.0,77.19189453125,0.5320537440253027,0.5399288986668442,0.5234583338101705,29,34
23,20,35,50,15,0.5,0.0005661525706310615,32,75,0.0001,0.1,5,3,0.7,False,42,4,4,0.5111111111111111,0.6666666666666666,0.7351778656126482,45,2.9066348770284094,0.0015136809670366347,0.03363735482303633,0.03014373779296875,7902,0.00390625,77.19189453125,0.5948807134321241,0.6062532455632181,0.5332163770993551,9,14
23,20,35,50,15,0.5,0.0005661525706310615,32,75,0.0001,0.1,5,3,0.7,False,42,5,5,0.5777777777777777,0.6885245901639344,0.5555555555555556,45,2.7037972360267304,0.0014011669554747641,0.03113704345499476,0.03014373779296875,7902,0.00390625,77.19189453125,0.5822898174325625,0.6159279226805224,0.5696982920169831,8,13
23,20,35,50,15,0.5,0.0005661525706310615,32,75,0.0001,0.1,5,3,0.7,False,42,6,6,0.4222222222222222,0.07142857142857142,0.498015873015873,45,4.85790917504346,0.0013815410202369094,0.03070091156082021,0.03014373779296875,7902,0.0,77.19189453125,0.5587067759849809,0.5746060275670254,0.5530858437220255,18,23
23,20,35,50,15,0.5,0.0005661525706310615,32,75,0.0001,0.1,5,3,0.7,False,42,7,7,0.8666666666666667,0.8636363636363636,0.9782608695652174,45,2.9667442890349776,0.0015131919644773006,0.03362648809949557,0.03014373779296875,7902,0.0,77.19189453125,0.5891341336748817,0.6004003288619446,0.5463480353355408,9,14
23,20,35,50,15,0.5,0.0005661525706310615,32,75,0.0001,0.1,5,3,0.7,False,42,8,8,0.7333333333333333,0.7499999999999999,0.7964426877470356,45,5.195772686041892,0.0013904799707233906,0.030899554904964235,0.03014373779296875,7902,0.0,77.19189453125,0.5564850514585321,0.5581384023482149,0.5576533456643422,20,25
23,20,35,50,15,0.5,0.0005661525706310615,32,75,0.0001,0.1,5,3,0.7,False,42,9,9,0.6222222222222222,0.4848484848484849,0.6944444444444445,45,3.3203815990127623,0.0014279859606176615,0.031733021347059145,0.03014373779296875,7902,0.0,77.19189453125,0.5626672201535918,0.5978938496925614,0.566583925485611,11,16
23,20,35,50,15,0.5,0.0005661525706310615,32,75,0.0001,0.1,5,3,0.7,False,42,10,10,0.5555555555555556,0.6296296296296297,0.726190476190476,45,2.7679971670149826,0.0013603089610114694,0.030229088022477094,0.03014373779296875,7902,0.0,77.19189453125,0.6006106702667294,0.6062692751487097,0.5625460982322693,8,13
23,20,35,50,15,0.5,0.0005661525706310615,32,75,0.0001,0.1,5,3,0.7,False,42,11,11,0.4444444444444444,0.2857142857142857,0.4841897233201581,45,3.39201667701127,0.0013635909999720752,0.03030202222160167,0.03014373779296875,7902,0.25390625,77.19189453125,0.5801507557431856,0.6037529436024752,0.5382720907529195,11,16
23,20,35,50,15,0.5,0.0005661525706310615,32,75,0.0001,0.1,5,3,0.7,False,42,12,12,0.8222222222222222,0.8,0.8531746031746031,45,3.5855025839991868,0.0015825449954718351,0.03516766656604078,0.03014373779296875,7902,0.2578125,77.19189453125,0.585978032061548,0.6025282810583259,0.5664475480715434,12,17
23,20,35,50,15,0.5,0.0005661525706310615,32,75,0.0001,0.1,5,3,0.7,False,42,13,13,0.7714285714285715,0.7999999999999999,0.8758169934640523,35,4.423539045965299,0.0013059710036031902,0.03731345724580543,0.03014373779296875,7902,0.0,77.19189453125,0.5467457297173414,0.5573507007775884,0.5764222423235575,16,21
23,20,35,50,15,0.5,0.0005661525706310615,32,75,0.0001,0.1,5,3,0.7,False,42,14,14,0.7111111111111111,0.7450980392156864,0.857707509881423,45,2.5629441660130396,0.001377628999762237,0.030613977772494156,0.03014373779296875,7902,0.0,77.19189453125,0.5817563086748123,0.6089233008749557,0.5656532148520151,7,12
23,20,35,50,15,0.5,0.0005661525706310615,32,75,0.0001,0.1,5,3,0.7,False,42,15,15,0.7555555555555555,0.8,0.9940711462450593,45,4.354757527995389,0.001385103038046509,0.030780067512144644,0.03014373779296875,7902,0.0,77.19189453125,0.5552807594790603,0.5859320491100802,0.543701849381129,16,21
23,20,35,50,15,0.5,0.0005661525706310615,32,75,0.0001,0.1,5,3,0.7,False,42,16,16,0.7111111111111111,0.7450980392156864,0.8142292490118577,45,3.9606056210468523,0.0015939290169626474,0.035420644821392164,0.03014373779296875,7902,0.0,77.19189453125,0.5800907514763601,0.5773859999396584,0.5728175361951192,14,19
23,20,35,50,15,0.5,0.0005661525706310615,32,75,0.0001,0.1,5,3,0.7,False,42,17,17,0.5238095238095238,0.09090909090909091,0.6318181818181818,42,2.8971434319973923,0.0013544420362450182,0.032248619910595674,0.03014373779296875,7902,0.0,77.19189453125,0.5741680160616384,0.6143696533911156,0.5832431356112162,9,14
23,20,35,50,15,0.5,0.0005661525706310615,32,75,0.0001,0.1,5,3,0.7,False,42,18,18,0.4888888888888889,0.6461538461538461,0.4762845849802372,45,4.875375171017367,0.0013992809690535069,0.031095132645633485,0.03014373779296875,7902,0.0,77.19189453125,0.5457434534575,0.5607365889079643,0.5617952783902486,18,23
23,20,35,50,15,0.5,0.0005661525706310615,32,75,0.0001,0.1,5,3,0.7,False,42,19,19,0.6444444444444445,0.7241379310344828,0.7806324110671937,45,2.9316397829679772,0.001413388003129512,0.031408622291766934,0.03014373779296875,7902,0.0,77.19189453125,0.5925889647368229,0.6072659381862843,0.5514511545499166,9,14
23,20,35,50,15,0.5,0.0005661525706310615,32,75,0.0001,0.1,5,3,0.7,False,42,20,20,0.5777777777777777,0.4864864864864865,0.5375494071146245,45,4.558979847992305,0.00138258800143376,0.030724177809639108,0.03014373779296875,7902,0.0,77.19189453125,0.5574578548019583,0.584512094205076,0.5373624324798584,16,21
23,20,35,50,15,0.5,0.0005661525706310615,32,75,0.0001,0.1,5,3,0.7,False,42,21,21,0.5777777777777777,0.6545454545454545,0.8432539682539683,45,4.28935271903174,0.001397952961269766,0.031065621361550357,0.03014373779296875,7902,0.00390625,77.19189453125,0.5636397981733987,0.5626755146817728,0.568909905354182,15,20
23,20,35,50,15,0.5,0.0005661525706310615,32,75,0.0001,0.1,5,3,0.7,False,42,22,22,0.6222222222222222,0.5853658536585366,0.6403162055335968,45,2.7240613999892958,0.0015899490099400282,0.035332200220889516,0.03014373779296875,7902,0.0,77.19189453125,0.5847649267225554,0.621700728255691,0.571930726369222,8,13
23,20,35,50,15,0.5,0.0005661525706310615,32,75,0.0001,0.1,5,3,0.7,False,42,23,23,0.6136363636363636,0.7017543859649122,0.8161157024793388,44,2.813145283027552,0.0014851859887130558,0.03375422701620582,0.03014373779296875,7902,0.00390625,77.19189453125,0.5808494307778098,0.6110489625822414,0.5765458186467488,8,13
23,20,35,50,15,0.5,0.0005661525706310615,32,75,0.0001,0.1,5,3,0.7,False,42,24,24,0.5555555555555556,0.6923076923076923,0.6623376623376623,18,2.1031299579772167,0.0008675050339661539,0.048194724109230765,0.03014373779296875,7902,0.0,77.19189453125,0.5977795083719984,0.6372820629661244,0.5881084084510804,5,10
23,20,35,50,15,0.5,0.0005661525706310615,32,75,0.0001,0.1,5,3,0.7,False,42,25,25,0.7333333333333333,0.7272727272727272,0.808300395256917,45,2.3069469300098717,0.0014073819620534778,0.031275154712299504,0.03014373779296875,7902,0.0,77.19189453125,0.5956573499874636,0.6274021816524592,0.5727051277955373,6,11
23,20,35,50,15,0.5,0.0005661525706310615,32,75,0.0001,0.1,5,3,0.7,False,42,26,26,0.7555555555555555,0.7027027027027026,0.876984126984127,45,4.367389619001187,0.0013769310317002237,0.03059846737111608,0.03014373779296875,7902,0.0,77.19189453125,0.5591336183927276,0.5629893423932971,0.5591534197330474,16,21
23,20,35,50,15,0.5,0.0005661525706310615,32,75,0.0001,0.1,5,3,0.7,False,42,27,27,0.4666666666666667,0.5714285714285714,0.5928853754940712,45,2.2933729399810545,0.001402771973516792,0.031172710522595383,0.03014373779296875,7902,0.0,77.19189453125,0.5881131411050305,0.6261611418290571,0.557351686557134,6,11
23,20,35,50,15,0.5,0.0005661525706310615,32,75,0.0001,0.1,5,3,0.7,False,42,28,28,0.6222222222222222,0.5142857142857143,0.6541501976284586,45,3.2055948600172997,0.0015323989791795611,0.03405331064843469,0.03014373779296875,7902,0.0,77.19189453125,0.5726423466747458,0.5786467874140451,0.5732764005661011,10,15
23,20,35,50,15,0.5,0.0005661525706310615,32,75,0.0001,0.1,5,3,0.7,False,42,29,29,0.9111111111111111,0.9166666666666666,0.9901185770750989,45,2.931063824042212,0.001408779004123062,0.0313062000916236,0.03014373779296875,7902,0.0,77.19189453125,0.5752954081152425,0.6168563083717318,0.5697068711121877,9,14
23,20,35,50,15,0.5,0.0005661525706310615,32,75,0.0001,0.1,5,3,0.7,False,42,30,30,0.6444444444444445,0.4666666666666666,0.7182539682539683,45,5.677183132967912,0.0015224810340441763,0.03383291186764836,0.03014373779296875,7902,0.0,77.19189453125,0.5319346582347696,0.5448473452618627,0.5437149405479431,22,27
23,20,35,50,15,0.5,0.0005661525706310615,32,75,0.0001,0.1,5,3,0.7,False,42,31,31,0.8,0.8,0.8636363636363635,45,3.550313160987571,0.0014638139982707798,0.032529199961572886,0.03014373779296875,7902,0.0,77.19189453125,0.5862265093760057,0.5806072970682924,0.5780357897281647,12,17
23,20,35,50,15,0.5,0.0005661525706310615,32,75,0.0001,0.1,5,3,0.7,False,42,32,32,0.7727272727272727,0.8148148148148149,0.8509316770186336,44,3.3280433380277827,0.0014786900137551129,0.033606591221707116,0.03014373779296875,7902,0.0,77.19189453125,0.581377210039081,0.6066321340022665,0.55401704510053,11,16
23,20,35,50,15,0.5,0.0005661525706310615,32,75,0.0001,0.1,5,3,0.7,False,42,33,33,0.7777777777777778,0.7727272727272727,0.8735177865612649,45,5.206123502983246,0.0014229569933377206,0.03162126651861601,0.03014373779296875,7902,0.01171875,77.19189453125,0.5773367367007516,0.5746375913872863,0.5573309620221456,20,25
23,20,35,50,15,0.5,0.0005661525706310615,32,75,0.0001,0.1,5,3,0.7,False,42,34,34,0.8888888888888888,0.8979591836734694,0.9623015873015873,45,3.585432812978979,0.00146311498247087,0.03251366627713045,0.03014373779296875,7902,0.0,77.19189453125,0.5699558946670908,0.5922040038488128,0.5692851265271505,12,17
23,20,35,50,15,0.5,0.0005661525706310615,32,75,0.0001,0.1,5,3,0.7,False,42,35,35,0.7333333333333333,0.6470588235294118,0.9466403162055337,45,2.7381043289788067,0.001382448012009263,0.030721066933539175,0.03014373779296875,7902,0.0,77.19189453125,0.5985747787988547,0.603980606478272,0.5699799080689748,8,13
23,20,35,50,15,0.5,0.0005661525706310615,32,75,0.0001,0.1,5,3,0.7,False,42,36,36,0.6136363636363636,0.6046511627906977,0.7066115702479339,44,3.9592155110440217,0.0014798780321143568,0.03363359163896266,0.03014373779296875,7902,0.0,77.19189453125,0.5684772558284529,0.6017722406170585,0.5568913161754608,14,19
23,20,35,50,15,0.5,0.0005661525706310615,32,75,0.0001,0.1,5,3,0.7,False,42,37,37,0.5111111111111111,0.0,0.44466403162055335,45,7.5252073960145935,0.001436435035429895,0.031920778565108776,0.03014373779296875,7902,0.00390625,77.19189453125,0.5178143108884493,0.5328723657311816,0.5334435542424519,31,36
23,20,35,50,15,0.5,0.0005661525706310615,32,75,0.0001,0.1,5,3,0.7,False,42,38,38,0.5555555555555556,0.37499999999999994,0.6185770750988142,45,1.92493578302674,0.0015362389967776835,0.034138644372837416,0.03014373779296875,7902,0.0,77.19189453125,0.5988220078023997,0.6558949328733213,0.5615310112635294,4,9
23,20,35,50,15,0.5,0.0005661525706310615,32,75,0.0001,0.1,5,3,0.7,False,42,39,39,0.5,0.5925925925925926,0.5983436853002071,44,5.5458545020082965,0.0014168100315146148,0.03220022798896852,0.03014373779296875,7902,0.00390625,77.19189453125,0.5517918352376331,0.5677639311461737,0.5405261993408204,21,26
23,20,35,50,15,0.5,0.0005661525706310615,32,75,0.0001,0.1,5,3,0.7,False,42,40,40,0.5111111111111111,0.4761904761904762,0.5654761904761905,45,2.1426153329666704,0.0014521499979309738,0.03226999995402163,0.03014373779296875,7902,0.0,77.19189453125,0.591916284326351,0.6447588623021588,0.5704353988170624,5,10
23,20,35,50,15,0.5,0.0005661525706310615,32,75,0.0001,0.1,5,3,0.7,False,42,41,41,0.6444444444444445,0.5294117647058824,0.6170634920634921,45,2.0869970340281725,0.0013909690314903855,0.030910422922008563,0.03014373779296875,7902,0.00390625,77.19189453125,0.586148585785519,0.6213960080887332,0.5670560320218404,5,10
23,20,35,50,15,0.5,0.0005661525706310615,32,75,0.0001,0.1,5,3,0.7,False,42,42,42,0.8888888888888888,0.878048780487805,0.9565217391304348,45,2.6886277289595455,0.001392156002111733,0.0309368000469274,0.03014373779296875,7902,0.0,77.19189453125,0.5891227954716394,0.6090121070543925,0.586555810769399,8,13
23,20,35,50,15,0.5,0.0005661525706310615,32,75,0.0001,0.1,5,3,0.7,False,42,43,43,0.9333333333333333,0.9302325581395349,0.9822134387351779,45,2.48406442895066,0.0013531139702536166,0.030069199338969257,0.03014373779296875,7902,0.0,77.19189453125,0.5841866494579748,0.6206035063122258,0.5720993916193644,7,12
23,20,35,50,15,0.5,0.0005661525706310615,32,75,0.0001,0.1,5,3,0.7,False,42,44,44,0.7931034482758621,0.7857142857142856,0.8333333333333333,29,2.716580829001032,0.0008618480060249567,0.029718896759481268,0.03014373779296875,7902,0.0,77.19189453125,0.5858076255429875,0.6217886347210768,0.5791730125745137,8,13
23,20,35,50,15,0.5,0.0005661525706310615,32,75,0.0001,0.1,5,3,0.7,False,42,45,45,0.7333333333333333,0.6470588235294118,0.8952569169960475,45,3.544880137022119,0.001593301014509052,0.03540668921131227,0.03014373779296875,7902,0.0,77.19189453125,0.5694815051375013,0.587840002368797,0.554461008310318,12,17
23,20,35,50,15,0.5,0.0005661525706310615,32,75,0.0001,0.1,5,3,0.7,False,42,46,46,0.6888888888888889,0.631578947368421,0.7628458498023715,45,4.951151915010996,0.0014084990252740681,0.03129997833942374,0.03014373779296875,7902,0.0,77.19189453125,0.5404170884779005,0.5614564881631823,0.5589041610558828,18,23
23,20,35,50,15,0.5,0.0005661525706310615,32,75,0.0001,0.1,5,3,0.7,False,42,47,47,0.5111111111111111,0.56,0.6170634920634921,45,6.4649183949804865,0.001703720015939325,0.037860444798651666,0.03014373779296875,7902,0.0,77.19189453125,0.5536798376477126,0.5608460742867354,0.5583446343739827,25,30
23,20,35,50,15,0.5,0.0005661525706310615,32,75,0.0001,0.1,5,3,0.7,False,42,48,48,0.7647058823529411,0.7499999999999999,0.9714285714285715,17,6.378624832024798,0.0008362859953194857,0.04919329384232269,0.03014373779296875,7902,0.0,77.19189453125,0.5359389934324681,0.5531311590868727,0.5637291848659516,25,30
23,20,35,50,15,0.5,0.0005661525706310615,32,75,0.0001,0.1,5,3,0.7,False,42,49,49,0.8666666666666667,0.8695652173913043,0.9189723320158103,45,2.6959408710245043,0.0014052159967832267,0.031227022150738373,0.03014373779296875,7902,0.0078125,77.19189453125,0.5794277900096142,0.6122891266237606,0.5683636764685313,8,13
23,20,35,50,15,0.5,0.0005661525706310615,32,75,0.0001,0.1,5,3,0.7,False,42,50,50,0.5777777777777777,0.24000000000000002,0.6541501976284585,45,2.7171171650406905,0.001524017017800361,0.03386704484000802,0.03014373779296875,7902,0.0,77.19189453125,0.581994663585316,0.6191206922133764,0.5641903877258301,8,13
23,20,35,50,15,0.5,0.0005661525706310615,32,75,0.0001,0.1,5,3,0.7,False,42,51,51,0.6222222222222222,0.4137931034482759,0.7341269841269842,45,2.917942077969201,0.0013708550250157714,0.030463445000350475,0.03014373779296875,7902,0.0,77.19189453125,0.5794689187949355,0.5976072120847125,0.5644971172014872,9,14
23,20,35,50,15,0.5,0.0005661525706310615,32,75,0.0001,0.1,5,3,0.7,False,42,52,52,0.7073170731707317,0.5384615384615384,0.8421052631578947,41,3.9503372379695065,0.0013651970075443387,0.03329748798888631,0.03014373779296875,7902,0.0546875,77.19189453125,0.5708740879640435,0.5964796224778349,0.5607699394226074,14,19
23,20,35,50,15,0.5,0.0005661525706310615,32,75,0.0001,0.1,5,3,0.7,False,42,53,53,0.627906976744186,0.7142857142857143,0.6038961038961039,43,4.593195053981617,0.0013971150037832558,0.0324910465996106,0.03014373779296875,7902,0.00390625,77.19189453125,0.5679064603014425,0.5602885507272951,0.5450285792350769,17,22
23,20,35,50,15,0.5,0.0005661525706310615,32,75,0.0001,0.1,5,3,0.7,False,42,54,54,0.7435897435897436,0.7222222222222223,0.8233695652173914,39,2.90932920796331,0.0013552799937315285,0.03475076907003919,0.03014373779296875,7902,0.0,77.19189453125,0.5749893330714919,0.6081180064515634,0.5537223637104034,9,14
23,20,35,50,15,0.5,0.0005661525706310615,32,75,0.0001,0.1,5,3,0.7,False,42,55,55,0.9333333333333333,0.9268292682926829,0.982213438735178,45,3.6111201450112276,0.0016041960334405303,0.03564880074312289,0.03014373779296875,7902,0.00390625,77.19189453125,0.5758756638476343,0.5928755946683161,0.578749285141627,12,17
23,20,35,50,15,0.5,0.0005661525706310615,32,75,0.0001,0.1,5,3,0.7,False,42,56,56,0.8181818181818182,0.8260869565217391,0.8512396694214877,44,4.571055691980291,0.0016027290257625282,0.0364256596764211,0.03014373779296875,7902,0.0,77.19189453125,0.5396438143921621,0.5723571908293348,0.5611074686050415,17,22
23,20,35,50,15,0.5,0.0005661525706310615,32,75,0.0001,0.1,5,3,0.7,False,42,57,57,0.6222222222222222,0.6046511627906977,0.7460317460317459,45,4.36555322795175,0.0013517869520001113,0.03003971004444692,0.03014373779296875,7902,0.0,77.19189453125,0.5539322687369405,0.5804713953173521,0.5670731703440348,16,21
23,20,35,50,15,0.5,0.0005661525706310615,32,75,0.0001,0.1,5,3,0.7,False,42,58,58,0.7111111111111111,0.6976744186046512,0.8154761904761905,45,2.3457099499646574,0.0013841939507983625,0.030759865573296945,0.03014373779296875,7902,0.0,77.19189453125,0.5984303761612285,0.6184921750065052,0.582571017742157,6,11
23,20,35,50,15,0.5,0.0005661525706310615,32,75,0.0001,0.1,5,3,0.7,False,42,59,59,0.5555555555555556,0.2857142857142857,0.509920634920635,45,3.546047784970142,0.001393553044181317,0.03096784542625149,0.03014373779296875,7902,0.00390625,77.19189453125,0.5696331675757061,0.587893142393141,0.5641567647457123,12,17
23,20,35,50,15,0.5,0.0005661525706310615,32,75,0.0001,0.1,5,3,0.7,False,42,60,60,0.8863636363636364,0.8837209302325582,0.9235537190082644,44,4.91741566802375,0.0013748350320383906,0.031246250728145242,0.03014373779296875,7902,0.0,77.19189453125,0.5547194088047201,0.5778265225164818,0.5623132367928823,18,23
23,20,35,50,15,0.5,0.0005661525706310615,32,75,0.0001,0.1,5,3,0.7,False,42,61,61,0.7441860465116279,0.7755102040816326,0.8398268398268398,43,5.834669673989993,0.0015785630093887448,0.03671076766020337,0.03014373779296875,7902,0.0,77.19189453125,0.532555364298098,0.5398879473408064,0.5634259819984436,23,28
23,20,35,50,15,0.5,0.0005661525706310615,32,75,0.0001,0.1,5,3,0.7,False,42,62,62,0.9333333333333333,0.9268292682926829,0.9980237154150198,45,3.3337074969895184,0.0013813310069963336,0.030696244599918526,0.03014373779296875,7902,0.0,77.19189453125,0.5794671342679949,0.6073746697017641,0.5728412846724192,11,16
23,20,35,50,15,0.5,0.0005661525706310615,32,75,0.0001,0.1,5,3,0.7,False,42,63,63,0.5348837209302325,0.37499999999999994,0.4761904761904762,43,4.633494105015416,0.001344593008980155,0.0312696048600036,0.03014373779296875,7902,0.109375,77.19189453125,0.5494683734846838,0.5673889210729888,0.5675573229789734,17,22
23,20,35,50,15,0.5,0.0005661525706310615,32,75,0.0001,0.1,5,3,0.7,False,42,64,64,0.7333333333333333,0.7692307692307692,0.8478260869565217,45,3.727828753995709,0.001354231033474207,0.030094022966093488,0.03014373779296875,7902,0.0,77.19189453125,0.5657259968645645,0.5863389113184178,0.5707001109917959,13,18
23,20,35,50,15,0.5,0.0005661525706310615,32,75,0.0001,0.1,5,3,0.7,False,42,65,65,0.7555555555555555,0.717948717948718,0.8650793650793651,45,4.598057384020649,0.0013674320071004331,0.03038737793556518,0.03014373779296875,7902,0.0,77.19189453125,0.5655578681916902,0.565870884467255,0.5727042933305104,17,22
23,20,35,50,15,0.5,0.0005661525706310615,32,75,0.0001,0.1,5,3,0.7,False,42,66,66,0.6,0.6086956521739131,0.6126482213438735,45,4.280211378005333,0.0013698770198971033,0.03044171155326896,0.03014373779296875,7902,0.00390625,77.19189453125,0.547805814806259,0.5900614561908173,0.5894499679406484,15,20
23,20,35,50,15,0.5,0.0005661525706310615,32,75,0.0001,0.1,5,3,0.7,False,42,67,67,0.4888888888888889,0.08,0.6027667984189724,45,2.9996265649679117,0.0015925319748930633,0.03538959944206808,0.03014373779296875,7902,0.0,77.19189453125,0.5742381287343574,0.5880033592834617,0.599447234471639,9,14
23,20,35,50,15,0.5,0.0005661525706310615,32,75,0.0001,0.1,5,3,0.7,False,42,68,68,0.6222222222222222,0.5641025641025642,0.7134387351778657,45,5.888747213000897,0.00143909000325948,0.03197977785021067,0.03014373779296875,7902,0.00390625,77.19189453125,0.5493956653006149,0.5607939674095674,0.5719778378804524,23,28
23,20,35,50,15,0.5,0.0005661525706310615,32,75,0.0001,0.1,5,3,0.7,False,42,69,69,0.5111111111111111,0.5769230769230769,0.5833333333333334,45,2.577792310039513,0.0014501250116154552,0.03222500025812123,0.03014373779296875,7902,0.0,77.19189453125,0.587662147075841,0.616873063147068,0.5844314634799957,7,12
23,20,35,50,15,0.5,0.0005661525706310615,32,75,0.0001,0.1,5,3,0.7,False,42,70,70,0.7333333333333333,0.6842105263157895,0.8537549407114625,45,3.966196204011794,0.0014479599776677787,0.0321768883926173,0.03014373779296875,7902,0.00390625,77.19189453125,0.5683233114806089,0.5862745051131104,0.574232832590739,14,19
23,20,35,50,15,0.5,0.0005661525706310615,32,75,0.0001,0.1,5,3,0.7,False,42,71,71,0.8666666666666667,0.8636363636363636,0.9782608695652174,45,4.4901101449504495,0.001641490962356329,0.036477576941251755,0.03014373779296875,7902,0.0,77.19189453125,0.5504282394593413,0.5753145452701685,0.580600913365682,16,21
23,20,35,50,15,0.5,0.0005661525706310615,32,75,0.0001,0.1,5,3,0.7,False,42,72,72,0.8666666666666667,0.8749999999999999,0.9703557312252964,45,5.704877244948875,0.0014066830044612288,0.03125962232136064,0.03014373779296875,7902,0.0,77.19189453125,0.5495743148706176,0.5620594652313174,0.5896159946918488,22,27
23,20,35,50,15,0.5,0.0005661525706310615,32,75,0.0001,0.1,5,3,0.7,False,42,73,73,0.7777777777777778,0.8,0.8339920948616601,45,4.3545666330028325,0.0016646090080030262,0.036991311288956136,0.03014373779296875,7902,0.0,77.19189453125,0.5625998775164286,0.6040245093631021,0.5665394206841786,16,21
23,20,35,50,15,0.5,0.0005661525706310615,32,75,0.0001,0.1,5,3,0.7,False,42,74,74,0.5333333333333333,0.6181818181818182,0.6488095238095238,45,2.918590579996817,0.0013999780057929456,0.031110622350954346,0.03014373779296875,7902,0.0,77.19189453125,0.5855747152006987,0.5984132018956271,0.5646967033545176,9,14
23,20,35,50,15,0.5,0.0005661525706310615,32,75,0.0001,0.1,5,3,0.7,False,42,75,75,0.7317073170731707,0.7027027027027027,0.8809523809523809,41,3.8321239290526137,0.0014904930139891803,0.03635348814607757,0.03014373779296875,7902,0.0,77.19189453125,0.563571059794137,0.5715347598447944,0.5711996873219808,13,18
23,20,35,50,15,0.5,0.0005661525706310615,32,75,0.0001,0.1,5,3,0.7,False,42,76,76,0.6444444444444445,0.68,0.5988142292490118,45,2.55705444898922,0.0013996990164741874,0.03110442258831527,0.03014373779296875,7902,0.0,77.19189453125,0.5775833601752917,0.6124823172435616,0.592398448785146,7,12
23,20,35,50,15,0.5,0.0005661525706310615,32,75,0.0001,0.1,5,3,0.7,False,42,77,77,0.6222222222222222,0.6909090909090909,0.6746031746031746,45,3.8446802590042353,0.0013999080401845276,0.03110906755965617,0.03014373779296875,7902,0.0,77.19189453125,0.5683663891571941,0.5907953970811584,0.6035588661829631,13,18
23,20,35,50,15,0.5,0.0005661525706310615,32,75,0.0001,0.1,5,3,0.7,False,42,78,78,0.5111111111111111,0.576923076923077,0.4980237154150198,45,5.575861105986405,0.0013946699909865856,0.030992666466368567,0.03014373779296875,7902,0.0,77.19189453125,0.5494188056750731,0.5564268457167076,0.5674276252587637,21,26
23,20,35,50,15,0.5,0.0005661525706310615,32,75,0.0001,0.1,5,3,0.7,False,42,79,79,0.5,0.5454545454545454,0.6125,40,2.542411456000991,0.0015768170123919845,0.03942042530979961,0.03014373779296875,7902,0.0,77.19189453125,0.5799428610639139,0.6109463680874218,0.586848779519399,7,12
23,20,35,50,15,0.5,0.0005661525706310615,32,75,0.0001,0.1,5,3,0.7,False,42,80,80,0.6222222222222222,0.4848484848484849,0.7154150197628459,45,4.058625566016417,0.0016122270026244223,0.035827266724987164,0.03014373779296875,7902,0.0,77.19189453125,0.5497895912690596,0.5700713678291349,0.5714314719041188,14,19
23,20,35,50,15,0.5,0.0005661525706310615,32,75,0.0001,0.1,5,3,0.7,False,42,81,81,0.4888888888888889,0.0,0.8280632411067194,45,3.8620955729857087,0.0014097560197114944,0.03132791154914432,0.03014373779296875,7902,0.0,77.19189453125,0.5524728781346119,0.5743124841740637,0.5907741645971935,13,18
23,20,35,50,15,0.5,0.0005661525706310615,32,75,0.0001,0.1,5,3,0.7,False,42,82,82,0.5777777777777777,0.6984126984126985,0.8636363636363636,45,3.8243998599937186,0.0015888300258666277,0.035307333908147276,0.03014373779296875,7902,0.0,77.19189453125,0.5614598659854947,0.5908372643770594,0.5839873572190603,13,18
23,20,35,50,15,0.5,0.0005661525706310615,32,75,0.0001,0.1,5,3,0.7,False,42,83,83,0.8421052631578947,0.8125000000000001,0.9667590027700831,38,3.209571144019719,0.0014014449552632868,0.03688013040166544,0.03014373779296875,7902,0.0,77.19189453125,0.5731435551336317,0.5916048791823965,0.5915514568487803,10,15
23,20,35,50,15,0.5,0.0005661525706310615,32,75,0.0001,0.1,5,3,0.7,False,42,84,84,0.7045454545454546,0.7346938775510204,0.8115942028985507,44,4.1369745380361564,0.0016027290257625282,0.0364256596764211,0.03014373779296875,7902,0.0,77.19189453125,0.5711490548018253,0.5970944947365558,0.5507754981517792,15,20
23,20,35,50,15,0.5,0.0005661525706310615,32,75,0.0001,0.1,5,3,0.7,False,42,85,85,0.9318181818181818,0.9333333333333333,0.9958592132505176,44,3.126126413990278,0.0013684100122191012,0.03110022755043412,0.03014373779296875,7902,0.0,77.19189453125,0.5944135457728849,0.6035762070254846,0.5653297781944275,10,15
23,20,35,50,15,0.5,0.0005661525706310615,32,75,0.0001,0.1,5,3,0.7,False,42,86,86,0.7272727272727273,0.7692307692307693,0.8964803312629399,44,1.9312719379668124,0.001592252985574305,0.036187567853961475,0.03014373779296875,7902,0.0,77.19189453125,0.600874561252016,0.6534409701372638,0.6209423542022705,4,9
23,20,35,50,15,0.5,0.0005661525706310615,32,75,0.0001,0.1,5,3,0.7,False,42,87,87,0.6,0.6785714285714286,0.7371541501976285,45,4.812705056974664,0.0014161120052449405,0.03146915567210979,0.03014373779296875,7902,0.0,77.19189453125,0.5545198215228139,0.5579991230007374,0.5802840789159139,18,23
23,20,35,50,15,0.5,0.0005661525706310615,32,75,0.0001,0.1,5,3,0.7,False,42,88,88,0.6,0.576923076923077,0.6111111111111112,55,2.493803515972104,0.0017848769784905016,0.032452308699827306,0.03014373779296875,7902,0.0,77.19189453125,0.5784067457372492,0.6087238217393557,0.5864931484063466,7,12
23,20,35,50,15,0.5,0.0005661525706310615,32,75,0.0001,0.1,5,3,0.7,False,42,89,89,0.6,0.4,0.6031746031746033,45,4.168136242951732,0.0014293119893409312,0.03176248865202069,0.03014373779296875,7902,0.0,77.19189453125,0.5507151263229775,0.5835982624328497,0.5781734267870585,15,20
23,20,35,50,15,0.5,0.0005661525706310615,32,75,0.0001,0.1,5,3,0.7,False,42,90,90,0.6444444444444445,0.5789473684210527,0.7608695652173912,45,3.2238385360105895,0.0014358070329762995,0.03190682295502888,0.03014373779296875,7902,0.0,77.19189453125,0.5843095917141798,0.5997541409098741,0.575178184111913,10,15
23,20,35,50,15,0.5,0.0005661525706310615,32,75,0.0001,0.1,5,3,0.7,False,42,91,91,0.6363636363636364,0.6666666666666667,0.7789256198347108,44,4.1975140970316716,0.0015981890028342605,0.03632247733714228,0.03014373779296875,7902,0.0,77.19189453125,0.5625550376646447,0.5813761021603238,0.5768692076206208,15,20
23,20,35,50,15,0.5,0.0005661525706310615,32,75,0.0001,0.1,5,3,0.7,False,42,92,92,0.6964285714285714,0.6666666666666666,0.75,56,3.988119399989955,0.0017628059722483158,0.031478678075862784,0.03014373779296875,7902,0.0,77.19189453125,0.5682379151835586,0.5760429449605219,0.6073221087455749,14,19
23,20,35,50,15,0.5,0.0005661525706310615,32,75,0.0001,0.1,5,3,0.7,False,42,93,93,0.8222222222222222,0.8181818181818182,0.9130434782608696,45,3.2190965180052444,0.0014251209795475006,0.03166935510105556,0.03014373779296875,7902,0.0078125,77.19189453125,0.5890024904951905,0.5996621729749622,0.5875249683856965,10,15
23,20,35,50,15,0.5,0.0005661525706310615,32,75,0.0001,0.1,5,3,0.7,False,42,94,94,0.9545454545454546,0.9545454545454545,1.0,44,3.8535745270201005,0.0013869170215912163,0.03152084139980037,0.03014373779296875,7902,0.0,77.19189453125,0.5711685132348177,0.5880257415049004,0.5886897226174672,13,18
23,20,35,50,15,0.5,0.0005661525706310615,32,75,0.0001,0.1,5,3,0.7,False,42,95,95,0.7142857142857143,0.6666666666666666,0.7708333333333333,28,2.1388124500517733,0.0008355170139111578,0.029839893353969922,0.03014373779296875,7902,0.00390625,77.19189453125,0.5954322216637207,0.6357990394939076,0.5812828540802002,5,10
23,20,35,50,15,0.5,0.0005661525706310615,32,75,0.0001,0.1,5,3,0.7,False,42,96,96,0.6904761904761905,0.7234042553191489,0.7210884353741496,42,4.255421212001238,0.0014297309680841863,0.03404121352581396,0.03014373779296875,7902,0.0,77.19189453125,0.5628556227593711,0.573842003941536,0.5695250332355499,15,20
23,20,35,50,15,0.5,0.0005661525706310615,32,75,0.0001,0.1,5,3,0.7,False,42,97,97,0.5909090909090909,0.6086956521739131,0.6239669421487603,44,3.165105087973643,0.0014313370338641107,0.03253038713327524,0.03014373779296875,7902,0.0,77.19189453125,0.5770832060864477,0.5941947497653238,0.5825021028518677,10,15
23,20,35,50,15,0.5,0.0005661525706310615,32,75,0.0001,0.1,5,3,0.7,False,42,98,98,0.6444444444444445,0.7037037037037037,0.7114624505928853,45,2.9180407649837434,0.0015237379702739418,0.03386084378386538,0.03014373779296875,7902,0.0,77.19189453125,0.5780345336957411,0.5936212307124427,0.5876057028770447,9,14
23,20,35,50,15,0.5,0.0005661525706310615,32,75,0.0001,0.1,5,3,0.7,False,42,99,99,0.5116279069767442,0.3636363636363636,0.5714285714285714,43,3.196096926985774,0.0014075899962335825,0.03273465107519959,0.03014373779296875,7902,0.0,77.19189453125,0.5824386588100231,0.5941602472554554,0.584046338001887,10,15
23,20,35,50,15,0.5,0.0005661525706310615,32,75,0.0001,0.1,5,3,0.7,False,42,100,100,0.5277777777777778,0.6530612244897959,0.6358024691358024,36,5.423977678001393,0.0014854639885015786,0.041262888569488294,0.03014373779296875,7902,0.0,77.19189453125,0.5501161391536394,0.5724949066837629,0.5461459457874298,21,26
23,20,35,50,15,0.5,0.0005661525706310615,32,75,0.0001,0.1,5,3,0.7,False,42,101,101,0.5333333333333333,0.4324324324324324,0.6778656126482213,45,3.1923097990220413,0.001391457044519484,0.030921267655988537,0.03014373779296875,7902,0.0,77.19189453125,0.5878306182496476,0.6000427183779803,0.577553512652715,10,15
23,20,35,50,15,0.5,0.0005661525706310615,32,75,0.0001,0.1,5,3,0.7,False,42,102,102,0.8,0.8085106382978724,0.849802371541502,45,3.9591546099982224,0.0014047279837541282,0.031216177416758403,0.03014373779296875,7902,0.0,77.19189453125,0.5607598372029535,0.587561630164132,0.5944279690583547,14,19
23,20,35,50,15,0.5,0.0005661525706310615,32,75,0.0001,0.1,5,3,0.7,False,42,103,103,0.7441860465116279,0.6857142857142857,0.8701298701298701,43,2.366220427036751,0.0014159719576127827,0.0329295804095996,0.03014373779296875,7902,0.0,77.19189453125,0.5840494386626013,0.6196906521464839,0.5803765455881754,6,11
23,20,35,50,15,0.5,0.0005661525706310615,32,75,0.0001,0.1,5,3,0.7,False,42,104,104,0.5116279069767442,0.6181818181818182,0.7077922077922078,43,2.90613505395595,0.001381399983074516,0.032125581001732934,0.03014373779296875,7902,0.0,77.19189453125,0.5715620276151281,0.5948212065479972,0.5632038354873657,9,14
23,20,35,50,15,0.5,0.0005661525706310615,32,75,0.0001,0.1,5,3,0.7,False,42,105,105,0.5555555555555556,0.5833333333333334,0.6936758893280632,45,2.690935830993112,0.0013595399796031415,0.03021199954673648,0.03014373779296875,7902,0.0,77.19189453125,0.5794762488115918,0.6035374829714949,0.5914342661698659,8,13
23,20,35,50,15,0.5,0.0005661525706310615,32,75,0.0001,0.1,5,3,0.7,False,42,106,106,0.5777777777777777,0.5581395348837208,0.5892857142857143,45,6.251467712980229,0.0014603220042772591,0.0324516000950502,0.03014373779296875,7902,0.0,77.19189453125,0.5460202264966387,0.5526700670068915,0.5671280801296235,25,30
23,20,35,50,15,0.5,0.0005661525706310615,32,75,0.0001,0.1,5,3,0.7,False,42,107,107,0.4666666666666667,0.4782608695652174,0.5456349206349206,45,4.491447748965584,0.0013812609831802547,0.030694688515116766,0.03014373779296875,7902,0.0,77.19189453125,0.5495860599207155,0.5739659648953062,0.5651758511861166,16,21
23,20,35,50,15,0.5,0.0005661525706310615,32,75,0.0001,0.1,5,3,0.7,False,42,108,108,0.8444444444444444,0.8444444444444444,0.9268774703557312,45,3.983938840974588,0.0013734379899688065,0.030520844221529033,0.03014373779296875,7902,0.0,77.19189453125,0.5520887009122155,0.5832945530613264,0.5993867894013722,14,19
