parameter_name,parameter_value,F1,D,F2,kernel_length,dropout_rate,learning_rate,batch_size,epochs,weight_decay,validation_fraction,early_stopping_patience,lr_scheduler_patience,lr_scheduler_factor,use_class_weight,seed,fold,subject,accuracy,f1_score,roc_auc,support,train_time_sec,inference_time_sec,inference_ms_per_sample,model_size_mb,num_parameters,train_memory_delta_mb,peak_gpu_memory_mb,final_train_loss,best_train_loss,best_val_loss,best_epoch,stopped_epoch
D,1,8,1,8,64,0.3,0.001,32,50,0.0,0.1,10,5,0.5,True,42,1,1,0.7111111111111111,0.7450980392156864,0.7648221343873517,45,31.769191754981875,0.00374807498883456,0.08329055530743466,0.00431060791015625,1130,0.6640625,25.00146484375,0.5890508689212076,0.6005061074639811,0.5674602965513865,39,49
D,1,8,1,8,64,0.3,0.001,32,50,0.0,0.1,10,5,0.5,True,42,2,2,0.8666666666666667,0.85,0.9525691699604744,45,32.54588427999988,0.0037589709972962737,0.08353268882880609,0.00431060791015625,1130,0.0,25.00146484375,0.5996684050469687,0.5935327537132032,0.5697081804275512,46,50
D,1,8,1,8,64,0.3,0.001,32,50,0.0,0.1,10,5,0.5,True,42,3,3,0.3333333333333333,0.34782608695652173,0.3300395256916996,45,26.589559685031418,0.003901235992088914,0.08669413315753143,0.00431060791015625,1130,0.0625,25.00146484375,0.5939302715388212,0.5962197222944462,0.5720467944939931,31,41
D,1,8,1,8,64,0.3,0.001,32,50,0.0,0.1,10,5,0.5,True,42,4,4,0.4888888888888889,0.6567164179104478,0.7806324110671936,45,32.47342746698996,0.003924563992768526,0.08721253317263392,0.00431060791015625,1130,0.0,25.00146484375,0.5865161506967111,0.5906541040449431,0.5578267594178518,49,50
D,1,8,1,8,64,0.3,0.001,32,50,0.0,0.1,10,5,0.5,True,42,5,5,0.4444444444444444,0.5614035087719298,0.3948412698412699,45,32.50680777098751,0.003996430023107678,0.0888095560690595,0.00431060791015625,1130,0.0,25.00146484375,0.5916346422199047,0.5916346422199047,0.5836635708808899,50,50
D,1,8,1,8,64,0.3,0.001,32,50,0.0,0.1,10,5,0.5,True,42,6,6,0.4888888888888889,0.20689655172413796,0.5218253968253969,45,25.38918791897595,0.0037496130098588765,0.08332473355241948,0.00431060791015625,1130,0.0,25.00146484375,0.591289413923567,0.5994645293914911,0.589121013879776,29,39
D,1,8,1,8,64,0.3,0.001,32,50,0.0,0.1,10,5,0.5,True,42,7,7,0.9111111111111111,0.9130434782608695,0.9881422924901186,45,29.885163936996832,0.0038800049806013703,0.08622233290225267,0.00431060791015625,1130,0.0625,25.00146484375,0.5842623209411447,0.5944988276019241,0.5673966507116953,36,46
D,1,8,1,8,64,0.3,0.001,32,50,0.0,0.1,10,5,0.5,True,42,8,8,0.6888888888888889,0.6666666666666666,0.7707509881422925,45,32.507698865025304,0.003815891977865249,0.08479759950811665,0.00431060791015625,1130,0.0,25.00146484375,0.5942890307668484,0.5914058150215582,0.5810197075208028,44,50
D,1,8,1,8,64,0.3,0.001,32,50,0.0,0.1,10,5,0.5,True,42,9,9,0.5555555555555556,0.4444444444444444,0.6448412698412698,45,20.27760217798641,0.0038694600225426257,0.08598800050094724,0.00431060791015625,1130,0.0,25.00146484375,0.6070315971067457,0.6063065971388961,0.586554765701294,21,31
D,1,8,1,8,64,0.3,0.001,32,50,0.0,0.1,10,5,0.5,True,42,10,10,0.6444444444444445,0.6666666666666666,0.7043650793650793,45,20.862452019995544,0.003882381017319858,0.08627513371821907,0.00431060791015625,1130,0.0,25.00146484375,0.597374255684289,0.5986509262160822,0.5927714745203654,22,32
D,1,8,1,8,64,0.3,0.001,32,50,0.0,0.1,10,5,0.5,True,42,11,11,0.5555555555555556,0.6,0.5691699604743083,45,24.922191669000313,0.003966399992350489,0.08814222205223309,0.00431060791015625,1130,0.0,25.00146484375,0.599316576665098,0.593308978685827,0.5740900993347168,28,38
D,1,8,1,8,64,0.3,0.001,32,50,0.0,0.1,10,5,0.5,True,42,12,12,0.6888888888888889,0.5882352941176471,0.878968253968254,45,33.39354840002488,0.004692813032306731,0.10428473405126068,0.00431060791015625,1130,0.0,25.00146484375,0.5961906864787593,0.5993543050505898,0.5825255215167999,41,50
D,1,8,1,8,64,0.3,0.001,32,50,0.0,0.1,10,5,0.5,True,42,13,13,0.7428571428571429,0.7428571428571428,0.911764705882353,35,35.213871308020316,0.0046189220156520605,0.13196920044720173,0.00431060791015625,1130,0.0,25.00146484375,0.5876565103729566,0.5869458421613231,0.5989011247952779,43,50
D,1,8,1,8,64,0.3,0.001,32,50,0.0,0.1,10,5,0.5,True,42,14,14,0.6444444444444445,0.6666666666666666,0.7727272727272727,45,35.38787236297503,0.004805676988326013,0.1067928219628003,0.00431060791015625,1130,0.0,25.00146484375,0.5841162525343172,0.5888684064601407,0.5819466749827067,41,50
D,1,8,1,8,64,0.3,0.001,32,50,0.0,0.1,10,5,0.5,True,42,15,15,0.7111111111111111,0.7719298245614035,0.974308300395257,45,23.791035364964046,0.004673607996664941,0.10385795548144314,0.00431060791015625,1130,0.0,25.00146484375,0.6033676241834959,0.6065689194383044,0.5829375286897024,24,34
D,1,8,1,8,64,0.3,0.001,32,50,0.0,0.1,10,5,0.5,True,42,16,16,0.6888888888888889,0.6818181818181819,0.7549407114624506,45,35.416477427002974,0.00466571596916765,0.10368257709261443,0.00431060791015625,1130,0.0,25.00146484375,0.5848074930183815,0.5901678617704998,0.5822894672552744,48,50
D,1,8,1,8,64,0.3,0.001,32,50,0.0,0.1,10,5,0.5,True,42,17,17,0.5952380952380952,0.2608695652173913,0.6818181818181818,42,35.23388724803226,0.0046210880391299725,0.11002590569357078,0.00431060791015625,1130,0.0,25.00146484375,0.5929102879582029,0.5901584419788737,0.6060659507910411,46,50
D,1,8,1,8,64,0.3,0.001,32,50,0.0,0.1,10,5,0.5,True,42,18,18,0.5555555555555556,0.6969696969696969,0.3932806324110672,45,16.13985821401002,0.004565565031953156,0.10145700071007013,0.00431060791015625,1130,0.0,25.00146484375,0.6007126307848728,0.6127476380629973,0.598995731274287,13,23
D,1,8,1,8,64,0.3,0.001,32,50,0.0,0.1,10,5,0.5,True,42,19,19,0.6222222222222222,0.711864406779661,0.7944664031620553,45,35.338915912027005,0.00672127102734521,0.1493615783854491,0.00431060791015625,1130,0.0,25.00146484375,0.5885962243333007,0.5885962243333007,0.5639915764331818,50,50
D,1,8,1,8,64,0.3,0.001,32,50,0.0,0.1,10,5,0.5,True,42,20,20,0.6222222222222222,0.4848484848484849,0.6600790513833992,45,35.08619159105001,0.004675704054534435,0.10390453454520968,0.00431060791015625,1130,0.0,25.00146484375,0.601069459860975,0.5908935535134692,0.5706433574358623,47,50
D,1,8,1,8,64,0.3,0.001,32,50,0.0,0.1,10,5,0.5,True,42,21,21,0.5333333333333333,0.6666666666666666,0.8154761904761905,45,35.13609316101065,0.004342772997915745,0.09650606662034988,0.00431060791015625,1130,0.0,25.00146484375,0.5896963102347923,0.5934463014656847,0.5860970338185628,45,50
D,1,8,1,8,64,0.3,0.001,32,50,0.0,0.1,10,5,0.5,True,42,22,22,0.5111111111111111,0.5925925925925926,0.5810276679841897,45,31.70849301898852,0.0038258800050243735,0.0850195556672083,0.00431060791015625,1130,0.0,25.00146484375,0.5901125080206178,0.5962816474564148,0.5914248148600261,35,45
D,1,8,1,8,64,0.3,0.001,32,50,0.0,0.1,10,5,0.5,True,42,23,23,0.6363636363636364,0.7142857142857143,0.8367768595041323,44,35.138817804981954,0.003222386003471911,0.07323604553345253,0.00431060791015625,1130,0.0,25.00146484375,0.5973531985373208,0.591877374910947,0.5991661310195923,43,50
D,1,8,1,8,64,0.3,0.001,32,50,0.0,0.1,10,5,0.5,True,42,24,24,0.5,0.64,0.5844155844155844,18,22.798015894019045,0.0033016559900715947,0.18342533278175524,0.00431060791015625,1130,0.0,25.00146484375,0.5975388644781328,0.6050168598504891,0.6139044125874837,22,32
D,1,8,1,8,64,0.3,0.001,32,50,0.0,0.1,10,5,0.5,True,42,25,25,0.6444444444444445,0.5555555555555555,0.7865612648221344,45,26.73620594397653,0.004611660027876496,0.10248133395281103,0.00431060791015625,1130,0.0,25.00146484375,0.5927754042275024,0.598479111763564,0.588634846607844,28,38
D,1,8,1,8,64,0.3,0.001,32,50,0.0,0.1,10,5,0.5,True,42,26,26,0.5111111111111111,0.65625,0.8273809523809524,45,19.71469218697166,0.004738001967780292,0.10528893261733982,0.00431060791015625,1130,0.0,25.00146484375,0.608428325391177,0.6080770165179715,0.5951855063438416,18,28
D,1,8,1,8,64,0.3,0.001,32,50,0.0,0.1,10,5,0.5,True,42,27,27,0.5555555555555556,0.6296296296296297,0.6383399209486167,45,25.991083708009683,0.004707760992459953,0.1046169109435545,0.00431060791015625,1130,0.0,25.00146484375,0.599935431823586,0.5992870721401591,0.5799773156642913,27,37
D,1,8,1,8,64,0.3,0.001,32,50,0.0,0.1,10,5,0.5,True,42,28,28,0.4888888888888889,0.46511627906976744,0.4683794466403162,45,28.13422852900112,0.0038084209663793445,0.08463157703065209,0.00431060791015625,1130,0.0,25.00146484375,0.5925186712181929,0.6040516518282167,0.5897040645281474,30,40
D,1,8,1,8,64,0.3,0.001,32,50,0.0,0.1,10,5,0.5,True,42,29,29,0.8888888888888888,0.8979591836734693,0.9861660079051384,45,35.33454468601849,0.005953163024969399,0.13229251166598666,0.00431060791015625,1130,0.0,25.00146484375,0.5889403953245191,0.5897045239354625,0.578873465458552,45,50
D,1,8,1,8,64,0.3,0.001,32,50,0.0,0.1,10,5,0.5,True,42,30,30,0.6,0.6896551724137931,0.6884920634920635,45,35.340617030044086,0.004668510984629393,0.10374468854731984,0.00431060791015625,1130,0.0,25.00146484375,0.5930754634918589,0.5941642531842897,0.590341345469157,48,50
D,1,8,1,8,64,0.3,0.001,32,50,0.0,0.1,10,5,0.5,True,42,31,31,0.8444444444444444,0.8444444444444444,0.8636363636363635,45,21.21665826399112,0.004767544975038618,0.10594544388974707,0.00431060791015625,1130,0.0,25.00146484375,0.6021101400256157,0.6062306066354116,0.5971317251523336,20,30
D,1,8,1,8,64,0.3,0.001,32,50,0.0,0.1,10,5,0.5,True,42,32,32,0.7272727272727273,0.7499999999999999,0.8281573498964804,44,35.17067232797854,0.00455900002270937,0.1036136368797584,0.00431060791015625,1130,0.0,25.00146484375,0.590503930819757,0.5904286047725966,0.5805159191290538,45,50
D,1,8,1,8,64,0.3,0.001,32,50,0.0,0.1,10,5,0.5,True,42,33,33,0.6444444444444445,0.5555555555555556,0.8142292490118577,45,35.43421605497133,0.00479303696192801,0.10651193248728912,0.00431060791015625,1130,0.0,25.00146484375,0.5845332233743235,0.5775247369751786,0.5739823579788208,49,50
D,1,8,1,8,64,0.3,0.001,32,50,0.0,0.1,10,5,0.5,True,42,34,34,0.8,0.823529411764706,0.9325396825396826,45,35.171308295975905,0.00599262397736311,0.1331694217191802,0.00431060791015625,1130,0.0,25.00146484375,0.5878983239332835,0.5878983239332835,0.5869947950045268,50,50
D,1,8,1,8,64,0.3,0.001,32,50,0.0,0.1,10,5,0.5,True,42,35,35,0.7111111111111111,0.6285714285714286,0.875494071146245,45,35.126703699002974,0.004706155974417925,0.10458124387595388,0.00431060791015625,1130,0.0,25.00146484375,0.5905240668040334,0.5884459813435873,0.5845830241839091,40,50
D,1,8,1,8,64,0.3,0.001,32,50,0.0,0.1,10,5,0.5,True,42,36,36,0.5227272727272727,0.6037735849056604,0.5516528925619835,44,30.270380602043588,0.004760631010867655,0.10819615933790125,0.00431060791015625,1130,0.0,25.00146484375,0.591542332461386,0.596236443203507,0.5850974341233571,33,43
D,1,8,1,8,64,0.3,0.001,32,50,0.0,0.1,10,5,0.5,True,42,37,37,0.5111111111111111,0.0,0.5711462450592886,45,26.053403288009576,0.005952185019850731,0.13227077821890512,0.00431060791015625,1130,0.0,25.00146484375,0.5989312251860445,0.5957887314937331,0.5846013188362121,27,37
D,1,8,1,8,64,0.3,0.001,32,50,0.0,0.1,10,5,0.5,True,42,38,38,0.6,0.55,0.6778656126482214,45,29.63710331299808,0.00435737002408132,0.09683044497958489,0.00431060791015625,1130,0.0,25.00146484375,0.5947265234408956,0.5945261696522887,0.5785507917404175,32,42
D,1,8,1,8,64,0.3,0.001,32,50,0.0,0.1,10,5,0.5,True,42,39,39,0.5909090909090909,0.64,0.6583850931677018,44,35.32438666204689,0.004947314970195293,0.11243897659534759,0.00431060791015625,1130,0.0,25.00146484375,0.58783607275197,0.588347143973365,0.5699674824873606,41,50
D,1,8,1,8,64,0.3,0.001,32,50,0.0,0.1,10,5,0.5,True,42,40,40,0.4,0.5423728813559322,0.45634920634920634,45,31.632391677005216,0.004371758026536554,0.09715017836747898,0.00431060791015625,1130,0.0,25.00146484375,0.5898920760461779,0.5947356574011572,0.5955960551897684,35,45
D,1,8,1,8,64,0.3,0.001,32,50,0.0,0.1,10,5,0.5,True,42,41,41,0.5333333333333333,0.6666666666666666,0.7142857142857142,45,31.00137838104274,0.004619762999936938,0.10266139999859862,0.00431060791015625,1130,0.0,25.00146484375,0.5968974686481736,0.5932034260847352,0.575472754240036,34,44
D,1,8,1,8,64,0.3,0.001,32,50,0.0,0.1,10,5,0.5,True,42,42,42,0.8888888888888888,0.878048780487805,0.9644268774703557,45,31.791173356003128,0.0038938369834795594,0.0865297107439902,0.00431060791015625,1130,0.0,25.00146484375,0.5970245904543183,0.6051123047416861,0.6017182568709055,35,45
D,1,8,1,8,64,0.3,0.001,32,50,0.0,0.1,10,5,0.5,True,42,43,43,0.8666666666666667,0.8571428571428572,0.9604743083003953,45,32.46995616896311,0.004639247956220061,0.10309439902711245,0.00431060791015625,1130,0.0,25.00146484375,0.5963954072106968,0.6003778635552435,0.589908915758133,36,46
D,1,8,1,8,64,0.3,0.001,32,50,0.0,0.1,10,5,0.5,True,42,44,44,0.896551724137931,0.9032258064516129,0.9095238095238094,29,23.36940217600204,0.0010697519755922258,0.03688799915835261,0.00431060791015625,1130,0.0,25.00146484375,0.600591917155367,0.602376442741264,0.599029928445816,23,33
D,1,8,1,8,64,0.3,0.001,32,50,0.0,0.1,10,5,0.5,True,42,45,45,0.6666666666666666,0.5161290322580644,0.790513833992095,45,23.358815999992657,0.004712162015493959,0.10471471145542131,0.00431060791015625,1130,0.0234375,25.00146484375,0.5936159703767661,0.600047389214689,0.5892940501372019,23,33
D,1,8,1,8,64,0.3,0.001,32,50,0.0,0.1,10,5,0.5,True,42,46,46,0.7111111111111111,0.7234042553191491,0.8221343873517787,45,38.68040007300442,0.004687717009801418,0.10417148910669817,0.00431060791015625,1130,0.0,25.00146484375,0.5844333067987905,0.6014841734008356,0.5881289740403494,44,50
D,1,8,1,8,64,0.3,0.001,32,50,0.0,0.1,10,5,0.5,True,42,47,47,0.5333333333333333,0.6181818181818182,0.5238095238095237,45,40.33775608200813,0.007677254965528846,0.17060566590064102,0.00431060791015625,1130,0.0,25.00146484375,0.5843750206810056,0.5940412538069667,0.6103091359138488,49,50
D,1,8,1,8,64,0.3,0.001,32,50,0.0,0.1,10,5,0.5,True,42,48,48,0.7058823529411765,0.7058823529411764,0.9142857142857144,17,29.653760189015884,0.0019832009566016495,0.11665887980009702,0.00431060791015625,1130,0.0,25.00146484375,0.5942224315682748,0.6029887125456244,0.6026797771453858,26,36
D,1,8,1,8,64,0.3,0.001,32,50,0.0,0.1,10,5,0.5,True,42,49,49,0.5777777777777777,0.6984126984126985,0.9090909090909091,45,23.747444092994556,0.0045261759660206735,0.10058168813379276,0.00431060791015625,1130,0.0,25.00146484375,0.6015114892612804,0.6076096312114687,0.5934893965721131,19,29
D,1,8,1,8,64,0.3,0.001,32,50,0.0,0.1,10,5,0.5,True,42,50,50,0.5555555555555556,0.4117647058823529,0.5968379446640316,45,30.60804562503472,0.0068662629928439856,0.15258362206319967,0.00431060791015625,1130,0.0,25.00146484375,0.6003560509645578,0.5951709431229215,0.584244414170583,28,38
D,1,8,1,8,64,0.3,0.001,32,50,0.0,0.1,10,5,0.5,True,42,51,51,0.6222222222222222,0.4137931034482759,0.6527777777777778,45,40.616177321993746,0.0044470460270531476,0.0988232450456255,0.00431060791015625,1130,0.0,25.00146484375,0.5966038435246005,0.5880537164030653,0.5985354920228322,48,50
D,1,8,1,8,64,0.3,0.001,32,50,0.0,0.1,10,5,0.5,True,42,52,52,0.7804878048780488,0.7096774193548387,0.8899521531100478,41,34.875921177037526,0.004414430994074792,0.10766904863597053,0.00431060791015625,1130,0.0,25.00146484375,0.5958731445399198,0.5994818156415765,0.5841523865858714,33,43
D,1,8,1,8,64,0.3,0.001,32,50,0.0,0.1,10,5,0.5,True,42,53,53,0.4883720930232558,0.56,0.5324675324675325,43,40.603517376002856,0.0044572430197149515,0.10365681441197562,0.00431060791015625,1130,0.0,25.00146484375,0.5898323115525823,0.5975459771174373,0.5855035920937856,44,50
D,1,8,1,8,64,0.3,0.001,32,50,0.0,0.1,10,5,0.5,True,42,54,54,0.7692307692307693,0.7272727272727272,0.7961956521739131,39,40.599967725982424,0.0044605250004678965,0.11437243590943325,0.00431060791015625,1130,0.0,25.00146484375,0.586649498704708,0.5820460771069382,0.5799350957075755,42,50
D,1,8,1,8,64,0.3,0.001,32,50,0.0,0.1,10,5,0.5,True,42,55,55,0.7555555555555555,0.6666666666666666,0.9683794466403162,45,24.3856457490474,0.007814423006493598,0.17365384458874664,0.00431060791015625,1130,0.0,25.00146484375,0.5983858438152255,0.6044878420053106,0.5981556415557862,20,30
D,1,8,1,8,64,0.3,0.001,32,50,0.0,0.1,10,5,0.5,True,42,56,56,0.8636363636363636,0.8636363636363636,0.9338842975206612,44,40.98975231003715,0.004490976047236472,0.10206763743719256,0.00431060791015625,1130,0.0,25.00146484375,0.5806195313731829,0.5917976810173555,0.6018111069997152,44,50
D,1,8,1,8,64,0.3,0.001,32,50,0.0,0.1,10,5,0.5,True,42,57,57,0.5555555555555556,0.5454545454545454,0.625,45,26.967107207980007,0.004569267970509827,0.10153928823355171,0.00431060791015625,1130,0.0,25.00146484375,0.5952520329843868,0.6031163646416231,0.5968799273173014,23,33
D,1,8,1,8,64,0.3,0.001,32,50,0.0,0.1,10,5,0.5,True,42,58,58,0.6888888888888889,0.6500000000000001,0.7341269841269841,45,33.487503426964395,0.0045421000104397535,0.10093555578755008,0.00431060791015625,1130,0.0,25.00146484375,0.5907210192897103,0.5973627499558709,0.6021830201148987,31,41
D,1,8,1,8,64,0.3,0.001,32,50,0.0,0.1,10,5,0.5,True,42,59,59,0.6,0.35714285714285715,0.5396825396825398,45,22.69266612001229,0.007712036021985114,0.17137857826633585,0.00431060791015625,1130,0.0,25.00146484375,0.5988928939808499,0.6069980742353381,0.5960688948631286,18,28
D,1,8,1,8,64,0.3,0.001,32,50,0.0,0.1,10,5,0.5,True,42,60,60,0.7727272727272727,0.7826086956521738,0.8884297520661156,44,21.27093328401679,0.007907869992777705,0.17972431801767513,0.00431060791015625,1130,0.0,25.00146484375,0.6149414202029054,0.6135404640526483,0.6059024771054585,16,26
D,1,8,1,8,64,0.3,0.001,32,50,0.0,0.1,10,5,0.5,True,42,61,61,0.7441860465116279,0.7441860465116279,0.8441558441558442,43,17.852323628030717,0.0077406009659171104,0.18001397595156068,0.00431060791015625,1130,0.0,25.00146484375,0.5987096882679246,0.6210983808745038,0.6059643824895223,12,22
D,1,8,1,8,64,0.3,0.001,32,50,0.0,0.1,10,5,0.5,True,42,62,62,0.8666666666666667,0.8421052631578948,0.9802371541501976,45,37.84434496500762,0.004461642995011061,0.09914762211135693,0.00431060791015625,1130,0.0,25.00146484375,0.5953616357662461,0.5949426440126968,0.6152265230814616,36,46
D,1,8,1,8,64,0.3,0.001,32,50,0.0,0.1,10,5,0.5,True,42,63,63,0.5348837209302325,0.28571428571428575,0.42640692640692646,43,32.65441346500302,0.004437618015799671,0.10320041897208537,0.00431060791015625,1130,0.0,25.00146484375,0.6041148374929572,0.6056967939842831,0.6070841034253438,30,40
D,1,8,1,8,64,0.3,0.001,32,50,0.0,0.1,10,5,0.5,True,42,64,64,0.7111111111111111,0.7450980392156864,0.8063241106719368,45,31.018547543964814,0.004456894006580114,0.09904208903511365,0.00431060791015625,1130,0.0,25.00146484375,0.5989300136764845,0.6010956983223106,0.6051988343397776,28,38
D,1,8,1,8,64,0.3,0.001,32,50,0.0,0.1,10,5,0.5,True,42,65,65,0.8444444444444444,0.8292682926829269,0.8789682539682541,45,32.008029857010115,0.0026184740127064288,0.058188311393476196,0.00431060791015625,1130,0.0,25.00146484375,0.5876125673001463,0.5990961444648829,0.6065141061941782,29,39
D,1,8,1,8,64,0.3,0.001,32,50,0.0,0.1,10,5,0.5,True,42,66,66,0.5555555555555556,0.6153846153846154,0.6225296442687748,45,28.257365499041043,0.004649095993954688,0.10331324431010419,0.00431060791015625,1130,0.0,25.00146484375,0.5864433777151685,0.5984340691656778,0.6030583679676056,31,41
D,1,8,1,8,64,0.3,0.001,32,50,0.0,0.1,10,5,0.5,True,42,67,67,0.6,0.55,0.6482213438735178,45,31.050005834025797,0.0047816039877943695,0.10625786639543044,0.00431060791015625,1130,0.0,25.00146484375,0.5946935801343485,0.5976987668510639,0.6093125581741333,34,44
D,1,8,1,8,64,0.3,0.001,32,50,0.0,0.1,10,5,0.5,True,42,68,68,0.5333333333333333,0.4,0.6205533596837944,45,35.08153410098748,0.0039676440064795315,0.08816986681065625,0.00431060791015625,1130,0.0,25.00146484375,0.5852019585894815,0.5900016634753256,0.5945850888888041,46,50
D,1,8,1,8,64,0.3,0.001,32,50,0.0,0.1,10,5,0.5,True,42,69,69,0.5555555555555556,0.6296296296296297,0.611111111111111,45,26.88576982798986,0.004768457030877471,0.10596571179727714,0.00431060791015625,1130,0.0,25.00146484375,0.5837005047184048,0.5980974180680333,0.6269812822341919,28,38
D,1,8,1,8,64,0.3,0.001,32,50,0.0,0.1,10,5,0.5,True,42,70,70,0.7333333333333333,0.7391304347826085,0.7984189723320158,45,25.483740962983575,0.004685548017732799,0.10412328928295109,0.00431060791015625,1130,0.0,25.00146484375,0.5989502828681108,0.6074784623854088,0.6171366651852925,26,36
D,1,8,1,8,64,0.3,0.001,32,50,0.0,0.1,10,5,0.5,True,42,71,71,0.9111111111111111,0.9130434782608695,0.9822134387351779,45,31.2278583929874,0.004614790028426796,0.10255088952059548,0.00431060791015625,1130,0.0,25.00146484375,0.5952397354624488,0.5994707036650542,0.6168143649895986,34,44
D,1,8,1,8,64,0.3,0.001,32,50,0.0,0.1,10,5,0.5,True,42,72,72,0.8,0.8235294117647057,0.9347826086956521,45,19.748548084986396,0.003651864011771977,0.08115253359493282,0.00431060791015625,1130,0.0,25.00146484375,0.590535165911371,0.6019120539228121,0.6124822119871776,18,28
D,1,8,1,8,64,0.3,0.001,32,50,0.0,0.1,10,5,0.5,True,42,73,73,0.5777777777777777,0.4242424242424242,0.691699604743083,45,25.541784820030443,0.0036464830045588315,0.08103295565686293,0.00431060791015625,1130,0.0625,25.00146484375,0.5898745195432142,0.6012286281946934,0.6120777467886607,26,36
D,1,8,1,8,64,0.3,0.001,32,50,0.0,0.1,10,5,0.5,True,42,74,74,0.4666666666666667,0.625,0.6130952380952381,45,16.12337813002523,0.004039833031129092,0.08977406735842428,0.00431060791015625,1130,0.0,25.00146484375,0.5929243880690951,0.6141241149920406,0.5982492009798686,13,23
D,1,8,1,8,64,0.3,0.001,32,50,0.0,0.1,10,5,0.5,True,42,75,75,0.8536585365853658,0.8571428571428572,0.9523809523809523,41,19.118466962012462,0.004786306992173195,0.11673919493105354,0.00431060791015625,1130,0.1640625,25.00146484375,0.6022712741837357,0.6143864621267174,0.5971192280451457,17,27
D,1,8,1,8,64,0.3,0.001,32,50,0.0,0.1,10,5,0.5,True,42,76,76,0.6222222222222222,0.7017543859649122,0.6422924901185771,45,28.258091249037534,0.004744186997413635,0.10542637772030301,0.00431060791015625,1130,0.0,25.00146484375,0.5899584828452631,0.6020541597496379,0.6161828597386678,30,40
D,1,8,1,8,64,0.3,0.001,32,50,0.0,0.1,10,5,0.5,True,42,77,77,0.6,0.6896551724137931,0.6845238095238095,45,17.66054642497329,0.0046606530086137354,0.10357006685808301,0.00431060791015625,1130,0.0,25.00146484375,0.6033119726361651,0.6115043779665773,0.6310691118240357,15,25
D,1,8,1,8,64,0.3,0.001,32,50,0.0,0.1,10,5,0.5,True,42,78,78,0.5333333333333333,0.6181818181818182,0.5849802371541503,45,35.299090186017565,0.004791949992068112,0.1064877776015136,0.00431060791015625,1130,0.0,25.00146484375,0.5959364487366243,0.5921894959879644,0.6042386770248414,45,50
D,1,8,1,8,64,0.3,0.001,32,50,0.0,0.1,10,5,0.5,True,42,79,79,0.55,0.608695652173913,0.6525,40,18.356609925045632,0.004751019994728267,0.11877549986820668,0.00431060791015625,1130,0.0,25.00146484375,0.602489422442335,0.6108939160000194,0.6002931833267212,16,26
D,1,8,1,8,64,0.3,0.001,32,50,0.0,0.1,10,5,0.5,True,42,80,80,0.6444444444444445,0.5789473684210527,0.7845849802371542,45,35.2636961209937,0.004637870006263256,0.10306377791696125,0.00431060791015625,1130,0.0,25.00146484375,0.5809659820162889,0.5885355235500769,0.6122306605180104,49,50
D,1,8,1,8,64,0.3,0.001,32,50,0.0,0.1,10,5,0.5,True,42,81,81,0.4888888888888889,0.0,0.841897233201581,45,30.320953162037767,0.00435961497714743,0.09688033282549845,0.00431060791015625,1130,0.0,25.00146484375,0.59383709999648,0.59890197285197,0.6136914412180583,33,43
D,1,8,1,8,64,0.3,0.001,32,50,0.0,0.1,10,5,0.5,True,42,82,82,0.6,0.7096774193548387,0.8537549407114624,45,31.18302420101827,0.0047456989996135235,0.1054599777691894,0.00431060791015625,1130,0.0,25.00146484375,0.5831170757160042,0.5899571579965678,0.6080581208070119,34,44
D,1,8,1,8,64,0.3,0.001,32,50,0.0,0.1,10,5,0.5,True,42,83,83,0.7894736842105263,0.7499999999999999,0.889196675900277,38,17.645244438026566,0.004545808013062924,0.11962652665955063,0.00431060791015625,1130,0.0,25.00146484375,0.6079673168785644,0.6141165433959528,0.614214285214742,15,25
D,1,8,1,8,64,0.3,0.001,32,50,0.0,0.1,10,5,0.5,True,42,84,84,0.6590909090909091,0.6808510638297872,0.761904761904762,44,31.911630620015785,0.004791089973878115,0.10888840849722989,0.00431060791015625,1130,0.0,25.00146484375,0.5914548924475005,0.5990425872080254,0.6123768250147502,35,45
D,1,8,1,8,64,0.3,0.001,32,50,0.0,0.1,10,5,0.5,True,42,85,85,0.8863636363636364,0.8936170212765957,0.9730848861283644,44,24.68348657898605,0.004585263028275222,0.10421052336989141,0.00431060791015625,1130,0.0,25.00146484375,0.5904508278225408,0.60828342920903,0.5999943077564239,25,35
D,1,8,1,8,64,0.3,0.001,32,50,0.0,0.1,10,5,0.5,True,42,86,86,0.75,0.7441860465116279,0.7950310559006211,44,20.54900258901762,0.00472103402717039,0.10729622789023614,0.00431060791015625,1130,0.0,25.00146484375,0.600578006244067,0.6117924413446224,0.6096834063529968,19,29
D,1,8,1,8,64,0.3,0.001,32,50,0.0,0.1,10,5,0.5,True,42,87,87,0.5111111111111111,0.6071428571428571,0.6106719367588933,45,35.27451708901208,0.004616966005414724,0.10259924456477165,0.00431060791015625,1130,0.0625,25.00146484375,0.5884543937264066,0.5934145012588212,0.5915985763072967,48,50
D,1,8,1,8,64,0.3,0.001,32,50,0.0,0.1,10,5,0.5,True,42,88,88,0.6,0.576923076923077,0.6679894179894179,55,21.09181425400311,0.004615776007995009,0.08392320014536381,0.00431060791015625,1130,0.0,25.00146484375,0.5990050566015821,0.6072509720018415,0.6066495259602864,20,30
D,1,8,1,8,64,0.3,0.001,32,50,0.0,0.1,10,5,0.5,True,42,89,89,0.4888888888888889,0.634920634920635,0.6567460317460317,45,19.848095052002463,0.004574917024001479,0.10166482275558843,0.00431060791015625,1130,0.0,25.00146484375,0.5999812603448377,0.6080338925574765,0.6114167491594951,18,28
D,1,8,1,8,64,0.3,0.001,32,50,0.0,0.1,10,5,0.5,True,42,90,90,0.6,0.5263157894736841,0.7312252964426877,45,29.09988011198584,0.004711035988293588,0.1046896886287464,0.00431060791015625,1130,0.0,25.00146484375,0.5954075920762438,0.6019407571716742,0.5893218437830607,31,41
D,1,8,1,8,64,0.3,0.001,32,50,0.0,0.1,10,5,0.5,True,42,91,91,0.75,0.7924528301886793,0.8078512396694215,44,35.48790015996201,0.00464293803088367,0.10552131888371977,0.00431060791015625,1130,0.0,25.00146484375,0.5859845772837148,0.5937574711261373,0.5993131816387176,41,50
D,1,8,1,8,64,0.3,0.001,32,50,0.0,0.1,10,5,0.5,True,42,92,92,0.6428571428571429,0.5833333333333334,0.7205128205128205,56,32.240381375013385,0.004796237975824624,0.08564710671115401,0.00431060791015625,1130,0.0,25.00146484375,0.5935611442634554,0.6007541171980627,0.6228485425313314,36,46
D,1,8,1,8,64,0.3,0.001,32,50,0.0,0.1,10,5,0.5,True,42,93,93,0.7555555555555555,0.7555555555555555,0.8596837944664032,45,35.3311470010085,0.006261511996854097,0.13914471104120213,0.00431060791015625,1130,0.0,25.00146484375,0.5975156008745685,0.5883910572438529,0.6032399376233418,48,50
D,1,8,1,8,64,0.3,0.001,32,50,0.0,0.1,10,5,0.5,True,42,94,94,0.9090909090909091,0.92,0.9710144927536233,44,18.377613603021018,0.002283472043927759,0.05189709190744907,0.00431060791015625,1130,0.0,25.00146484375,0.5994736425804369,0.6119623782508301,0.6200454910596211,16,26
D,1,8,1,8,64,0.3,0.001,32,50,0.0,0.1,10,5,0.5,True,42,95,95,0.6071428571428571,0.5217391304347826,0.7083333333333334,28,18.3678089879686,0.0035145000438205898,0.1255178587078782,0.00431060791015625,1130,0.0,25.00146484375,0.6077772602438927,0.6181846574851961,0.5838831027348836,16,26
D,1,8,1,8,64,0.3,0.001,32,50,0.0,0.1,10,5,0.5,True,42,96,96,0.7857142857142857,0.8163265306122449,0.7369614512471655,42,35.425187002983876,0.004637061036191881,0.11040621514742573,0.00431060791015625,1130,0.0,25.00146484375,0.5873118864767479,0.592139515912894,0.5983379085858663,45,50
D,1,8,1,8,64,0.3,0.001,32,50,0.0,0.1,10,5,0.5,True,42,97,97,0.4772727272727273,0.2580645161290322,0.4710743801652893,44,28.414107010990847,0.0019336330005899072,0.04394620455886152,0.00431060791015625,1130,0.0,25.00146484375,0.5959329002282836,0.5968681090708935,0.6080281178156535,30,40
D,1,8,1,8,64,0.3,0.001,32,50,0.0,0.1,10,5,0.5,True,42,98,98,0.4888888888888889,0.5660377358490567,0.5335968379446641,45,27.710457063978538,0.004768779966980219,0.10597288815511598,0.00431060791015625,1130,0.0,25.00146484375,0.5925573638894341,0.6055290493549723,0.6164653062820434,29,39
D,1,8,1,8,64,0.3,0.001,32,50,0.0,0.1,10,5,0.5,True,42,99,99,0.5116279069767442,0.4878048780487805,0.5476190476190477,43,21.40812099201139,0.004658637975808233,0.10834041804205193,0.00431060791015625,1130,0.0,25.00146484375,0.5934956195679578,0.6093547520312396,0.6164529681205749,20,30
D,1,8,1,8,64,0.3,0.001,32,50,0.0,0.1,10,5,0.5,True,42,100,100,0.5555555555555556,0.6521739130434783,0.5740740740740741,36,30.165323010005523,0.004332755983341485,0.12035433287059681,0.00431060791015625,1130,0.0,25.00146484375,0.5954668056784254,0.6069500416968808,0.5803990443547566,33,43
D,1,8,1,8,64,0.3,0.001,32,50,0.0,0.1,10,5,0.5,True,42,101,101,0.4666666666666667,0.14285714285714285,0.5632411067193677,45,33.97926801099675,0.004692788003012538,0.10428417784472307,0.00431060791015625,1130,0.0,25.00146484375,0.5921802060170607,0.5943451756329248,0.6128680467605591,38,48
D,1,8,1,8,64,0.3,0.001,32,50,0.0,0.1,10,5,0.5,True,42,102,102,0.6888888888888889,0.5625,0.8557312252964426,45,16.941790073004086,0.004351401003077626,0.0966978000683917,0.00431060791015625,1130,0.0,25.00146484375,0.6020470561854767,0.6079996815233519,0.6200251539548238,14,24
D,1,8,1,8,64,0.3,0.001,32,50,0.0,0.1,10,5,0.5,True,42,103,103,0.7209302325581395,0.6666666666666666,0.8051948051948052,43,30.33523783000419,0.004744328965898603,0.11033323176508379,0.00431060791015625,1130,0.0,25.00146484375,0.5942220360492215,0.6076800886428717,0.6061898509661356,33,43
D,1,8,1,8,64,0.3,0.001,32,50,0.0,0.1,10,5,0.5,True,42,104,104,0.4883720930232558,0.6333333333333333,0.6926406926406926,43,35.15752104000421,0.004757526970934123,0.11064016211474705,0.00431060791015625,1130,0.0,25.00146484375,0.5872953631209604,0.5871961920550375,0.6002944668134054,40,50
D,1,8,1,8,64,0.3,0.001,32,50,0.0,0.1,10,5,0.5,True,42,105,105,0.6444444444444445,0.42857142857142855,0.7312252964426876,45,35.11233661096776,0.004772053041961044,0.10604562315468986,0.00431060791015625,1130,0.0,25.00146484375,0.5910692246574344,0.5935341496810769,0.6149431824684143,43,50
D,1,8,1,8,64,0.3,0.001,32,50,0.0,0.1,10,5,0.5,True,42,106,106,0.6,0.5714285714285714,0.5634920634920635,45,14.747270143008791,0.004612464981619269,0.10249922181376153,0.00431060791015625,1130,0.0,25.00146484375,0.6134434769099409,0.6253913259415915,0.6181368509928385,11,21
D,1,8,1,8,64,0.3,0.001,32,50,0.0,0.1,10,5,0.5,True,42,107,107,0.5555555555555556,0.6000000000000001,0.5396825396825398,45,22.72341489000246,0.004758920986205339,0.10575379969345199,0.00431060791015625,1130,0.0,25.00146484375,0.595520426829656,0.5971466002590728,0.610400386651357,22,32
D,1,8,1,8,64,0.3,0.001,32,50,0.0,0.1,10,5,0.5,True,42,108,108,0.7777777777777778,0.7999999999999999,0.8794466403162055,45,15.74445611302508,0.004811790015082806,0.10692866700184014,0.00431060791015625,1130,0.0,25.00146484375,0.6017830715034947,0.613043014524561,0.6244711319605509,12,22
D,2,8,2,16,64,0.3,0.001,32,50,0.0,0.1,10,5,0.5,True,42,1,1,0.6444444444444445,0.6666666666666667,0.7490118577075099,45,19.461786055995617,0.004376817960292101,0.09726262133982445,0.00708770751953125,1858,0.078125,25.5146484375,0.5890169710372434,0.6042753065174277,0.5773300806681315,17,27
D,2,8,2,16,64,0.3,0.001,32,50,0.0,0.1,10,5,0.5,True,42,2,2,0.7777777777777778,0.7058823529411764,0.9664031620553359,45,24.818757297995035,0.006068863964173943,0.13486364364830986,0.00708770751953125,1858,0.00390625,25.5146484375,0.5765010043978691,0.593953155884237,0.5645407994588216,24,34
D,2,8,2,16,64,0.3,0.001,32,50,0.0,0.1,10,5,0.5,True,42,3,3,0.37777777777777777,0.41666666666666663,0.33201581027667987,45,27.500119095027912,0.004858442000113428,0.1079653777802984,0.00708770751953125,1858,0.0,25.5146484375,0.5663099767583789,0.5734621636343725,0.5683381080627441,28,38
D,2,8,2,16,64,0.3,0.001,32,50,0.0,0.1,10,5,0.5,True,42,4,4,0.5333333333333333,0.676923076923077,0.7687747035573123,45,29.682579625979997,0.006308907002676278,0.1401979333928062,0.00708770751953125,1858,0.0,25.5146484375,0.5689629738529524,0.5763513396183649,0.5783897360165914,31,41
D,2,8,2,16,64,0.3,0.001,32,50,0.0,0.1,10,5,0.5,True,42,5,5,0.4666666666666667,0.5862068965517241,0.47817460317460314,45,14.439119881018996,0.0047265809844248,0.10503513298721777,0.00708770751953125,1858,0.0,25.5146484375,0.5833735804666172,0.6152709438042208,0.5890413721402487,10,20
D,2,8,2,16,64,0.3,0.001,32,50,0.0,0.1,10,5,0.5,True,42,6,6,0.4666666666666667,0.0,0.4027777777777778,45,23.16400402004365,0.003729176998604089,0.08287059996897976,0.00708770751953125,1858,0.0,25.5146484375,0.5742346267357017,0.5809141243949081,0.5846001923084259,22,32
D,2,8,2,16,64,0.3,0.001,32,50,0.0,0.1,10,5,0.5,True,42,7,7,0.9333333333333333,0.9333333333333332,0.9822134387351779,45,30.323536500975024,0.004949791997205466,0.10999537771567702,0.00708770751953125,1858,0.0,25.5146484375,0.5707082791310368,0.5754908379731756,0.5724660972754161,32,42
D,2,8,2,16,64,0.3,0.001,32,50,0.0,0.1,10,5,0.5,True,42,8,8,0.6444444444444445,0.6363636363636365,0.733201581027668,45,31.641637285007164,0.004747600993141532,0.10550224429203403,0.00708770751953125,1858,0.00390625,25.5146484375,0.5645299016526251,0.5760394176750472,0.5733864982922872,34,44
D,2,8,2,16,64,0.3,0.001,32,50,0.0,0.1,10,5,0.5,True,42,9,9,0.5555555555555556,0.41176470588235287,0.6111111111111112,45,23.93442538997624,0.006010890007019043,0.13357533348931208,0.00708770751953125,1858,0.0,25.5146484375,0.5687228312546556,0.58600210285548,0.5801105161507925,23,33
D,2,8,2,16,64,0.3,0.001,32,50,0.0,0.1,10,5,0.5,True,42,10,10,0.6222222222222222,0.6792452830188678,0.7499999999999999,45,24.551747412013356,0.0061762030236423016,0.13724895608094004,0.00708770751953125,1858,0.0,25.5146484375,0.5750400200486183,0.5770605825113527,0.5833929896354675,24,34
D,2,8,2,16,64,0.3,0.001,32,50,0.0,0.1,10,5,0.5,True,42,11,11,0.5111111111111111,0.6333333333333333,0.6264822134387352,45,35.3373009400093,0.0044201830169186,0.09822628926485777,0.00708770751953125,1858,0.0,25.5146484375,0.5731876481211546,0.57956626175931,0.5637394726276398,39,49
D,2,8,2,16,64,0.3,0.001,32,50,0.0,0.1,10,5,0.5,True,42,12,12,0.7777777777777778,0.75,0.7678571428571429,45,18.036730469961185,0.004746621008962393,0.10548046686583094,0.00708770751953125,1858,0.0,25.5146484375,0.5798988938331604,0.6102117789965688,0.5913156847159068,15,25
D,2,8,2,16,64,0.3,0.001,32,50,0.0,0.1,10,5,0.5,True,42,13,13,0.8,0.8108108108108107,0.8823529411764706,35,20.196497503027786,0.004723852965980768,0.1349672275994505,0.00708770751953125,1858,0.0,25.5146484375,0.5754234786286498,0.5806240611004106,0.6227898160616557,18,28
D,2,8,2,16,64,0.3,0.001,32,50,0.0,0.1,10,5,0.5,True,42,14,14,0.6222222222222222,0.7017543859649124,0.6521739130434783,45,26.730454516015016,0.004744943988043815,0.105443199734307,0.00708770751953125,1858,0.0,25.5146484375,0.5706585778883009,0.5771963535384699,0.5695685565471649,27,37
D,2,8,2,16,64,0.3,0.001,32,50,0.0,0.1,10,5,0.5,True,42,15,15,0.6444444444444445,0.7333333333333334,0.974308300395257,45,22.48498865700094,0.0048073119833134115,0.10682915518474248,0.00708770751953125,1858,0.0,25.5146484375,0.5778582247369217,0.5958512102564176,0.5671100596586863,21,31
D,2,8,2,16,64,0.3,0.001,32,50,0.0,0.1,10,5,0.5,True,42,16,16,0.6444444444444445,0.6521739130434783,0.6818181818181818,45,31.077635244000703,0.004059592029079795,0.09021315620177323,0.00708770751953125,1858,0.0,25.5146484375,0.5613211384325316,0.5770509617798256,0.5844152232011159,33,43
D,2,8,2,16,64,0.3,0.001,32,50,0.0,0.1,10,5,0.5,True,42,17,17,0.6190476190476191,0.5,0.6454545454545454,42,20.913929854054004,0.004780980991199613,0.11383288074284792,0.00708770751953125,1858,0.0,25.5146484375,0.561645300099344,0.5854407578255191,0.5891453305880229,19,29
D,2,8,2,16,64,0.3,0.001,32,50,0.0,0.1,10,5,0.5,True,42,18,18,0.4888888888888889,0.4888888888888889,0.4762845849802372,45,35.59408132499084,0.004832175036426634,0.10738166747614741,0.00708770751953125,1858,0.0,25.5146484375,0.5632044783595836,0.5636563350756963,0.5747748970985412,39,49
D,2,8,2,16,64,0.3,0.001,32,50,0.0,0.1,10,5,0.5,True,42,19,19,0.6222222222222222,0.679245283018868,0.8043478260869565,45,22.289904155011754,0.004759957955684513,0.10577684345965584,0.00708770751953125,1858,0.0,25.5146484375,0.5747670562881412,0.595829947654045,0.5803284744421641,21,31
D,2,8,2,16,64,0.3,0.001,32,50,0.0,0.1,10,5,0.5,True,42,20,20,0.5555555555555556,0.6296296296296297,0.6146245059288538,45,22.486096573004033,0.004662249993998557,0.10360555542219017,0.00708770751953125,1858,0.0,25.5146484375,0.5751799550471883,0.5918332868904779,0.5759306669235229,21,31
D,2,8,2,16,64,0.3,0.001,32,50,0.0,0.1,10,5,0.5,True,42,21,21,0.5111111111111111,0.6451612903225806,0.7996031746031746,45,20.354177380970214,0.004626630980055779,0.10281402177901731,0.00708770751953125,1858,0.0,25.5146484375,0.5808427794413134,0.5910740659543963,0.5871321181456248,18,28
D,2,8,2,16,64,0.3,0.001,32,50,0.0,0.1,10,5,0.5,True,42,22,22,0.6222222222222222,0.6222222222222223,0.6818181818181818,45,36.26500279997708,0.004814921994693577,0.10699826654874617,0.00708770751953125,1858,0.0,25.5146484375,0.5549547139442328,0.5603759017857638,0.5888704935709635,45,50
D,2,8,2,16,64,0.3,0.001,32,50,0.0,0.1,10,5,0.5,True,42,23,23,0.6136363636363636,0.7017543859649122,0.8223140495867769,44,33.18843633896904,0.004645557957701385,0.10558086267503149,0.00708770751953125,1858,0.0,25.5146484375,0.5657704404809258,0.5732638571750034,0.5948833485444387,36,46
D,2,8,2,16,64,0.3,0.001,32,50,0.0,0.1,10,5,0.5,True,42,24,24,0.4444444444444444,0.5833333333333334,0.5974025974025974,18,31.26992331596557,0.0009935609996318817,0.05519783331288231,0.00708770751953125,1858,0.0,25.5146484375,0.5609132351731896,0.5652175202853698,0.5871467570463816,33,43
D,2,8,2,16,64,0.3,0.001,32,50,0.0,0.1,10,5,0.5,True,42,25,25,0.7555555555555555,0.8070175438596492,0.9169960474308301,45,17.35632500902284,0.004427443025633693,0.09838762279185984,0.00708770751953125,1858,0.0,25.5146484375,0.5818820512204459,0.5994551305969557,0.5844919244448344,14,24
D,2,8,2,16,64,0.3,0.001,32,50,0.0,0.1,10,5,0.5,True,42,26,26,0.7777777777777778,0.8076923076923077,0.8055555555555556,45,18.211414186051115,0.004814293002709746,0.10698428894910547,0.00708770751953125,1858,0.0,25.5146484375,0.5895349116939487,0.6021925459305445,0.5899487356344859,15,25
D,2,8,2,16,64,0.3,0.001,32,50,0.0,0.1,10,5,0.5,True,42,27,27,0.5333333333333333,0.6037735849056604,0.6600790513833992,45,18.73334917804459,0.004413335002027452,0.0980741111561656,0.00708770751953125,1858,0.0,25.5146484375,0.5834385375633384,0.5942418236624111,0.5667050123214722,16,26
D,2,8,2,16,64,0.3,0.001,32,50,0.0,0.1,10,5,0.5,True,42,28,28,0.5777777777777777,0.5128205128205128,0.5158102766798418,45,15.24356443801662,0.00468501599971205,0.10411146666026778,0.00708770751953125,1858,0.0,25.5146484375,0.5774513663667621,0.60568684587876,0.593741649389267,11,21
D,2,8,2,16,64,0.3,0.001,32,50,0.0,0.1,10,5,0.5,True,42,29,29,0.8888888888888888,0.8936170212765958,0.9881422924901185,45,26.767815848987084,0.006103699968662113,0.13563777708138028,0.00708770751953125,1858,0.0,25.5146484375,0.5692520527677103,0.5757820229187156,0.5581176201502482,27,37
D,2,8,2,16,64,0.3,0.001,32,50,0.0,0.1,10,5,0.5,True,42,30,30,0.6444444444444445,0.7142857142857142,0.7281746031746033,45,29.83194134500809,0.00607562402728945,0.1350138672730989,0.00708770751953125,1858,0.0,25.5146484375,0.56546881117604,0.5744957470081069,0.5920452137788137,31,41
D,2,8,2,16,64,0.3,0.001,32,50,0.0,0.1,10,5,0.5,True,42,31,31,0.7111111111111111,0.6666666666666667,0.8537549407114624,45,23.124502719030716,0.004422692989464849,0.0982820664325522,0.00708770751953125,1858,0.0,25.5146484375,0.5727582652911996,0.5891696485606107,0.5941962659358978,22,32
D,2,8,2,16,64,0.3,0.001,32,50,0.0,0.1,10,5,0.5,True,42,32,32,0.7727272727272727,0.7916666666666667,0.84472049689441,44,20.880008334002923,0.004759186995215714,0.10816334080035714,0.00708770751953125,1858,0.0,25.5146484375,0.5805824003887899,0.6026036834174936,0.5865849256515503,19,29
D,2,8,2,16,64,0.3,0.001,32,50,0.0,0.1,10,5,0.5,True,42,33,33,0.7333333333333333,0.6666666666666665,0.8596837944664032,45,36.21557402901817,0.002097051008604467,0.0466011335245437,0.00708770751953125,1858,0.0,25.5146484375,0.5641851761575901,0.5705188555699406,0.5773234764734904,46,50
D,2,8,2,16,64,0.3,0.001,32,50,0.0,0.1,10,5,0.5,True,42,34,34,0.9333333333333333,0.9387755102040817,0.9821428571428572,45,30.417670711991377,0.004034025012515485,0.0896450002781219,0.00708770751953125,1858,0.0,25.5146484375,0.571738109444127,0.5790373920039698,0.6052693009376526,32,42
D,2,8,2,16,64,0.3,0.001,32,50,0.0,0.1,10,5,0.5,True,42,35,35,0.7111111111111111,0.6060606060606061,0.9011857707509882,45,20.937648655031808,0.0033489540219306946,0.07442120048734877,0.00708770751953125,1858,0.0,25.5146484375,0.5709133741982055,0.5840342767310865,0.5834419190883636,19,29
D,2,8,2,16,64,0.3,0.001,32,50,0.0,0.1,10,5,0.5,True,42,36,36,0.5681818181818182,0.6274509803921569,0.6033057851239669,44,36.375602014013566,0.004824417992495,0.10964586346579545,0.00708770751953125,1858,0.0,25.5146484375,0.5606947482535334,0.5595386962998997,0.5695384999116262,45,50
D,2,8,2,16,64,0.3,0.001,32,50,0.0,0.1,10,5,0.5,True,42,37,37,0.5111111111111111,0.0,0.46640316205533594,45,20.70528508996358,0.004369225993286818,0.09709391096192929,0.00708770751953125,1858,0.0,25.5146484375,0.569981370008353,0.5956454130284714,0.5744450946648916,19,29
D,2,8,2,16,64,0.3,0.001,32,50,0.0,0.1,10,5,0.5,True,42,38,38,0.6444444444444445,0.5555555555555556,0.6857707509881423,45,31.08133169199573,0.004663748957682401,0.10363886572627558,0.00708770751953125,1858,0.0,25.5146484375,0.567834596516508,0.5795337413296555,0.5726611038049062,33,43
D,2,8,2,16,64,0.3,0.001,32,50,0.0,0.1,10,5,0.5,True,42,39,39,0.6590909090909091,0.6341463414634146,0.670807453416149,44,22.331279726990033,0.004733724985271692,0.10758465875617482,0.00708770751953125,1858,0.0,25.5146484375,0.5815939605236053,0.587877853575981,0.5735664784908294,21,31
D,2,8,2,16,64,0.3,0.001,32,50,0.0,0.1,10,5,0.5,True,42,40,40,0.5333333333333333,0.5714285714285714,0.5198412698412699,45,26.187549737049267,0.0059957210323773324,0.13323824516394073,0.00708770751953125,1858,0.0,25.5146484375,0.5691761001944542,0.580175302019625,0.5936998705069224,26,36
D,2,8,2,16,64,0.3,0.001,32,50,0.0,0.1,10,5,0.5,True,42,41,41,0.5777777777777777,0.2962962962962963,0.7142857142857143,45,25.244916918047238,0.003270279965363443,0.07267288811918762,0.00708770751953125,1858,0.0,25.5146484375,0.5736809210343794,0.5777455861821319,0.5846529901027679,25,35
D,2,8,2,16,64,0.3,0.001,32,50,0.0,0.1,10,5,0.5,True,42,42,42,0.8444444444444444,0.8205128205128205,0.9604743083003953,45,28.25827659002971,0.004390633024740964,0.09756962277202143,0.00708770751953125,1858,0.0,25.5146484375,0.5662122158841654,0.574827569452199,0.60033820271492,29,39
D,2,8,2,16,64,0.3,0.001,32,50,0.0,0.1,10,5,0.5,True,42,43,43,0.8444444444444444,0.8292682926829269,0.9446640316205535,45,17.455396278004628,0.0033507319749332964,0.07446071055407325,0.00708770751953125,1858,0.0,25.5146484375,0.5847533688400731,0.6104555346749045,0.6042260130246481,14,24
D,2,8,2,16,64,0.3,0.001,32,50,0.0,0.1,10,5,0.5,True,42,44,44,0.7586206896551724,0.7407407407407408,0.9,29,28.152376047044527,0.0035316210123710334,0.12178003490934598,0.00708770751953125,1858,0.0,25.5146484375,0.5767502272219369,0.5830651627797069,0.5839125216007233,29,39
D,2,8,2,16,64,0.3,0.001,32,50,0.0,0.1,10,5,0.5,True,42,45,45,0.8,0.7692307692307693,0.8794466403162056,45,17.32521523698233,0.0048278360045515,0.10728524454558888,0.00708770751953125,1858,0.0,25.5146484375,0.5853765740087538,0.6116176103100632,0.5892152190208435,14,24
D,2,8,2,16,64,0.3,0.001,32,50,0.0,0.1,10,5,0.5,True,42,46,46,0.6666666666666666,0.7058823529411765,0.7944664031620554,45,14.587805938965175,0.0047483519883826375,0.10551893307516971,0.00708770751953125,1858,0.0,25.5146484375,0.5880680357416471,0.6057210151444782,0.5793009281158448,10,20
D,2,8,2,16,64,0.3,0.001,32,50,0.0,0.1,10,5,0.5,True,42,47,47,0.4666666666666667,0.5862068965517242,0.5337301587301587,45,14.317976306017954,0.005686620017513633,0.12636933372252518,0.00708770751953125,1858,0.0,25.5146484375,0.5814237348509558,0.601668991374247,0.597084108988444,10,20
D,2,8,2,16,64,0.3,0.001,32,50,0.0,0.1,10,5,0.5,True,42,48,48,0.7058823529411765,0.7058823529411764,0.942857142857143,17,26.761894588009454,0.0033271790016442537,0.1957164118614267,0.00708770751953125,1858,0.0,25.5146484375,0.570217598761831,0.5818070300987789,0.6027703026930491,27,37
D,2,8,2,16,64,0.3,0.001,32,50,0.0,0.1,10,5,0.5,True,42,49,49,0.7555555555555555,0.8,0.9920948616600791,45,33.94284360099118,0.0040487200021743774,0.08997155560387506,0.00708770751953125,1858,0.00390625,25.5146484375,0.5695986219427802,0.5722948949445378,0.579147340854009,37,47
D,2,8,2,16,64,0.3,0.001,32,50,0.0,0.1,10,5,0.5,True,42,50,50,0.5555555555555556,0.23076923076923075,0.6284584980237155,45,25.04533047496807,0.00478094897698611,0.10624331059969135,0.00708770751953125,1858,0.0,25.5146484375,0.5734730087446444,0.5824272878693811,0.5849468827247619,25,35
D,2,8,2,16,64,0.3,0.001,32,50,0.0,0.1,10,5,0.5,True,42,51,51,0.6888888888888889,0.611111111111111,0.6488095238095238,45,28.94533111504279,0.006013387988787144,0.13363084419526988,0.00708770751953125,1858,0.0,25.5146484375,0.5664847800225923,0.5718304234923739,0.5869107723236084,30,40
D,2,8,2,16,64,0.3,0.001,32,50,0.0,0.1,10,5,0.5,True,42,52,52,0.7804878048780488,0.7096774193548387,0.9282296650717704,41,36.0773821810144,0.0047938579809851944,0.1169233653898828,0.00708770751953125,1858,0.0,25.5146484375,0.5546856479662837,0.5655223133437561,0.5674886365731557,41,50
D,2,8,2,16,64,0.3,0.001,32,50,0.0,0.1,10,5,0.5,True,42,53,53,0.3953488372093023,0.4583333333333333,0.45670995670995673,43,16.76358622900443,0.004111494054086506,0.09561614079270946,0.00708770751953125,1858,0.0,25.5146484375,0.5792778432369232,0.5997526349894928,0.5851732552051544,13,23
D,2,8,2,16,64,0.3,0.001,32,50,0.0,0.1,10,5,0.5,True,42,54,54,0.7435897435897436,0.7058823529411765,0.8396739130434783,39,28.832431763992645,0.004793432948645204,0.12290853714474881,0.00708770751953125,1858,0.0,25.5146484375,0.5724383122993238,0.5794771408492868,0.5848482251167297,30,40
D,2,8,2,16,64,0.3,0.001,32,50,0.0,0.1,10,5,0.5,True,42,55,55,0.8444444444444444,0.8510638297872342,0.9525691699604744,45,22.336029868980404,0.004786793957464397,0.10637319905476438,0.00708770751953125,1858,0.0,25.5146484375,0.5685723904858936,0.5907179724537965,0.5875570933024089,21,31
D,2,8,2,16,64,0.3,0.001,32,50,0.0,0.1,10,5,0.5,True,42,56,56,0.8181818181818182,0.8095238095238095,0.9090909090909091,44,26.087941142031923,0.0021173430141061544,0.04812143213877623,0.00708770751953125,1858,0.0,25.5146484375,0.5659254502617952,0.5790744031017477,0.6094690918922424,26,36
D,2,8,2,16,64,0.3,0.001,32,50,0.0,0.1,10,5,0.5,True,42,57,57,0.6,0.5500000000000002,0.6527777777777778,45,24.668611817003693,0.004640747036319226,0.10312771191820502,0.00708770751953125,1858,0.0,25.5146484375,0.5600745400244539,0.5763913867148486,0.5994142174720765,24,34
D,2,8,2,16,64,0.3,0.001,32,50,0.0,0.1,10,5,0.5,True,42,58,58,0.7333333333333333,0.6842105263157895,0.8214285714285715,45,18.802172945986968,0.003337556030601263,0.07416791179113918,0.00708770751953125,1858,0.0,25.5146484375,0.5736134576075005,0.5955070780985283,0.5911544442176819,16,26
D,2,8,2,16,64,0.3,0.001,32,50,0.0,0.1,10,5,0.5,True,42,59,59,0.5555555555555556,0.23076923076923073,0.5615079365079365,45,14.320102979021613,0.006012516038026661,0.13361146751170355,0.00708770751953125,1858,0.0,25.5146484375,0.5920889192458355,0.6090861969824993,0.603697935740153,10,20
D,2,8,2,16,64,0.3,0.001,32,50,0.0,0.1,10,5,0.5,True,42,60,60,0.7954545454545454,0.7906976744186046,0.921487603305785,44,25.862430898007005,0.004433377995155752,0.10075859079899437,0.00708770751953125,1858,0.0,25.5146484375,0.5759276621269457,0.5817830871903535,0.5934785346190135,26,36
D,2,8,2,16,64,0.3,0.001,32,50,0.0,0.1,10,5,0.5,True,42,61,61,0.7906976744186046,0.8,0.8506493506493507,43,28.26599687698763,0.004370378039311618,0.10163669858864227,0.00708770751953125,1858,0.0,25.5146484375,0.5685119915640715,0.5681283880363811,0.6009069144725799,29,39
D,2,8,2,16,64,0.3,0.001,32,50,0.0,0.1,10,5,0.5,True,42,62,62,0.8,0.7567567567567568,0.9565217391304348,45,25.368469002016354,0.004809332953300327,0.10687406562889615,0.00708770751953125,1858,0.0,25.5146484375,0.5728401322707986,0.5871633596040986,0.6076942026615143,25,35
D,2,8,2,16,64,0.3,0.001,32,50,0.0,0.1,10,5,0.5,True,42,63,63,0.5116279069767442,0.27586206896551724,0.47619047619047616,43,31.80733046104433,0.0033370580058544874,0.07760600013615088,0.00708770751953125,1858,0.0,25.5146484375,0.5492873866901253,0.5676304212573803,0.5890056689580282,34,44
D,2,8,2,16,64,0.3,0.001,32,50,0.0,0.1,10,5,0.5,True,42,64,64,0.6,0.6785714285714287,0.8023715415019764,45,28.717278336989693,0.004734317015390843,0.10520704478646317,0.00708770751953125,1858,0.00390625,25.5146484375,0.574027698599931,0.5799116526137699,0.610573281844457,30,40
D,2,8,2,16,64,0.3,0.001,32,50,0.0,0.1,10,5,0.5,True,42,65,65,0.7777777777777778,0.7619047619047619,0.876984126984127,45,18.83015064400388,0.004367085988633335,0.09704635530296299,0.00708770751953125,1858,0.0,25.5146484375,0.5789850496432998,0.5956326434106538,0.610103174050649,16,26
D,2,8,2,16,64,0.3,0.001,32,50,0.0,0.1,10,5,0.5,True,42,66,66,0.5555555555555556,0.6428571428571429,0.5731225296442688,45,24.711321059032343,0.004840264038648456,0.10756142308107682,0.00708770751953125,1858,0.0,25.5146484375,0.5672408866159844,0.583565946781274,0.6095919072628021,24,34
D,2,8,2,16,64,0.3,0.001,32,50,0.0,0.1,10,5,0.5,True,42,67,67,0.5555555555555556,0.37500000000000006,0.6462450592885376,45,15.137132956995629,0.004463115998078138,0.09918035551284751,0.00708770751953125,1858,0.0,25.5146484375,0.5873517021536827,0.6034524465600649,0.6108147084712983,11,21
D,2,8,2,16,64,0.3,0.001,32,50,0.0,0.1,10,5,0.5,True,42,68,68,0.5333333333333333,0.46153846153846156,0.6521739130434783,45,26.01647835300537,0.005943204974755645,0.13207122166123655,0.00708770751953125,1858,0.0,25.5146484375,0.563042398203503,0.5727408173860926,0.6032329817612966,26,36
D,2,8,2,16,64,0.3,0.001,32,50,0.0,0.1,10,5,0.5,True,42,69,69,0.4444444444444444,0.5283018867924528,0.5317460317460317,45,16.01704563596286,0.004874901031143963,0.10833113402542141,0.00708770751953125,1858,0.0,25.5146484375,0.5744486959143118,0.5973801962805517,0.6044224977493287,12,22
D,2,8,2,16,64,0.3,0.001,32,50,0.0,0.1,10,5,0.5,True,42,70,70,0.6222222222222222,0.5405405405405405,0.7845849802371541,45,17.354242597997654,0.004816092026885599,0.10702426726412442,0.00708770751953125,1858,0.0,25.5146484375,0.5766508008042971,0.6052483993046212,0.6116511285305023,14,24
D,2,8,2,16,64,0.3,0.001,32,50,0.0,0.1,10,5,0.5,True,42,71,71,0.8666666666666667,0.85,0.9782608695652174,45,21.047886902000755,0.0048366940463893116,0.10748208991976249,0.00708770751953125,1858,0.0,25.5146484375,0.5823996067047119,0.5949502661824226,0.6095609188079834,19,29
D,2,8,2,16,64,0.3,0.001,32,50,0.0,0.1,10,5,0.5,True,42,72,72,0.8444444444444444,0.8571428571428572,0.9446640316205535,45,22.53168396395631,0.004850312019698322,0.10778471154885161,0.00708770751953125,1858,0.0,25.5146484375,0.5858809309023799,0.5890002916708137,0.6076908270517986,21,31
D,2,8,2,16,64,0.3,0.001,32,50,0.0,0.1,10,5,0.5,True,42,73,73,0.7111111111111111,0.711111111111111,0.766798418972332,45,20.259310367982835,0.004848424985539168,0.10774277745642595,0.00708770751953125,1858,0.0,25.5146484375,0.5727580257437446,0.5917032794518904,0.6198281665643056,18,28
D,2,8,2,16,64,0.3,0.001,32,50,0.0,0.1,10,5,0.5,True,42,74,74,0.6,0.5714285714285714,0.5496031746031746,45,19.555560425971635,0.004703990998677909,0.10453313330395354,0.00708770751953125,1858,0.0,25.5146484375,0.5826115653370366,0.595569382788557,0.620804512500763,17,27
D,2,8,2,16,64,0.3,0.001,32,50,0.0,0.1,10,5,0.5,True,42,75,75,0.8536585365853658,0.8571428571428572,0.942857142857143,41,14.383049968047999,0.004416031995788217,0.10770809745824919,0.00708770751953125,1858,0.0,25.5146484375,0.5963538706754193,0.6141768553943345,0.6036937793095907,10,20
D,2,8,2,16,64,0.3,0.001,32,50,0.0,0.1,10,5,0.5,True,42,76,76,0.4666666666666667,0.6363636363636365,0.6581027667984191,45,18.02672382898163,0.004416798998136073,0.0981510888474683,0.00708770751953125,1858,0.0,25.5146484375,0.5824113307577191,0.5954082481788866,0.6204214950402578,15,25
D,2,8,2,16,64,0.3,0.001,32,50,0.0,0.1,10,5,0.5,True,42,77,77,0.5333333333333333,0.6666666666666667,0.6666666666666667,45,12.978894641972147,0.004770688014104962,0.1060152892023325,0.00708770751953125,1858,0.0,25.5146484375,0.5833170605879842,0.610995270989158,0.6382974306742351,8,18
D,2,8,2,16,64,0.3,0.001,32,50,0.0,0.1,10,5,0.5,True,42,78,78,0.5111111111111111,0.6206896551724137,0.6225296442687748,45,22.506025943032,0.004789542988874018,0.10643428864164485,0.00708770751953125,1858,0.0,25.5146484375,0.5782159185319236,0.5929785890109611,0.6063696841398875,21,31
D,2,8,2,16,64,0.3,0.001,32,50,0.0,0.1,10,5,0.5,True,42,79,79,0.5,0.5454545454545454,0.595,40,15.8797650510096,0.00469609402352944,0.117402350588236,0.00708770751953125,1858,0.0,25.5146484375,0.5816633886460102,0.5978636658101371,0.5897327820460002,12,22
D,2,8,2,16,64,0.3,0.001,32,50,0.0,0.1,10,5,0.5,True,42,80,80,0.7555555555555555,0.7441860465116279,0.7984189723320159,45,26.162240881996695,0.006013868027366698,0.13364151171925995,0.00708770751953125,1858,0.0,25.5146484375,0.5699369013309479,0.5773121725880739,0.6241480112075806,26,36
D,2,8,2,16,64,0.3,0.001,32,50,0.0,0.1,10,5,0.5,True,42,81,81,0.4888888888888889,0.0,0.8893280632411068,45,25.16990438394714,0.00474917097017169,0.105537132670482,0.00708770751953125,1858,0.0,25.5146484375,0.5699472217397257,0.5791837744640581,0.6031468351682027,25,35
D,2,8,2,16,64,0.3,0.001,32,50,0.0,0.1,10,5,0.5,True,42,82,82,0.6,0.7096774193548387,0.891304347826087,45,20.295716136984993,0.0045228140079416335,0.10050697795425853,0.00708770751953125,1858,0.0,25.5146484375,0.5748870943983396,0.5938141533371174,0.6157294690608979,18,28
D,2,8,2,16,64,0.3,0.001,32,50,0.0,0.1,10,5,0.5,True,42,83,83,0.7105263157894737,0.5925925925925926,0.8975069252077562,38,14.986156053026207,0.003198474005330354,0.0841703685613251,0.00708770751953125,1858,0.0,25.5146484375,0.5740267358946077,0.6026725550041054,0.6049582004547119,13,23
D,2,8,2,16,64,0.3,0.001,32,50,0.0,0.1,10,5,0.5,True,42,84,84,0.6363636363636364,0.68,0.7681159420289855,44,18.687909667030908,0.004440817981958389,0.1009276814081452,0.00708770751953125,1858,0.0,25.5146484375,0.5763235993006013,0.5901265568805464,0.6113356947898865,16,26
D,2,8,2,16,64,0.3,0.001,32,50,0.0,0.1,10,5,0.5,True,42,85,85,0.9318181818181818,0.9302325581395349,0.9813664596273293,44,21.62228580802912,0.004818521032575518,0.10951184164944358,0.00708770751953125,1858,0.0,25.5146484375,0.5755415692022352,0.5911269138256708,0.6080233971277873,20,30
D,2,8,2,16,64,0.3,0.001,32,50,0.0,0.1,10,5,0.5,True,42,86,86,0.7272727272727273,0.7692307692307693,0.8281573498964804,44,34.49510530300904,0.004748118983116001,0.1079117950708182,0.00708770751953125,1858,0.0,25.5146484375,0.5583404354525335,0.5688522004268386,0.6046017666657766,38,48
D,2,8,2,16,64,0.3,0.001,32,50,0.0,0.1,10,5,0.5,True,42,87,87,0.6444444444444445,0.7241379310344828,0.6482213438735177,45,20.035089922952466,0.004767185018863529,0.10593744486363398,0.00708770751953125,1858,0.0,25.5146484375,0.5712792193799308,0.5908199074593458,0.5980138937632243,18,28
D,2,8,2,16,64,0.3,0.001,32,50,0.0,0.1,10,5,0.5,True,42,88,88,0.5818181818181818,0.5490196078431373,0.6428571428571429,55,22.376739017025102,0.0048546960460953414,0.08826720083809711,0.00708770751953125,1858,0.0,25.5146484375,0.5787100218462221,0.5829098838748354,0.6033990601698558,21,31
D,2,8,2,16,64,0.3,0.001,32,50,0.0,0.1,10,5,0.5,True,42,89,89,0.6,0.43749999999999994,0.5476190476190477,45,35.29806164797628,0.0020556499948725104,0.0456811109971669,0.00708770751953125,1858,0.0,25.5146484375,0.5671886499180938,0.5688701342001106,0.6005295952161153,39,49
D,2,8,2,16,64,0.3,0.001,32,50,0.0,0.1,10,5,0.5,True,42,90,90,0.7111111111111111,0.6829268292682927,0.7648221343873518,45,36.08098556200275,0.004814813961274922,0.10699586580610937,0.00708770751953125,1858,0.0,25.5146484375,0.5616704528078889,0.5615362105044451,0.5898790796597798,45,50
D,2,8,2,16,64,0.3,0.001,32,50,0.0,0.1,10,5,0.5,True,42,91,91,0.6363636363636364,0.7333333333333334,0.7665289256198347,44,35.963235903007444,0.004717384988907725,0.1072132952024483,0.00708770751953125,1858,0.0,25.5146484375,0.5659292204813524,0.5640492118669279,0.5781137347221375,46,50
D,2,8,2,16,64,0.3,0.001,32,50,0.0,0.1,10,5,0.5,True,42,92,92,0.6964285714285714,0.653061224489796,0.8,56,18.9233916279627,0.003782833053264767,0.06755059023687084,0.00708770751953125,1858,0.0,25.5146484375,0.5791712520700513,0.5926477588487394,0.6251556793848674,16,26
D,2,8,2,16,64,0.3,0.001,32,50,0.0,0.1,10,5,0.5,True,42,93,93,0.6888888888888889,0.6818181818181818,0.8003952569169961,45,29.62586005096091,0.00392035098047927,0.08711891067731711,0.00708770751953125,1858,0.0,25.5146484375,0.5679628160415273,0.5684895199356657,0.6095406909783682,31,41
D,2,8,2,16,64,0.3,0.001,32,50,0.0,0.1,10,5,0.5,True,42,94,94,0.9318181818181818,0.9361702127659574,0.9958592132505176,44,22.4084152210271,0.004851896956097335,0.11027038536584852,0.00708770751953125,1858,0.0,25.5146484375,0.5739082314751365,0.5943815538829024,0.6107794880867005,21,31
D,2,8,2,16,64,0.3,0.001,32,50,0.0,0.1,10,5,0.5,True,42,95,95,0.6785714285714286,0.6086956521739131,0.703125,28,28.915133037022315,0.003463165950961411,0.12368449824862182,0.00708770751953125,1858,0.0,25.5146484375,0.5745285803621466,0.5738781568678942,0.5696654558181763,30,40
D,2,8,2,16,64,0.3,0.001,32,50,0.0,0.1,10,5,0.5,True,42,96,96,0.7380952380952381,0.7659574468085107,0.7414965986394557,42,16.731041025021113,0.004774442000780255,0.11367719049476796,0.00708770751953125,1858,0.0,25.5146484375,0.585596270181916,0.6022362919016317,0.5998647173245748,13,23
D,2,8,2,16,64,0.3,0.001,32,50,0.0,0.1,10,5,0.5,True,42,97,97,0.5227272727272727,0.4878048780487805,0.5,44,28.19314101402415,0.004821094975341111,0.10957034034866162,0.00708770751953125,1858,0.0,25.5146484375,0.5745754756710746,0.5790650980039076,0.6064326981703441,29,39
D,2,8,2,16,64,0.3,0.001,32,50,0.0,0.1,10,5,0.5,True,42,98,98,0.5333333333333333,0.6440677966101694,0.5770750988142292,45,17.32169796800008,0.003714525024406612,0.08254500054236916,0.00708770751953125,1858,0.0,25.5146484375,0.5827043295809717,0.6047513175642851,0.6269298791885376,14,24
D,2,8,2,16,64,0.3,0.001,32,50,0.0,0.1,10,5,0.5,True,42,99,99,0.5348837209302325,0.3333333333333333,0.5151515151515151,43,24.309093620977364,0.0036957369884476066,0.08594737182436295,0.00708770751953125,1858,0.19921875,25.5146484375,0.5622734138459871,0.580829817237276,0.6197327295939128,24,34
D,2,8,2,16,64,0.3,0.001,32,50,0.0,0.1,10,5,0.5,True,42,100,100,0.5833333333333334,0.6666666666666667,0.5586419753086419,36,31.605217523989268,0.0017882930114865303,0.04967480587462584,0.00708770751953125,1858,0.0,25.5146484375,0.5700990760868246,0.5660491120634656,0.5766942004362742,34,44
D,2,8,2,16,64,0.3,0.001,32,50,0.0,0.1,10,5,0.5,True,42,101,101,0.5333333333333333,0.36363636363636365,0.5612648221343873,45,25.200644241995178,0.0047719249851070344,0.10604277744682299,0.00708770751953125,1858,0.0,25.5146484375,0.5631758270390106,0.5707478317798991,0.5940522034962972,25,35
D,2,8,2,16,64,0.3,0.001,32,50,0.0,0.1,10,5,0.5,True,42,102,102,0.5555555555555556,0.23076923076923078,0.8260869565217391,45,18.70631563302595,0.003716829000040889,0.08259620000090864,0.00708770751953125,1858,0.0,25.5146484375,0.5741890957861235,0.5994751013138078,0.613344959417979,16,26
D,2,8,2,16,64,0.3,0.001,32,50,0.0,0.1,10,5,0.5,True,42,103,103,0.7209302325581395,0.6666666666666666,0.8333333333333334,43,21.661163999000564,0.004789874015841633,0.11139241897306124,0.00708770751953125,1858,0.0,25.5146484375,0.5782594549836535,0.5836069890947053,0.6067050655682882,20,30
D,2,8,2,16,64,0.3,0.001,32,50,0.0,0.1,10,5,0.5,True,42,104,104,0.5116279069767442,0.631578947368421,0.6774891774891775,43,27.345197805960197,0.003694199025630951,0.08591160524723142,0.00708770751953125,1858,0.0,25.5146484375,0.5724607712843202,0.5768012327678276,0.5954515854517619,28,38
D,2,8,2,16,64,0.3,0.001,32,50,0.0,0.1,10,5,0.5,True,42,105,105,0.6222222222222222,0.41379310344827586,0.7411067193675889,45,17.213033474981785,0.004733998968731612,0.10519997708292471,0.00708770751953125,1858,0.0,25.5146484375,0.5785800062797286,0.5932667894345341,0.624177626768748,14,24
D,2,8,2,16,64,0.3,0.001,32,50,0.0,0.1,10,5,0.5,True,42,106,106,0.5777777777777777,0.5777777777777778,0.6369047619047619,45,20.86382266000146,0.004768849990796298,0.10597444423991773,0.00708770751953125,1858,0.0,25.5146484375,0.586045065612504,0.5909562189922188,0.5988360265890758,19,29
D,2,8,2,16,64,0.3,0.001,32,50,0.0,0.1,10,5,0.5,True,42,107,107,0.5555555555555556,0.6153846153846153,0.5496031746031746,45,22.411829801974818,0.004895333026070148,0.10878517835711439,0.00708770751953125,1858,0.0,25.5146484375,0.5701540487282204,0.5906320523583528,0.6072788993517558,21,31
D,2,8,2,16,64,0.3,0.001,32,50,0.0,0.1,10,5,0.5,True,42,108,108,0.7777777777777778,0.782608695652174,0.8794466403162056,45,35.90555777703412,0.005969636025838554,0.13265857835196787,0.00708770751953125,1858,0.0,25.5146484375,0.5630203587087718,0.5670188906969447,0.610317450761795,44,50
D,4,8,4,32,64,0.3,0.001,32,50,0.0,0.1,10,5,0.5,True,42,1,1,0.8222222222222222,0.8181818181818182,0.8241106719367589,45,14.145532390975859,0.005074894987046719,0.11277544415659375,0.01410675048828125,3698,0.00390625,26.55078125,0.5602854350299546,0.5939036074912909,0.5709922552108765,9,19
D,4,8,4,32,64,0.3,0.001,32,50,0.0,0.1,10,5,0.5,True,42,2,2,0.7555555555555555,0.6857142857142856,0.9268774703557312,45,25.3540500329691,0.0047717830166220665,0.10603962259160148,0.01410675048828125,3698,0.0,26.55078125,0.5358137863151955,0.5477582787473997,0.5690261046091716,24,34
D,4,8,4,32,64,0.3,0.001,32,50,0.0,0.1,10,5,0.5,True,42,3,3,0.35555555555555557,0.3255813953488372,0.341897233201581,45,23.079514370998368,0.004792177001945674,0.10649282226545942,0.01410675048828125,3698,0.0,26.55078125,0.528671678042773,0.548875474117019,0.5676280200481415,21,31
D,4,8,4,32,64,0.3,0.001,32,50,0.0,0.1,10,5,0.5,True,42,4,4,0.5777777777777777,0.6984126984126985,0.7628458498023716,45,27.68658807198517,0.004707109008450061,0.10460242241000135,0.01410675048828125,3698,0.0,26.55078125,0.5216102931987155,0.533838787765214,0.5665886084238688,27,37
D,4,8,4,32,64,0.3,0.001,32,50,0.0,0.1,10,5,0.5,True,42,5,5,0.5555555555555556,0.6428571428571429,0.5238095238095238,45,20.711038105015177,0.0018936129636131227,0.042080288080291614,0.01410675048828125,3698,0.0,26.55078125,0.5311503211657206,0.5690076159256877,0.5837097764015198,18,28
D,4,8,4,32,64,0.3,0.001,32,50,0.0,0.1,10,5,0.5,True,42,6,6,0.4444444444444444,0.3243243243243243,0.45238095238095244,45,17.222996444033924,0.003750139963813126,0.08333644364029169,0.01410675048828125,3698,0.0,26.55078125,0.548080377054937,0.5864368033680049,0.5919599811236064,13,23
D,4,8,4,32,64,0.3,0.001,32,50,0.0,0.1,10,5,0.5,True,42,7,7,0.9555555555555556,0.9565217391304348,1.0,45,20.674607507011387,0.004780720977578312,0.10623824394618471,0.01410675048828125,3698,0.0,26.55078125,0.5427731785810355,0.5742469904097643,0.5567638496557872,18,28
D,4,8,4,32,64,0.3,0.001,32,50,0.0,0.1,10,5,0.5,True,42,8,8,0.6666666666666666,0.6666666666666666,0.7549407114624507,45,21.022483525041025,0.0047835150035098195,0.10630033341132931,0.01410675048828125,3698,0.0,26.55078125,0.5378591138305087,0.5695526816628196,0.5677578608194987,18,28
D,4,8,4,32,64,0.3,0.001,32,50,0.0,0.1,10,5,0.5,True,42,9,9,0.6222222222222222,0.4848484848484849,0.6051587301587302,45,19.89015550998738,0.004816479980945587,0.1070328884654575,0.01410675048828125,3698,0.0,26.55078125,0.552771595165585,0.5682226787462379,0.5939398070176443,17,27
D,4,8,4,32,64,0.3,0.001,32,50,0.0,0.1,10,5,0.5,True,42,10,10,0.6,0.64,0.6944444444444445,45,20.89034951099893,0.004641456005629152,0.10314346679175893,0.01410675048828125,3698,0.0,26.55078125,0.5482662591067228,0.5638337370121118,0.579060024023056,18,28
D,4,8,4,32,64,0.3,0.001,32,50,0.0,0.1,10,5,0.5,True,42,11,11,0.6666666666666666,0.6808510638297872,0.5968379446640316,45,20.22236223501386,0.0047856090241111815,0.10634686720247069,0.01410675048828125,3698,0.0,26.55078125,0.5478710207072172,0.5686209863333991,0.5865211645762126,17,27
D,4,8,4,32,64,0.3,0.001,32,50,0.0,0.1,10,5,0.5,True,42,12,12,0.7777777777777778,0.75,0.878968253968254,45,15.010079453990329,0.004700332996435463,0.10445184436523253,0.01410675048828125,3698,0.0,26.55078125,0.5603965482476986,0.594393226684946,0.5923553844292958,10,20
D,4,8,4,32,64,0.3,0.001,32,50,0.0,0.1,10,5,0.5,True,42,13,13,0.7714285714285715,0.7999999999999999,0.8725490196078431,35,19.445113221008796,0.004727081977762282,0.13505948507892235,0.01410675048828125,3698,0.0,26.55078125,0.5427911480267843,0.5714369833920941,0.5931498805681864,16,26
D,4,8,4,32,64,0.3,0.001,32,50,0.0,0.1,10,5,0.5,True,42,14,14,0.6222222222222222,0.6666666666666666,0.66600790513834,45,19.366032299993094,0.004482356947846711,0.09960793217437136,0.01410675048828125,3698,0.0,26.55078125,0.5510340626492645,0.5668515958117716,0.596589461962382,16,26
D,4,8,4,32,64,0.3,0.001,32,50,0.0,0.1,10,5,0.5,True,42,15,15,0.6888888888888889,0.7586206896551725,0.9565217391304348,45,24.563689069007523,0.004814313026145101,0.10698473391433558,0.01410675048828125,3698,0.0,26.55078125,0.5328665522463394,0.5593763388919107,0.5572778622309367,23,33
D,4,8,4,32,64,0.3,0.001,32,50,0.0,0.1,10,5,0.5,True,42,16,16,0.6666666666666666,0.7540983606557378,0.8142292490118577,45,19.482678503962234,0.004793850006535649,0.10653000014523664,0.01410675048828125,3698,0.0,26.55078125,0.5393356771180124,0.5784154814301115,0.5860791822274526,16,26
D,4,8,4,32,64,0.3,0.001,32,50,0.0,0.1,10,5,0.5,True,42,17,17,0.5714285714285714,0.18181818181818182,0.5068181818181818,42,22.355584445991553,0.00485406001098454,0.11557285740439381,0.01410675048828125,3698,0.0,26.55078125,0.5313595296307043,0.5589800093210104,0.604882957537969,20,30
D,4,8,4,32,64,0.3,0.001,32,50,0.0,0.1,10,5,0.5,True,42,18,18,0.4888888888888889,0.0,0.5573122529644269,45,20.852803725982085,0.004861896042712033,0.10804213428248963,0.01410675048828125,3698,0.0,26.55078125,0.5413146601481871,0.5680401081388647,0.5913504203160603,18,28
D,4,8,4,32,64,0.3,0.001,32,50,0.0,0.1,10,5,0.5,True,42,19,19,0.7555555555555555,0.7924528301886793,0.883399209486166,45,23.13067088497337,0.004845569026656449,0.10767931170347664,0.01410675048828125,3698,0.0,26.55078125,0.5338201247381441,0.5474773530255664,0.5579265216986339,21,31
D,4,8,4,32,64,0.3,0.001,32,50,0.0,0.1,10,5,0.5,True,42,20,20,0.5333333333333333,0.46153846153846156,0.533596837944664,45,16.28409811196616,0.004850189958233386,0.10778199907185303,0.01410675048828125,3698,0.0,26.55078125,0.5536585612730547,0.5853227279854544,0.5640234808127086,12,22
D,4,8,4,32,64,0.3,0.001,32,50,0.0,0.1,10,5,0.5,True,42,21,21,0.5333333333333333,0.6666666666666666,0.8809523809523809,45,19.194697781000286,0.00466485699871555,0.10366348886034556,0.01410675048828125,3698,0.0,26.55078125,0.5421192359292146,0.5719881292545435,0.5859727124373119,16,26
D,4,8,4,32,64,0.3,0.001,32,50,0.0,0.1,10,5,0.5,True,42,22,22,0.5333333333333333,0.5531914893617021,0.5731225296442688,45,16.93473771197023,0.0044727459899149835,0.09939435533144408,0.01410675048828125,3698,0.0,26.55078125,0.5510488096060175,0.5821519480510191,0.5876646518707276,13,23
D,4,8,4,32,64,0.3,0.001,32,50,0.0,0.1,10,5,0.5,True,42,23,23,0.6363636363636364,0.7241379310344828,0.8450413223140496,44,17.7131235699635,0.0044499890063889325,0.10113611378156664,0.01410675048828125,3698,0.0,26.55078125,0.5465374801195029,0.5741692991419272,0.5960055192311605,14,24
D,4,8,4,32,64,0.3,0.001,32,50,0.0,0.1,10,5,0.5,True,42,24,24,0.6111111111111112,0.7586206896551725,0.6363636363636364,18,23.93985009100288,0.003353771986439824,0.18632066591332355,0.01410675048828125,3698,0.0,26.55078125,0.5221182533672878,0.5488022917643526,0.599912945429484,22,32
D,4,8,4,32,64,0.3,0.001,32,50,0.0,0.1,10,5,0.5,True,42,25,25,0.7555555555555555,0.7755102040816326,0.83399209486166,45,23.72665597300511,0.004813164996448904,0.10695922214330898,0.01410675048828125,3698,0.0,26.55078125,0.5352066710139766,0.5573895221406763,0.5817948122819264,22,32
D,4,8,4,32,64,0.3,0.001,32,50,0.0,0.1,10,5,0.5,True,42,26,26,0.8,0.7999999999999999,0.8968253968253967,45,13.450264327984769,0.004852419951930642,0.1078315544873476,0.01410675048828125,3698,0.0,26.55078125,0.557086229550116,0.6038804697719488,0.5863824129104614,8,18
D,4,8,4,32,64,0.3,0.001,32,50,0.0,0.1,10,5,0.5,True,42,27,27,0.4666666666666667,0.5555555555555556,0.6007905138339922,45,23.627720547025092,0.005716319021303207,0.1270293115845157,0.01410675048828125,3698,0.0,26.55078125,0.5402881785324125,0.5585602402235522,0.5653301616509755,22,32
D,4,8,4,32,64,0.3,0.001,32,50,0.0,0.1,10,5,0.5,True,42,28,28,0.5555555555555556,0.5454545454545454,0.5810276679841897,45,15.642262506007683,0.004798386013135314,0.10663080029189587,0.01410675048828125,3698,0.0,26.55078125,0.5630378745722048,0.5842677833455981,0.5900343120098114,11,21
D,4,8,4,32,64,0.3,0.001,32,50,0.0,0.1,10,5,0.5,True,42,29,29,0.8666666666666667,0.875,0.9782608695652173,45,20.026010362955276,0.004801117989700288,0.10669151088222861,0.01410675048828125,3698,0.0,26.55078125,0.5477372949773615,0.5709130608222701,0.5769402503967285,17,27
D,4,8,4,32,64,0.3,0.001,32,50,0.0,0.1,10,5,0.5,True,42,30,30,0.6888888888888889,0.6818181818181819,0.7797619047619047,45,22.26296270696912,0.004674721974879503,0.10388271055287786,0.01410675048828125,3698,0.0,26.55078125,0.5362664826891639,0.5586308505047451,0.5762929995854695,20,30
D,4,8,4,32,64,0.3,0.001,32,50,0.0,0.1,10,5,0.5,True,42,31,31,0.8222222222222222,0.8260869565217391,0.8616600790513834,45,23.733067416003905,0.004811402992345393,0.10692006649656427,0.01410675048828125,3698,0.0,26.55078125,0.5456128014308034,0.5530799611499815,0.5903304974238078,22,32
D,4,8,4,32,64,0.3,0.001,32,50,0.0,0.1,10,5,0.5,True,42,32,32,0.8181818181818182,0.8260869565217391,0.8923395445134575,44,12.47803306998685,0.004664261010475457,0.10600593205626038,0.01410675048828125,3698,0.0,26.55078125,0.5706833585193662,0.605142078164852,0.5849114120006561,7,17
D,4,8,4,32,64,0.3,0.001,32,50,0.0,0.1,10,5,0.5,True,42,33,33,0.7555555555555555,0.6857142857142856,0.8814229249011858,45,17.15897737798514,0.0047030270216055214,0.10451171159123382,0.01410675048828125,3698,0.0,26.55078125,0.5587524866515939,0.5848309582833088,0.5819809774557749,13,23
D,4,8,4,32,64,0.3,0.001,32,50,0.0,0.1,10,5,0.5,True,42,34,34,0.7111111111111111,0.7636363636363636,0.9166666666666667,45,17.018170795985498,0.0037407350027933717,0.08312744450651936,0.01410675048828125,3698,0.0,26.55078125,0.5490788968675064,0.5881985868468429,0.6015409032503763,13,23
D,4,8,4,32,64,0.3,0.001,32,50,0.0,0.1,10,5,0.5,True,42,35,35,0.7333333333333333,0.6666666666666667,0.8636363636363636,45,22.28591369697824,0.004687048029154539,0.10415662287010087,0.01410675048828125,3698,0.0,26.55078125,0.5360203051205837,0.5596326424768476,0.5859418054421742,20,30
D,4,8,4,32,64,0.3,0.001,32,50,0.0,0.1,10,5,0.5,True,42,36,36,0.5,0.5925925925925926,0.5950413223140496,44,20.78235506103374,0.004686986037995666,0.10652240995444695,0.01410675048828125,3698,0.0,26.55078125,0.5427545397119089,0.5579885666569074,0.5955925981203715,18,28
D,4,8,4,32,64,0.3,0.001,32,50,0.0,0.1,10,5,0.5,True,42,37,37,0.5111111111111111,0.0,0.48023715415019763,45,33.33029988297494,0.002394829993136227,0.053218444291916155,0.01410675048828125,3698,0.0,26.55078125,0.5212185382843018,0.5317539753335895,0.5699290494124095,35,45
D,4,8,4,32,64,0.3,0.001,32,50,0.0,0.1,10,5,0.5,True,42,38,38,0.6,0.55,0.6541501976284586,45,16.889025785028934,0.004674360039643943,0.10387466754764318,0.01410675048828125,3698,0.0,26.55078125,0.5487247190692208,0.5833079180482662,0.5749394635359446,13,23
D,4,8,4,32,64,0.3,0.001,32,50,0.0,0.1,10,5,0.5,True,42,39,39,0.5909090909090909,0.6538461538461537,0.6024844720496895,44,20.902835413988214,0.004433704016264528,0.10076600036964836,0.01410675048828125,3698,0.0,26.55078125,0.5361522348089651,0.563933990669973,0.569702786207199,18,28
D,4,8,4,32,64,0.3,0.001,32,50,0.0,0.1,10,5,0.5,True,42,40,40,0.4444444444444444,0.5614035087719298,0.40674603174603174,45,20.170914624992292,0.004049456038046628,0.08998791195659174,0.01410675048828125,3698,0.0,26.55078125,0.5356705949613543,0.5629639810684955,0.6016431391239166,17,27
D,4,8,4,32,64,0.3,0.001,32,50,0.0,0.1,10,5,0.5,True,42,41,41,0.5777777777777777,0.3870967741935483,0.625,45,14.874701037013438,0.003320622956380248,0.0737916212528944,0.01410675048828125,3698,0.0,26.55078125,0.5587557012384589,0.5869350853291425,0.5949013690153758,10,20
D,4,8,4,32,64,0.3,0.001,32,50,0.0,0.1,10,5,0.5,True,42,42,42,0.8444444444444444,0.8205128205128205,0.9407114624505929,45,18.418286865984555,0.005733347963541746,0.1274077325231499,0.01410675048828125,3698,0.0,26.55078125,0.5507661345781703,0.5703290206464854,0.5994133392969767,15,25
D,4,8,4,32,64,0.3,0.001,32,50,0.0,0.1,10,5,0.5,True,42,43,43,0.9111111111111111,0.9,0.9525691699604744,45,18.684023206005804,0.004803936986718327,0.10675415526040725,0.01410675048828125,3698,0.0,26.55078125,0.547038047151132,0.5792973599199093,0.5799948036670685,15,25
D,4,8,4,32,64,0.3,0.001,32,50,0.0,0.1,10,5,0.5,True,42,44,44,0.7931034482758621,0.8000000000000002,0.861904761904762,29,23.603249948006123,0.0035369250108487904,0.12196293140857897,0.01410675048828125,3698,0.0,26.55078125,0.5307791233062744,0.5482033854632666,0.5982717514038086,22,32
D,4,8,4,32,64,0.3,0.001,32,50,0.0,0.1,10,5,0.5,True,42,45,45,0.6,0.4375,0.7905138339920948,45,20.776402361982036,0.004822315997444093,0.10716257772097985,0.01410675048828125,3698,0.0,26.55078125,0.5359289488106063,0.5634449914549337,0.5869223654270173,18,28
D,4,8,4,32,64,0.3,0.001,32,50,0.0,0.1,10,5,0.5,True,42,46,46,0.7555555555555555,0.7441860465116279,0.8280632411067194,45,16.252383809012827,0.004778321017511189,0.10618491150024865,0.01410675048828125,3698,0.0,26.55078125,0.5481125213431589,0.5882701027122411,0.5848369856675466,12,22
D,4,8,4,32,64,0.3,0.001,32,50,0.0,0.1,10,5,0.5,True,42,47,47,0.4444444444444444,0.5901639344262294,0.6091269841269842,45,11.900947185989935,0.004667070985306054,0.10371268856235676,0.01410675048828125,3698,0.0,26.55078125,0.579050949351354,0.6116044254917087,0.5940478185812632,6,16
D,4,8,4,32,64,0.3,0.001,32,50,0.0,0.1,10,5,0.5,True,42,48,48,0.5294117647058824,0.4285714285714285,0.9,17,20.197818510991056,0.003415975021198392,0.20093970712931716,0.01410675048828125,3698,0.0,26.55078125,0.5397022848290608,0.5682297812816792,0.6126535654067993,17,27
D,4,8,4,32,64,0.3,0.001,32,50,0.0,0.1,10,5,0.5,True,42,49,49,0.6888888888888889,0.7586206896551725,0.9782608695652173,45,17.924856126017403,0.004831759026274085,0.10737242280609079,0.01410675048828125,3698,0.0,26.55078125,0.5467099843151642,0.5868043820514823,0.584244704246521,14,24
D,4,8,4,32,64,0.3,0.001,32,50,0.0,0.1,10,5,0.5,True,42,50,50,0.5555555555555556,0.16666666666666669,0.5889328063241107,45,14.002261454006657,0.004851805977523327,0.10781791061162949,0.01410675048828125,3698,0.0,26.55078125,0.5600821391651125,0.5967671374479929,0.5819949726263682,9,19
D,4,8,4,32,64,0.3,0.001,32,50,0.0,0.1,10,5,0.5,True,42,51,51,0.5333333333333333,0.6666666666666666,0.7222222222222223,45,13.396335027005989,0.004701444006059319,0.10447653346798487,0.01410675048828125,3698,0.0,26.55078125,0.5599989787195668,0.6033517413518645,0.6013427396615346,8,18
D,4,8,4,32,64,0.3,0.001,32,50,0.0,0.1,10,5,0.5,True,42,52,52,0.7804878048780488,0.7272727272727273,0.9114832535885167,41,20.77865352097433,0.0048464349820278585,0.11820573126897216,0.01410675048828125,3698,0.0,26.55078125,0.5435390266956706,0.5587040576519389,0.5889821728070577,18,28
D,4,8,4,32,64,0.3,0.001,32,50,0.0,0.1,10,5,0.5,True,42,53,53,0.4418604651162791,0.4285714285714286,0.49350649350649356,43,14.026782130997162,0.004650746996048838,0.1081569068848567,0.01410675048828125,3698,0.0,26.55078125,0.5573711422356692,0.5925854394833246,0.5859433432420095,9,19
D,4,8,4,32,64,0.3,0.001,32,50,0.0,0.1,10,5,0.5,True,42,54,54,0.7435897435897436,0.6875,0.8179347826086957,39,15.583193226950243,0.004670724039897323,0.11976215486916211,0.01410675048828125,3698,0.0,26.55078125,0.5609702506300175,0.5918598330833695,0.5830326040585836,11,21
D,4,8,4,32,64,0.3,0.001,32,50,0.0,0.1,10,5,0.5,True,42,55,55,0.7777777777777778,0.7058823529411764,0.9189723320158103,45,17.118238656024914,0.00465920299757272,0.10353784439050488,0.01410675048828125,3698,0.0,26.55078125,0.5469244174433477,0.5707201783855756,0.5981205105781555,13,23
D,4,8,4,32,64,0.3,0.001,32,50,0.0,0.1,10,5,0.5,True,42,56,56,0.8636363636363636,0.8636363636363636,0.9132231404958677,44,25.29132604401093,0.004854200000409037,0.11032272728202357,0.01410675048828125,3698,0.0,26.55078125,0.5247611076091275,0.5452471449971199,0.6028858760992686,24,34
D,4,8,4,32,64,0.3,0.001,32,50,0.0,0.1,10,5,0.5,True,42,57,57,0.5333333333333333,0.5333333333333333,0.6071428571428572,45,15.684350800001994,0.004067947971634567,0.09039884381410149,0.01410675048828125,3698,0.0,26.55078125,0.5416861183264039,0.5877025522517435,0.5941457728544871,11,21
D,4,8,4,32,64,0.3,0.001,32,50,0.0,0.1,10,5,0.5,True,42,58,58,0.6666666666666666,0.5945945945945946,0.7638888888888888,45,16.407207140990067,0.0032761780312284827,0.07280395624952184,0.01410675048828125,3698,0.0,26.55078125,0.5514883148399267,0.5849671350284056,0.6071781595547994,12,22
D,4,8,4,32,64,0.3,0.001,32,50,0.0,0.1,10,5,0.5,True,42,59,59,0.6,0.3076923076923077,0.6666666666666667,45,17.99621751200175,0.005815063021145761,0.129223622692128,0.01410675048828125,3698,0.0,26.55078125,0.5462220710786906,0.5828242326776186,0.5979141036669413,14,24
D,4,8,4,32,64,0.3,0.001,32,50,0.0,0.1,10,5,0.5,True,42,60,60,0.8636363636363636,0.8636363636363636,0.9318181818181819,44,19.376005809986964,0.006323568988591433,0.14371747701344165,0.01410675048828125,3698,0.0,26.55078125,0.545793658178864,0.5747988761374445,0.6065374096234639,16,26
D,4,8,4,32,64,0.3,0.001,32,50,0.0,0.1,10,5,0.5,True,42,61,61,0.7441860465116279,0.7755102040816326,0.8636363636363636,43,33.65760268300073,0.004831657046452165,0.11236411735935266,0.01410675048828125,3698,0.0,26.55078125,0.520694083562403,0.5242290056564591,0.6010268231232961,35,45
D,4,8,4,32,64,0.3,0.001,32,50,0.0,0.1,10,5,0.5,True,42,62,62,0.8444444444444444,0.8205128205128205,0.9723320158102766,45,13.247226453968324,0.004674448980949819,0.10387664402110709,0.01410675048828125,3698,0.0,26.55078125,0.5599970677585313,0.5974202810814886,0.61880930463473,8,18
D,4,8,4,32,64,0.3,0.001,32,50,0.0,0.1,10,5,0.5,True,42,63,63,0.4418604651162791,0.14285714285714288,0.42207792207792205,43,20.039091746963095,0.004461091011762619,0.10374630259913069,0.01410675048828125,3698,0.0,26.55078125,0.5400010166746197,0.5572371882471171,0.6129348337650299,17,27
D,4,8,4,32,64,0.3,0.001,32,50,0.0,0.1,10,5,0.5,True,42,64,64,0.4888888888888889,0.6461538461538462,0.7608695652173914,45,14.142853757948615,0.004800862981937826,0.10668584404306279,0.01410675048828125,3698,0.0,26.55078125,0.5572240937388304,0.5924409643718691,0.6179581423600514,9,19
D,4,8,4,32,64,0.3,0.001,32,50,0.0,0.1,10,5,0.5,True,42,65,65,0.8444444444444444,0.8372093023255814,0.876984126984127,45,13.415079585975036,0.006141652003861964,0.13648115564137697,0.01410675048828125,3698,0.0,26.55078125,0.5532198643142526,0.6017447380405484,0.610572882493337,8,18
D,4,8,4,32,64,0.3,0.001,32,50,0.0,0.1,10,5,0.5,True,42,66,66,0.5333333333333333,0.4878048780487805,0.567193675889328,45,22.35115645203041,0.004829293000511825,0.10731762223359612,0.01410675048828125,3698,0.0,26.55078125,0.5326857329769568,0.5601150488311594,0.6219780365626018,20,30
D,4,8,4,32,64,0.3,0.001,32,50,0.0,0.1,10,5,0.5,True,42,67,67,0.5777777777777777,0.42424242424242425,0.6956521739130436,45,24.503681227972265,0.004845149989705533,0.10766999977123407,0.01410675048828125,3698,0.0,26.55078125,0.5293999242060112,0.5430367640925177,0.6142574608325958,23,33
D,4,8,4,32,64,0.3,0.001,32,50,0.0,0.1,10,5,0.5,True,42,68,68,0.6,0.5714285714285715,0.6403162055335968,45,19.25421117397491,0.004831183003261685,0.10735962229470411,0.01410675048828125,3698,0.0,26.55078125,0.5450168793851679,0.5757366136619539,0.610081406434377,16,26
D,4,8,4,32,64,0.3,0.001,32,50,0.0,0.1,10,5,0.5,True,42,69,69,0.5555555555555556,0.6153846153846153,0.5178571428571428,45,18.497673095029313,0.004765185993164778,0.10589302207032839,0.01410675048828125,3698,0.0,26.55078125,0.5548999815276174,0.5769975756605467,0.6133934756120046,15,25
D,4,8,4,32,64,0.3,0.001,32,50,0.0,0.1,10,5,0.5,True,42,70,70,0.7333333333333333,0.7,0.8557312252964426,45,13.412818098033313,0.004826646996662021,0.10725882214804491,0.01410675048828125,3698,0.0,26.55078125,0.5623683434995738,0.6022993859016534,0.6156658967336018,8,18
D,4,8,4,32,64,0.3,0.001,32,50,0.0,0.1,10,5,0.5,True,42,71,71,0.8222222222222222,0.8095238095238095,0.958498023715415,45,20.201983044971712,0.004792288003955036,0.10649528897677858,0.01410675048828125,3698,0.0,26.55078125,0.5337753621014681,0.5630192424763333,0.6294947187105815,17,27
D,4,8,4,32,64,0.3,0.001,32,50,0.0,0.1,10,5,0.5,True,42,72,72,0.8888888888888888,0.8936170212765957,0.950592885375494,45,13.351289044017904,0.0023967730230651796,0.053261622734781765,0.01410675048828125,3698,0.0,26.55078125,0.5621919171376661,0.5992843506462646,0.6164515078067779,8,18
D,4,8,4,32,64,0.3,0.001,32,50,0.0,0.1,10,5,0.5,True,42,73,73,0.7111111111111111,0.711111111111111,0.8003952569169961,45,14.682193372980691,0.004834194027353078,0.10742653394117951,0.01410675048828125,3698,0.0,26.55078125,0.5579568192814336,0.5912166425224507,0.6279146492481231,10,20
D,4,8,4,32,64,0.3,0.001,32,50,0.0,0.1,10,5,0.5,True,42,74,74,0.5333333333333333,0.6037735849056604,0.5932539682539683,45,11.124748085974716,0.0037578879855573177,0.08350862190127373,0.01410675048828125,3698,0.140625,26.55078125,0.568751746506402,0.6086959556648226,0.6246842781702677,5,15
D,4,8,4,32,64,0.3,0.001,32,50,0.0,0.1,10,5,0.5,True,42,75,75,0.9024390243902439,0.9090909090909091,0.9452380952380952,41,13.39845824596705,0.0024190539843402803,0.05900131669122635,0.01410675048828125,3698,0.0,26.55078125,0.5630910771362709,0.6067999908418367,0.6030176043510437,8,18
D,4,8,4,32,64,0.3,0.001,32,50,0.0,0.1,10,5,0.5,True,42,76,76,0.4888888888888889,0.6461538461538462,0.658102766798419,45,16.233453692984767,0.002386160020250827,0.05302577822779616,0.01410675048828125,3698,0.0,26.55078125,0.5527717672062643,0.5851772657849572,0.6207926988601684,12,22
D,4,8,4,32,64,0.3,0.001,32,50,0.0,0.1,10,5,0.5,True,42,77,77,0.6222222222222222,0.711864406779661,0.6448412698412699,45,17.013727554003708,0.004640322993509471,0.10311828874465492,0.01410675048828125,3698,0.0,26.55078125,0.5492651907332016,0.5751927937522079,0.628742249806722,13,23
D,4,8,4,32,64,0.3,0.001,32,50,0.0,0.1,10,5,0.5,True,42,78,78,0.4666666666666667,0.5714285714285714,0.5434782608695652,45,29.76220075803576,0.0048622069880366325,0.10804904417859183,0.01410675048828125,3698,0.0,26.55078125,0.5041531775936936,0.5321909006346356,0.6004254976908366,30,40
D,4,8,4,32,64,0.3,0.001,32,50,0.0,0.1,10,5,0.5,True,42,79,79,0.525,0.5365853658536585,0.5575000000000001,40,13.410333661013283,0.004796208988409489,0.11990522471023723,0.01410675048828125,3698,0.0,26.55078125,0.5534343455325473,0.6089565525903846,0.5983277122179668,8,18
D,4,8,4,32,64,0.3,0.001,32,50,0.0,0.1,10,5,0.5,True,42,80,80,0.5777777777777777,0.3870967741935484,0.7312252964426877,45,19.988187234965153,0.005968059995211661,0.13262355544914803,0.01410675048828125,3698,0.0,26.55078125,0.541470156474547,0.5612192196827946,0.6167901217937469,17,27
D,4,8,4,32,64,0.3,0.001,32,50,0.0,0.1,10,5,0.5,True,42,81,81,0.4888888888888889,0.0,0.8814229249011857,45,25.318383307021577,0.0047748409560881555,0.10610757680195901,0.01410675048828125,3698,0.0,26.55078125,0.5316712287339297,0.5501393303275108,0.6070490856965383,24,34
D,4,8,4,32,64,0.3,0.001,32,50,0.0,0.1,10,5,0.5,True,42,82,82,0.6444444444444445,0.7333333333333334,0.849802371541502,45,17.744461864000186,0.006258179957512766,0.1390706657225059,0.01410675048828125,3698,0.0,26.55078125,0.547186877014059,0.5827155077096188,0.609139225880305,14,24
D,4,8,4,32,64,0.3,0.001,32,50,0.0,0.1,10,5,0.5,True,42,83,83,0.7368421052631579,0.6666666666666666,0.8642659279778393,38,15.393292361986823,0.004652203002478927,0.12242639480207704,0.01410675048828125,3698,0.0,26.55078125,0.5598910459966371,0.5904288562861356,0.6149154543876648,11,21
D,4,8,4,32,64,0.3,0.001,32,50,0.0,0.1,10,5,0.5,True,42,84,84,0.6590909090909091,0.6808510638297872,0.7805383022774326,44,15.294974762015045,0.0046318109962157905,0.10526843173217706,0.01410675048828125,3698,0.0,26.55078125,0.5585436272350225,0.592735917730765,0.6077391187349955,11,21
D,4,8,4,32,64,0.3,0.001,32,50,0.0,0.1,10,5,0.5,True,42,85,85,0.9318181818181818,0.9302325581395349,0.9772256728778468,44,17.691258063015994,0.004613583965692669,0.10485418103846975,0.01410675048828125,3698,0.0,26.55078125,0.5347823351621628,0.5679210625363119,0.6100027382373809,14,24
D,4,8,4,32,64,0.3,0.001,32,50,0.0,0.1,10,5,0.5,True,42,86,86,0.7045454545454546,0.6829268292682927,0.7722567287784678,44,16.195804437971674,0.0047121990355663,0.10709543262650682,0.01410675048828125,3698,0.0,26.55078125,0.5533441637050022,0.5760137422969847,0.6160120149453481,12,22
D,4,8,4,32,64,0.3,0.001,32,50,0.0,0.1,10,5,0.5,True,42,87,87,0.5555555555555556,0.6666666666666666,0.5711462450592886,45,31.00616898998851,0.00237254798412323,0.05272328853607178,0.01410675048828125,3698,0.0,26.55078125,0.5227840508926999,0.5351561793323719,0.5926178574562073,32,42
D,4,8,4,32,64,0.3,0.001,32,50,0.0,0.1,10,5,0.5,True,42,88,88,0.5636363636363636,0.52,0.671957671957672,55,11.199144537036773,0.004689434019383043,0.08526243671605532,0.01410675048828125,3698,0.0,26.55078125,0.5693753210432602,0.6156359199773181,0.6009539504845937,5,15
D,4,8,4,32,64,0.3,0.001,32,50,0.0,0.1,10,5,0.5,True,42,89,89,0.5777777777777777,0.5777777777777778,0.6150793650793651,45,13.33366461499827,0.003224182000849396,0.07164848890776436,0.01410675048828125,3698,0.0,26.55078125,0.5550618338765521,0.5942103135766406,0.613793142636617,8,18
D,4,8,4,32,64,0.3,0.001,32,50,0.0,0.1,10,5,0.5,True,42,90,90,0.6666666666666666,0.6153846153846153,0.7944664031620552,45,22.23753006401239,0.004438638046849519,0.09863640104110041,0.01410675048828125,3698,0.0,26.55078125,0.5302618658452323,0.5573389107982317,0.5973727564016978,20,30
D,4,8,4,32,64,0.3,0.001,32,50,0.0,0.1,10,5,0.5,True,42,91,91,0.5681818181818182,0.6984126984126985,0.8264462809917356,44,17.032344313978683,0.0046371950302273035,0.10539079614152962,0.01410675048828125,3698,0.0,26.55078125,0.5568911164547458,0.5876598897756953,0.6000633736451467,13,23
D,4,8,4,32,64,0.3,0.001,32,50,0.0,0.1,10,5,0.5,True,42,92,92,0.6428571428571429,0.6666666666666666,0.6987179487179487,56,16.176290063012857,0.0037426099879667163,0.06683232121369136,0.01410675048828125,3698,0.0,26.55078125,0.5491546530163649,0.5912581725102483,0.6267579436302185,12,22
D,4,8,4,32,64,0.3,0.001,32,50,0.0,0.1,10,5,0.5,True,42,93,93,0.7555555555555555,0.7555555555555555,0.8221343873517786,45,17.765467543969862,0.0061757119838148355,0.1372380440847741,0.01410675048828125,3698,0.0,26.55078125,0.5491444414312189,0.5772863585840572,0.6035679320494334,14,24
D,4,8,4,32,64,0.3,0.001,32,50,0.0,0.1,10,5,0.5,True,42,94,94,0.9090909090909091,0.9130434782608695,0.979296066252588,44,19.163158704002853,0.0047466380055993795,0.10787813649089499,0.01410675048828125,3698,0.0,26.55078125,0.5451892627911135,0.5776490153688373,0.626612538099289,16,26
D,4,8,4,32,64,0.3,0.001,32,50,0.0,0.1,10,5,0.5,True,42,95,95,0.7142857142857143,0.6666666666666666,0.75,28,20.038316318008583,0.0035508989822119474,0.12681782079328383,0.01410675048828125,3698,0.0,26.55078125,0.5495627030278697,0.5657062185081568,0.5828457951545716,17,27
D,4,8,4,32,64,0.3,0.001,32,50,0.0,0.1,10,5,0.5,True,42,96,96,0.7380952380952381,0.7843137254901961,0.7528344671201814,42,11.189217272971291,0.004607306967955083,0.10969778495131148,0.01410675048828125,3698,0.0,26.55078125,0.5663463240771582,0.6171332164244219,0.6083048423131306,5,15
D,4,8,4,32,64,0.3,0.001,32,50,0.0,0.1,10,5,0.5,True,42,97,97,0.5454545454545454,0.47368421052631576,0.4607438016528925,44,18.40010029199766,0.003254287992604077,0.07396109074100174,0.01410675048828125,3698,0.0,26.55078125,0.543683428430196,0.572090698462544,0.5949678043524425,15,25
D,4,8,4,32,64,0.3,0.001,32,50,0.0,0.1,10,5,0.5,True,42,98,98,0.6222222222222222,0.6666666666666667,0.6403162055335968,45,24.17412488901755,0.0032179710105992854,0.07151046690220633,0.01410675048828125,3698,0.0,26.55078125,0.5233858198379026,0.5491961150458364,0.6197027325630188,23,33
D,4,8,4,32,64,0.3,0.001,32,50,0.0,0.1,10,5,0.5,True,42,99,99,0.5581395348837209,0.4242424242424242,0.6580086580086579,43,15.44297756103333,0.004703129990957677,0.1093751160687832,0.01410675048828125,3698,0.0,26.55078125,0.5579289139220209,0.5890664069941549,0.6174139519532521,11,21
D,4,8,4,32,64,0.3,0.001,32,50,0.0,0.1,10,5,0.5,True,42,100,100,0.5277777777777778,0.6530612244897959,0.5030864197530864,36,20.812978650967125,0.003757002006750554,0.10436116685418205,0.01410675048828125,3698,0.0,26.55078125,0.5383544604886662,0.5691374612577034,0.5692047536373138,18,28
D,4,8,4,32,64,0.3,0.001,32,50,0.0,0.1,10,5,0.5,True,42,101,101,0.4888888888888889,0.08,0.6679841897233202,45,13.981133691966534,0.004398557008244097,0.09774571129431328,0.01410675048828125,3698,0.0,26.55078125,0.5590136769143018,0.6001033480420257,0.6157027880350748,9,19
D,4,8,4,32,64,0.3,0.001,32,50,0.0,0.1,10,5,0.5,True,42,102,102,0.7111111111111111,0.7346938775510203,0.7964426877470355,45,24.508099705039058,0.004871866956818849,0.10826371015152998,0.01410675048828125,3698,0.0,26.55078125,0.5238651222351826,0.5561612415494341,0.6084212263425192,23,33
D,4,8,4,32,64,0.3,0.001,32,50,0.0,0.1,10,5,0.5,True,42,103,103,0.7441860465116279,0.717948717948718,0.777056277056277,43,26.302827592007816,0.0043727869633585215,0.10169272007810515,0.01410675048828125,3698,0.0,26.55078125,0.5199628747773893,0.5455761992118575,0.5967708587646484,26,36
D,4,8,4,32,64,0.3,0.001,32,50,0.0,0.1,10,5,0.5,True,42,104,104,0.627906976744186,0.6923076923076923,0.7229437229437229,43,19.290597083978355,0.004374253971036524,0.10172683653573311,0.01410675048828125,3698,0.0,26.55078125,0.5362023724751039,0.5691069734819008,0.6090798020362854,16,26
D,4,8,4,32,64,0.3,0.001,32,50,0.0,0.1,10,5,0.5,True,42,105,105,0.6666666666666666,0.5161290322580644,0.6956521739130436,45,17.845871464000084,0.003970157995354384,0.08822573323009743,0.01410675048828125,3698,0.0,26.55078125,0.5432591919194568,0.5807225105888916,0.6252055366834005,14,24
D,4,8,4,32,64,0.3,0.001,32,50,0.0,0.1,10,5,0.5,True,42,106,106,0.5777777777777777,0.5581395348837208,0.5892857142857143,45,18.337235189974308,0.0029113040072843432,0.06469564460631874,0.01410675048828125,3698,0.0,26.55078125,0.5592934823397434,0.570981692861427,0.6008449057737987,15,25
D,4,8,4,32,64,0.3,0.001,32,50,0.0,0.1,10,5,0.5,True,42,107,107,0.6,0.6538461538461537,0.6726190476190476,45,16.30182655295357,0.004413924994878471,0.09808722210841046,0.01410675048828125,3698,0.0,26.55078125,0.56036645851352,0.5793060694228519,0.6024266958236695,12,22
D,4,8,4,32,64,0.3,0.001,32,50,0.0,0.1,10,5,0.5,True,42,108,108,0.8222222222222222,0.8333333333333333,0.9071146245059288,45,15.542271128972061,0.004427126026712358,0.09838057837138572,0.01410675048828125,3698,0.0,26.55078125,0.5507782930226037,0.5930722470987927,0.6241911391417185,11,21
