parameter_name,parameter_value,F1,D,F2,kernel_length,dropout_rate,learning_rate,batch_size,epochs,weight_decay,fold,subject,accuracy,f1_score,roc_auc,train_time_sec,inference_time_sec,inference_ms_per_sample,model_size_mb,num_parameters,train_memory_delta_mb,peak_gpu_memory_mb
D,1,8,1,8,64,0.25,0.001,32,20,0.0,1,1,0.6666666666666666,0.6153846153846154,0.6719367588932806,9.043780088999483,0.0021858410036657006,0.048574244525904454,0.011692047119140625,1130,0.01171875,25.7275390625
D,1,8,1,8,64,0.25,0.001,32,20,0.0,2,2,0.7111111111111111,0.6060606060606061,0.8636363636363636,9.052799539000262,0.0021778090012958273,0.04839575558435172,0.011692047119140625,1130,0.015625,25.728515625
D,1,8,1,8,64,0.25,0.001,32,20,0.0,3,3,0.5111111111111111,0.0,0.23517786561264822,9.040189309002017,0.002121935998729896,0.04715413330510879,0.011692047119140625,1130,0.01171875,25.7294921875
D,1,8,1,8,64,0.25,0.001,32,20,0.0,4,4,0.5111111111111111,0.0,0.6778656126482213,9.036178988993925,0.002166844002204016,0.04815208893786702,0.011692047119140625,1130,0.0078125,25.73046875
D,1,8,1,8,64,0.25,0.001,32,20,0.0,5,5,0.5333333333333333,0.6956521739130435,0.4543650793650794,9.062486326998624,0.002230819001852069,0.04957375559671265,0.011692047119140625,1130,0.01171875,25.7314453125
D,1,8,1,8,64,0.25,0.001,32,20,0.0,6,6,0.4666666666666667,0.6363636363636364,0.4920634920634921,9.045225537003716,0.0021877960025449283,0.04861768894544285,0.011692047119140625,1130,0.01171875,25.732421875
D,1,8,1,8,64,0.25,0.001,32,20,0.0,7,7,0.8222222222222222,0.8461538461538461,0.9683794466403162,9.076333525998052,0.002165516998502426,0.048122599966720574,0.011692047119140625,1130,0.01953125,25.7333984375
D,1,8,1,8,64,0.25,0.001,32,20,0.0,8,8,0.4888888888888889,0.0,0.8043478260869565,9.06851368000207,0.002189263999753166,0.04865031110562591,0.011692047119140625,1130,0.01171875,25.734375
D,1,8,1,8,64,0.25,0.001,32,20,0.0,9,9,0.5333333333333333,0.0,0.501984126984127,9.079019992997928,0.0021268249984132126,0.04726277774251584,0.011692047119140625,1130,0.01171875,25.7353515625
D,1,8,1,8,64,0.25,0.001,32,20,0.0,10,10,0.4666666666666667,0.6363636363636364,0.6686507936507937,9.068242973997258,0.0021399549950729124,0.04755455544606472,0.011692047119140625,1130,0.01171875,25.736328125
D,1,8,1,8,64,0.25,0.001,32,20,0.0,11,11,0.5111111111111111,0.0,0.5612648221343873,9.078059668005153,0.0021139039963600226,0.04697564436355606,0.011692047119140625,1130,0.01171875,25.7373046875
D,1,8,1,8,64,0.25,0.001,32,20,0.0,12,12,0.4666666666666667,0.0,0.8630952380952381,9.113069302999065,0.0021832570055266842,0.04851682234503742,0.011692047119140625,1130,0.01171875,25.73828125
D,1,8,1,8,64,0.25,0.001,32,20,0.0,13,13,0.4857142857142857,0.6538461538461539,0.6503267973856208,9.166730628996447,0.0020914839988108724,0.05975668568031064,0.011692047119140625,1130,0.01171875,25.7392578125
D,1,8,1,8,64,0.25,0.001,32,20,0.0,14,14,0.5333333333333333,0.16,0.6521739130434783,9.067809883999871,0.0021338790029403754,0.04741953339867501,0.011692047119140625,1130,0.0078125,25.740234375
D,1,8,1,8,64,0.25,0.001,32,20,0.0,15,15,0.4888888888888889,0.6567164179104478,0.9347826086956522,9.07786871999997,0.0021535750056500547,0.047857222347779,0.011692047119140625,1130,0.01171875,25.7412109375
D,1,8,1,8,64,0.25,0.001,32,20,0.0,16,16,0.4666666666666667,0.0,0.5711462450592886,9.066025633997924,0.0021210280028753914,0.04713395561945314,0.011692047119140625,1130,0.00390625,25.7421875
D,1,8,1,8,64,0.25,0.001,32,20,0.0,17,17,0.5714285714285714,0.18181818181818182,0.6295454545454545,9.083120130002499,0.002114323004207108,0.05034102390969305,0.011692047119140625,1130,0.0078125,25.7431640625
D,1,8,1,8,64,0.25,0.001,32,20,0.0,18,18,0.4888888888888889,0.0,0.3438735177865613,9.116391470997769,0.002179695002269,0.048437666717088886,0.011692047119140625,1130,0.0078125,25.744140625
D,1,8,1,8,64,0.25,0.001,32,20,0.0,19,19,0.7111111111111111,0.5806451612903226,0.8102766798418972,9.16229043200292,0.002109574001224246,0.046879422249427684,0.011692047119140625,1130,0.0078125,25.7451171875
D,1,8,1,8,64,0.25,0.001,32,20,0.0,20,20,0.5111111111111111,0.0,0.541501976284585,9.154298637004104,0.002105382998706773,0.04678628886015051,0.011692047119140625,1130,0.01171875,25.74609375
D,1,8,1,8,64,0.25,0.001,32,20,0.0,21,21,0.5333333333333333,0.0,0.8948412698412699,9.192978881001181,0.0022177589999046177,0.04928353333121373,0.011692047119140625,1130,0.015625,25.7470703125
D,1,8,1,8,64,0.25,0.001,32,20,0.0,22,22,0.5555555555555556,0.4444444444444444,0.5434782608695652,9.293355269997846,0.002276425999298226,0.05058724442884947,0.011692047119140625,1130,0.01171875,25.748046875
D,1,8,1,8,64,0.25,0.001,32,20,0.0,23,23,0.5,0.65625,0.7148760330578514,9.542228678998072,0.0022575690018129535,0.051308386404839854,0.011692047119140625,1130,0.01171875,25.7490234375
D,1,8,1,8,64,0.25,0.001,32,20,0.0,24,24,0.6111111111111112,0.7586206896551724,0.5064935064935066,9.382957294001244,0.0010097039994434454,0.05609466663574696,0.011692047119140625,1130,0.0078125,25.75
D,1,8,1,8,64,0.25,0.001,32,20,0.0,25,25,0.5111111111111111,0.6764705882352942,0.808300395256917,9.331476011000632,0.002266229006636422,0.05036064459192049,0.011692047119140625,1130,0.01171875,25.7509765625
D,1,8,1,8,64,0.25,0.001,32,20,0.0,26,26,0.4666666666666667,0.6363636363636364,0.5873015873015872,9.297281781000493,0.002286832001118455,0.05081848891374345,0.011692047119140625,1130,0.01171875,25.751953125
D,1,8,1,8,64,0.25,0.001,32,20,0.0,27,27,0.5333333333333333,0.08695652173913043,0.6541501976284585,9.308827061002376,0.002590853997389786,0.05757453327532858,0.011692047119140625,1130,0.01171875,25.7529296875
D,1,8,1,8,64,0.25,0.001,32,20,0.0,28,28,0.5111111111111111,0.6764705882352942,0.5948616600790515,9.29001654899912,0.002194640997913666,0.048769799953637026,0.011692047119140625,1130,0.01171875,25.75390625
D,1,8,1,8,64,0.25,0.001,32,20,0.0,29,29,0.4888888888888889,0.6567164179104478,0.9347826086956522,9.129386389999127,0.0021687300031771883,0.04819400007060419,0.011692047119140625,1130,0.0078125,25.7548828125
D,1,8,1,8,64,0.25,0.001,32,20,0.0,30,30,0.4666666666666667,0.6363636363636364,0.7182539682539683,9.151153377002629,0.0023960649996297434,0.053245888880660966,0.011692047119140625,1130,0.01171875,25.755859375
D,1,8,1,8,64,0.25,0.001,32,20,0.0,31,31,0.6444444444444445,0.5294117647058824,0.8003952569169961,9.113083061994985,0.0021447039980557747,0.04766008884568388,0.011692047119140625,1130,0.015625,25.7568359375
D,1,8,1,8,64,0.25,0.001,32,20,0.0,32,32,0.4772727272727273,0.0,0.668737060041408,9.087596225996094,0.002128780004568398,0.048381363740190864,0.011692047119140625,1130,0.00390625,25.7578125
D,1,8,1,8,64,0.25,0.001,32,20,0.0,33,33,0.5111111111111111,0.0,0.7885375494071146,9.080325686998549,0.00223410200123908,0.049646711138646216,0.011692047119140625,1130,0.015625,25.7587890625
D,1,8,1,8,64,0.25,0.001,32,20,0.0,34,34,0.5333333333333333,0.6956521739130435,0.9702380952380953,9.075300913005776,0.002109574001224246,0.046879422249427684,0.011692047119140625,1130,0.01171875,25.759765625
D,1,8,1,8,64,0.25,0.001,32,20,0.0,35,35,0.4888888888888889,0.0,0.7707509881422926,9.098001268001099,0.0021276629995554686,0.04728139999012153,0.011692047119140625,1130,0.01953125,25.7607421875
D,1,8,1,8,64,0.25,0.001,32,20,0.0,36,36,0.5,0.6666666666666666,0.4008264462809917,9.11088220399688,0.0021402350030257367,0.04864170461422129,0.011692047119140625,1130,0.01171875,25.76171875
D,1,8,1,8,64,0.25,0.001,32,20,0.0,37,37,0.4888888888888889,0.6567164179104478,0.4940711462450593,9.098715122003341,0.0023223820026032627,0.051608488946739174,0.011692047119140625,1130,0.0078125,25.7626953125
D,1,8,1,8,64,0.25,0.001,32,20,0.0,38,38,0.5111111111111111,0.0,0.5217391304347826,9.089118009993399,0.0021110409943503328,0.04691202209667406,0.011692047119140625,1130,0.015625,25.763671875
D,1,8,1,8,64,0.25,0.001,32,20,0.0,39,39,0.5227272727272727,0.0,0.5320910973084886,9.083513130994106,0.0021305260015651584,0.048421045490117234,0.011692047119140625,1130,0.015625,25.7646484375
D,1,8,1,8,64,0.25,0.001,32,20,0.0,40,40,0.4444444444444444,0.07407407407407407,0.4484126984126985,9.084241232005297,0.0021424689984996803,0.047610422188881785,0.011692047119140625,1130,0.01171875,25.765625
D,1,8,1,8,64,0.25,0.001,32,20,0.0,41,41,0.5333333333333333,0.0,0.5595238095238095,9.09044682199601,0.0021193510037846863,0.04709668897299303,0.011692047119140625,1130,0.01953125,25.7666015625
D,1,8,1,8,64,0.25,0.001,32,20,0.0,42,42,0.4888888888888889,0.0,0.9525691699604742,9.084876754001016,0.002165309000702109,0.04811797779338021,0.011692047119140625,1130,0.0078125,25.767578125
D,1,8,1,8,64,0.25,0.001,32,20,0.0,43,43,0.4888888888888889,0.6567164179104478,0.8557312252964426,9.080112174997339,0.002138698000635486,0.047526622236344136,0.011692047119140625,1130,0.01171875,25.7685546875
D,1,8,1,8,64,0.25,0.001,32,20,0.0,44,44,0.4827586206896552,0.0,0.8380952380952381,9.105248485997436,0.001294658999540843,0.04464341377727045,0.011692047119140625,1130,0.01171875,25.76953125
D,1,8,1,8,64,0.25,0.001,32,20,0.0,45,45,0.6444444444444445,0.4666666666666667,0.8063241106719368,9.082307725002465,0.0021537849970627576,0.04786188882361683,0.011692047119140625,1130,0.0078125,25.7705078125
D,1,8,1,8,64,0.25,0.001,32,20,0.0,46,46,0.4888888888888889,0.6567164179104478,0.7588932806324111,9.082345091002935,0.0022131509977043606,0.04918113328231912,0.011692047119140625,1130,0.0078125,25.771484375
D,1,8,1,8,64,0.25,0.001,32,20,0.0,47,47,0.4666666666666667,0.6363636363636364,0.6488095238095237,9.080648909999582,0.002229073994385544,0.04953497765301209,0.011692047119140625,1130,0.01171875,25.7724609375
D,1,8,1,8,64,0.25,0.001,32,20,0.0,48,48,0.6470588235294118,0.625,0.9,9.100714069994865,0.0009481729939579964,0.055774881997529197,0.011692047119140625,1130,0.015625,25.7734375
D,1,8,1,8,64,0.25,0.001,32,20,0.0,49,49,0.4888888888888889,0.6567164179104478,0.6225296442687747,9.097445329003676,0.0022305409947875887,0.049567577661946416,0.011692047119140625,1130,0.01953125,25.7744140625
D,1,8,1,8,64,0.25,0.001,32,20,0.0,50,50,0.5111111111111111,0.0,0.5731225296442688,9.086296605993994,0.0021463119992404245,0.04769582220534277,0.011692047119140625,1130,0.01171875,25.775390625
D,1,8,1,8,64,0.25,0.001,32,20,0.0,51,51,0.4666666666666667,0.6363636363636364,0.49603174603174605,9.140324068001064,0.0022356400004355237,0.04968088889856719,0.011692047119140625,1130,0.0078125,25.7763671875
D,1,8,1,8,64,0.25,0.001,32,20,0.0,52,52,0.5365853658536586,0.0,0.923444976076555,9.117954683999415,0.002311626994924154,0.05638114621766229,0.011692047119140625,1130,0.01171875,25.77734375
D,1,8,1,8,64,0.25,0.001,32,20,0.0,53,53,0.46511627906976744,0.0,0.4588744588744589,9.40679454000201,0.0024440479974146,0.05683832552126977,0.011692047119140625,1130,0.01171875,25.7783203125
D,1,8,1,8,64,0.25,0.001,32,20,0.0,54,54,0.6153846153846154,0.6153846153846154,0.7418478260869565,9.70136827499664,0.0020633399981306866,0.05290615379822273,0.011692047119140625,1130,0.0,25.779296875
D,1,8,1,8,64,0.25,0.001,32,20,0.0,55,55,0.4888888888888889,0.6567164179104478,0.8972332015810276,9.577965103999304,0.0021945720000076108,0.04876826666683579,0.011692047119140625,1130,0.015625,25.7802734375
D,1,8,1,8,64,0.25,0.001,32,20,0.0,56,56,0.5681818181818182,0.2962962962962963,0.8739669421487604,9.675577825997607,0.0022966110045672394,0.05219570464925544,0.011692047119140625,1130,0.0078125,25.78125
D,1,8,1,8,64,0.25,0.001,32,20,0.0,57,57,0.4666666666666667,0.6363636363636364,0.5238095238095237,9.24161249899771,0.0021787180012324825,0.04841595558294406,0.011692047119140625,1130,0.01171875,25.7822265625
D,1,8,1,8,64,0.25,0.001,32,20,0.0,58,58,0.4666666666666667,0.6363636363636364,0.6130952380952381,9.193851392003126,0.0021187240054132417,0.04708275567584982,0.011692047119140625,1130,0.015625,25.783203125
D,1,8,1,8,64,0.25,0.001,32,20,0.0,59,59,0.4888888888888889,0.30303030303030304,0.498015873015873,9.210785120005312,0.0033771360031096265,0.07504746673576948,0.011692047119140625,1130,0.01171875,25.7841796875
D,1,8,1,8,64,0.25,0.001,32,20,0.0,60,60,0.7954545454545454,0.8,0.8925619834710743,9.39985812100349,0.0022498869948321953,0.05113379533709535,0.011692047119140625,1130,0.015625,25.78515625
D,1,8,1,8,64,0.25,0.001,32,20,0.0,61,61,0.6046511627906976,0.41379310344827586,0.7705627705627706,9.131295047001913,0.0021707560008508153,0.05048269769420501,0.011692047119140625,1130,0.01171875,25.7861328125
D,1,8,1,8,64,0.25,0.001,32,20,0.0,62,62,0.9333333333333333,0.9361702127659575,0.9782608695652174,9.132977678003954,0.0022641340037807822,0.05031408897290627,0.011692047119140625,1130,0.01171875,25.787109375
D,1,8,1,8,64,0.25,0.001,32,20,0.0,63,63,0.5581395348837209,0.5957446808510638,0.5800865800865801,9.143403675996524,0.0021572770056081936,0.05016923268856264,0.011692047119140625,1130,0.0234375,25.7880859375
D,1,8,1,8,64,0.25,0.001,32,20,0.0,64,64,0.4888888888888889,0.6567164179104478,0.6758893280632412,9.362730164000823,0.002384751998761203,0.05299448886136007,0.011692047119140625,1130,0.01171875,25.7890625
D,1,8,1,8,64,0.25,0.001,32,20,0.0,65,65,0.8888888888888888,0.8837209302325582,0.8948412698412698,9.357755953999003,0.0022816650016466156,0.05070366670325813,0.011692047119140625,1130,0.01171875,25.7900390625
D,1,8,1,8,64,0.25,0.001,32,20,0.0,66,66,0.4888888888888889,0.0,0.5869565217391304,9.312533740005165,0.0021721529992646538,0.048270066650325634,0.011692047119140625,1130,0.015625,25.791015625
D,1,8,1,8,64,0.25,0.001,32,20,0.0,67,67,0.5111111111111111,0.6764705882352942,0.6027667984189724,9.176009718998102,0.0021417019961518236,0.04759337769226274,0.011692047119140625,1130,0.01171875,25.7919921875
D,1,8,1,8,64,0.25,0.001,32,20,0.0,68,68,0.5111111111111111,0.08333333333333333,0.691699604743083,9.40169202999823,0.0021044759996584617,0.04676613332574359,0.011692047119140625,1130,0.01953125,25.79296875
D,1,8,1,8,64,0.25,0.001,32,20,0.0,69,69,0.5333333333333333,0.5882352941176471,0.5753968253968254,9.111514980999345,0.002102102000208106,0.04671337778240235,0.011692047119140625,1130,0.015625,25.7939453125
D,1,8,1,8,64,0.25,0.001,32,20,0.0,70,70,0.7333333333333333,0.7142857142857143,0.83399209486166,9.119779093998659,0.002193804000853561,0.048751200018968016,0.011692047119140625,1130,0.015625,25.794921875
D,1,8,1,8,64,0.25,0.001,32,20,0.0,71,71,0.9111111111111111,0.92,0.9762845849802371,9.094911394997325,0.002138280004146509,0.047517333425477974,0.011692047119140625,1130,0.015625,25.7958984375
D,1,8,1,8,64,0.25,0.001,32,20,0.0,72,72,0.5111111111111111,0.6764705882352942,0.9565217391304348,9.097033192003437,0.0021396070005721413,0.04754682223493647,0.011692047119140625,1130,0.015625,25.796875
D,1,8,1,8,64,0.25,0.001,32,20,0.0,73,73,0.5111111111111111,0.0,0.5,9.25856669100176,0.002360726000915747,0.05246057779812771,0.011692047119140625,1130,0.01171875,25.7978515625
D,1,8,1,8,64,0.25,0.001,32,20,0.0,74,74,0.5333333333333333,0.0,0.5575396825396826,9.644009773997823,0.0022908840037416667,0.05090853341648149,0.011692047119140625,1130,0.01171875,25.798828125
D,1,8,1,8,64,0.25,0.001,32,20,0.0,75,75,0.8292682926829268,0.8444444444444444,0.9238095238095239,9.321267819999775,0.0021078290010336787,0.05141046343984582,0.011692047119140625,1130,0.015625,25.7998046875
D,1,8,1,8,64,0.25,0.001,32,20,0.0,76,76,0.5111111111111111,0.0,0.4901185770750988,9.369553789001657,0.0022264910003286786,0.04947757778508175,0.011692047119140625,1130,0.00390625,25.80078125
D,1,8,1,8,64,0.25,0.001,32,20,0.0,77,77,0.5333333333333333,0.6956521739130435,0.6349206349206349,9.434074857999803,0.0023218940041260794,0.0515976445361351,0.011692047119140625,1130,0.01953125,25.8017578125
D,1,8,1,8,64,0.25,0.001,32,20,0.0,78,78,0.4888888888888889,0.6567164179104478,0.5039525691699605,9.236091287006275,0.0021482669981196523,0.04773926662488116,0.011692047119140625,1130,0.0078125,25.802734375
D,1,8,1,8,64,0.25,0.001,32,20,0.0,79,79,0.4,0.52,0.49,9.257605667000462,0.0021101339953020215,0.05275334988255054,0.011692047119140625,1130,0.015625,25.8037109375
D,1,8,1,8,64,0.25,0.001,32,20,0.0,80,80,0.4888888888888889,0.6567164179104478,0.6778656126482214,9.223899334996531,0.0023925040004542097,0.05316675556564911,0.011692047119140625,1130,0.015625,25.8046875
D,1,8,1,8,64,0.25,0.001,32,20,0.0,81,81,0.4888888888888889,0.0,0.7075098814229248,9.274114057996485,0.0023153290021582507,0.051451755603516676,0.011692047119140625,1130,0.0078125,25.8056640625
D,1,8,1,8,64,0.25,0.001,32,20,0.0,82,82,0.5555555555555556,0.6774193548387096,0.8122529644268774,9.290857816995413,0.002345291002711747,0.05211757783803882,0.011692047119140625,1130,0.015625,25.806640625
D,1,8,1,8,64,0.25,0.001,32,20,0.0,83,83,0.5,0.6666666666666666,0.7368421052631579,9.313591076999728,0.0021993909977027215,0.05787871046586109,0.011692047119140625,1130,0.015625,25.8076171875
D,1,8,1,8,64,0.25,0.001,32,20,0.0,84,84,0.5454545454545454,0.6774193548387096,0.7805383022774326,9.27747554799862,0.002158604002033826,0.04905918186440513,0.011692047119140625,1130,0.01171875,25.80859375
D,1,8,1,8,64,0.25,0.001,32,20,0.0,85,85,0.8181818181818182,0.7647058823529411,0.9917184265010353,9.229488992998085,0.002317285005119629,0.05266556829817339,0.011692047119140625,1130,0.01953125,25.8095703125
D,1,8,1,8,64,0.25,0.001,32,20,0.0,86,86,0.5227272727272727,0.6865671641791045,0.6231884057971016,9.230456114004483,0.002253657003166154,0.051219477344685314,0.011692047119140625,1130,0.015625,25.810546875
D,1,8,1,8,64,0.25,0.001,32,20,0.0,87,87,0.5111111111111111,0.6764705882352942,0.46837944664031617,9.312003875995288,0.0024328010040335357,0.054062244534078575,0.011692047119140625,1130,0.015625,25.8115234375
D,1,8,1,8,64,0.25,0.001,32,20,0.0,88,88,0.4909090909090909,0.0,0.7116402116402116,9.180279961998167,0.0026553880015853792,0.04827978184700689,0.011692047119140625,1130,0.015625,25.8125
D,1,8,1,8,64,0.25,0.001,32,20,0.0,89,89,0.4666666666666667,0.6363636363636364,0.4444444444444444,9.367787546994805,0.002338236001378391,0.051960800030630916,0.011692047119140625,1130,0.01953125,25.8134765625
D,1,8,1,8,64,0.25,0.001,32,20,0.0,90,90,0.5111111111111111,0.6764705882352942,0.6679841897233202,9.27427306699974,0.00234577900118893,0.05212842224864289,0.011692047119140625,1130,0.0078125,25.814453125
D,1,8,1,8,64,0.25,0.001,32,20,0.0,91,91,0.5227272727272727,0.676923076923077,0.6528925619834711,9.285634313004266,0.002220901005784981,0.050475022858749566,0.011692047119140625,1130,0.015625,25.8154296875
D,1,8,1,8,64,0.25,0.001,32,20,0.0,92,92,0.5535714285714286,0.2857142857142857,0.744871794871795,9.345514558001014,0.0025903639980242588,0.04625649996471891,0.011692047119140625,1130,0.015625,25.81640625
D,1,8,1,8,64,0.25,0.001,32,20,0.0,93,93,0.6,0.7096774193548387,0.7905138339920948,9.419093866999901,0.0021953390023554675,0.04878531116345483,0.011692047119140625,1130,0.01171875,25.8173828125
D,1,8,1,8,64,0.25,0.001,32,20,0.0,94,94,0.8863636363636364,0.9019607843137255,0.9544513457556936,9.19249809699977,0.002313791002961807,0.05258615915822289,0.011692047119140625,1130,0.015625,25.818359375
D,1,8,1,8,64,0.25,0.001,32,20,0.0,95,95,0.7142857142857143,0.5,0.828125,9.216244050003297,0.0013231539996922947,0.047255499989010526,0.011692047119140625,1130,0.01171875,25.8193359375
D,1,8,1,8,64,0.25,0.001,32,20,0.0,96,96,0.5,0.08695652173913043,0.7324263038548752,9.195218995002506,0.0021129949964233674,0.05030940467674684,0.011692047119140625,1130,0.01171875,25.8203125
D,1,8,1,8,64,0.25,0.001,32,20,0.0,97,97,0.5,0.0,0.4648760330578513,9.189597075004713,0.0022394090046873316,0.05089565919743936,0.011692047119140625,1130,0.01953125,25.8212890625
D,1,8,1,8,64,0.25,0.001,32,20,0.0,98,98,0.5111111111111111,0.0,0.5830039525691699,9.330153679999057,0.0025073229990084656,0.055718288866854794,0.011692047119140625,1130,0.0078125,25.822265625
D,1,8,1,8,64,0.25,0.001,32,20,0.0,99,99,0.4418604651162791,0.14285714285714285,0.48268398268398266,9.349787972998456,0.003135619997920003,0.0729213953004652,0.011692047119140625,1130,0.01953125,25.8232421875
D,1,8,1,8,64,0.25,0.001,32,20,0.0,100,100,0.5,0.5,0.5401234567901234,9.599135008000303,0.0021243099981802516,0.059008611060562544,0.011692047119140625,1130,0.015625,25.82421875
D,1,8,1,8,64,0.25,0.001,32,20,0.0,101,101,0.5333333333333333,0.631578947368421,0.5375494071146245,9.814249614995788,0.0023114159994293004,0.051364799987317786,0.011692047119140625,1130,0.0078125,25.8251953125
D,1,8,1,8,64,0.25,0.001,32,20,0.0,102,102,0.4888888888888889,0.0,0.6818181818181819,9.273457802999474,0.002147776998754125,0.047728377750091665,0.011692047119140625,1130,0.01171875,25.826171875
D,1,8,1,8,64,0.25,0.001,32,20,0.0,103,103,0.4883720930232558,0.65625,0.764069264069264,9.46296761600388,0.002252678998047486,0.05238788367552293,0.011692047119140625,1130,0.0078125,25.8271484375
D,1,8,1,8,64,0.25,0.001,32,20,0.0,104,104,0.4883720930232558,0.65625,0.6688311688311688,9.22918288299843,0.0021873770019738004,0.050869232604041865,0.011692047119140625,1130,0.015625,25.828125
D,1,8,1,8,64,0.25,0.001,32,20,0.0,105,105,0.5111111111111111,0.0,0.8043478260869565,9.174018917998183,0.002281804001540877,0.050706755589797266,0.011692047119140625,1130,0.01171875,25.8291015625
D,1,8,1,8,64,0.25,0.001,32,20,0.0,106,106,0.4666666666666667,0.625,0.5575396825396826,9.158574089000467,0.0022787300040363334,0.05063844453414074,0.011692047119140625,1130,0.01171875,25.830078125
D,1,8,1,8,64,0.25,0.001,32,20,0.0,107,107,0.4666666666666667,0.6363636363636364,0.6190476190476191,9.199677978998807,0.0023968329987837933,0.053262955528528735,0.011692047119140625,1130,0.015625,25.8310546875
D,1,8,1,8,64,0.25,0.001,32,20,0.0,108,108,0.6888888888888889,0.5882352941176471,0.8359683794466405,9.186207300001115,0.002179204995627515,0.048426777680611446,0.011692047119140625,1130,0.01953125,25.83203125
D,2,8,2,16,64,0.25,0.001,32,20,0.0,1,1,0.5111111111111111,0.0,0.7055335968379447,10.845450856999378,0.0023457779971067794,0.052128399935706206,0.014682769775390625,1858,0.0390625,26.34423828125
D,2,8,2,16,64,0.25,0.001,32,20,0.0,2,2,0.6,0.7096774193548387,0.9229249011857708,10.838632823993976,0.002271815996209625,0.05048479991576944,0.014682769775390625,1858,0.0078125,26.34619140625
D,2,8,2,16,64,0.25,0.001,32,20,0.0,3,3,0.4444444444444444,0.6153846153846154,0.383399209486166,10.827984874005779,0.0023580010019941255,0.052400022266536124,0.014682769775390625,1858,0.01171875,26.34814453125
D,2,8,2,16,64,0.25,0.001,32,20,0.0,4,4,0.4888888888888889,0.6567164179104478,0.7569169960474308,10.822701757002505,0.002298915002029389,0.05108700004509754,0.014682769775390625,1858,0.015625,26.35009765625
D,2,8,2,16,64,0.25,0.001,32,20,0.0,5,5,0.5333333333333333,0.6956521739130435,0.5099206349206349,10.804903326003114,0.0022323560042423196,0.04960791120538488,0.014682769775390625,1858,0.01171875,26.35205078125
D,2,8,2,16,64,0.25,0.001,32,20,0.0,6,6,0.4888888888888889,0.6461538461538462,0.49007936507936506,10.796350003001862,0.0022752379954908974,0.05056084434424216,0.014682769775390625,1858,0.01953125,26.35400390625
D,2,8,2,16,64,0.25,0.001,32,20,0.0,7,7,0.4888888888888889,0.6567164179104478,0.9940711462450593,10.806419452994305,0.0023939689999679103,0.05319931111039801,0.014682769775390625,1858,0.0078125,26.35595703125
D,2,8,2,16,64,0.25,0.001,32,20,0.0,8,8,0.4888888888888889,0.0,0.7569169960474309,10.794083146000048,0.0023968329987837933,0.053262955528528735,0.014682769775390625,1858,0.01171875,26.35791015625
D,2,8,2,16,64,0.25,0.001,32,20,0.0,9,9,0.4888888888888889,0.5490196078431373,0.4861111111111111,10.83385228899715,0.00303916800476145,0.06753706677247667,0.014682769775390625,1858,0.0078125,26.35986328125
D,2,8,2,16,64,0.25,0.001,32,20,0.0,10,10,0.5333333333333333,0.6557377049180327,0.740079365079365,10.850002940002014,0.0023234990003402345,0.05163331111867188,0.014682769775390625,1858,0.01171875,26.36181640625
D,2,8,2,16,64,0.25,0.001,32,20,0.0,11,11,0.4888888888888889,0.6567164179104478,0.5177865612648221,10.83002160199976,0.0023002419984550215,0.05111648885455603,0.014682769775390625,1858,0.015625,26.36376953125
D,2,8,2,16,64,0.25,0.001,32,20,0.0,12,12,0.5333333333333333,0.6956521739130435,0.8333333333333334,10.787039175003883,0.0023058989972923882,0.05124219993983085,0.014682769775390625,1858,0.0078125,26.36572265625
D,2,8,2,16,64,0.25,0.001,32,20,0.0,13,13,0.6,0.4166666666666667,0.673202614379085,10.772099932000856,0.0021486849946086295,0.061390999845960845,0.014682769775390625,1858,0.0078125,26.36767578125
D,2,8,2,16,64,0.25,0.001,32,20,0.0,14,14,0.5111111111111111,0.6764705882352942,0.6699604743083004,10.761401904994273,0.0024263059967779554,0.05391791103951012,0.014682769775390625,1858,0.015625,26.36962890625
D,2,8,2,16,64,0.25,0.001,32,20,0.0,15,15,0.8222222222222222,0.8333333333333334,0.9328063241106721,10.754919601997244,0.002327480004169047,0.05172177787042326,0.014682769775390625,1858,0.01171875,26.37158203125
D,2,8,2,16,64,0.25,0.001,32,20,0.0,16,16,0.4888888888888889,0.14814814814814814,0.6185770750988142,10.738717337997514,0.002246534000732936,0.049922977794065244,0.014682769775390625,1858,0.015625,26.37353515625
D,2,8,2,16,64,0.25,0.001,32,20,0.0,17,17,0.6428571428571429,0.5945945945945946,0.6840909090909092,10.743184493003355,0.0022118220003903843,0.05266242858072344,0.014682769775390625,1858,0.015625,26.37548828125
D,2,8,2,16,64,0.25,0.001,32,20,0.0,18,18,0.5111111111111111,0.6764705882352942,0.49209486166007904,10.758836681998218,0.002273213001899421,0.050515844486653805,0.014682769775390625,1858,0.0078125,26.37744140625
D,2,8,2,16,64,0.25,0.001,32,20,0.0,19,19,0.4888888888888889,0.6567164179104478,0.8023715415019763,10.735350611001195,0.002258545995573513,0.05018991101274474,0.014682769775390625,1858,0.01171875,26.37939453125
D,2,8,2,16,64,0.25,0.001,32,20,0.0,20,20,0.4888888888888889,0.6567164179104478,0.5592885375494071,10.726927124000213,0.0023185399986687116,0.05152311108152693,0.014682769775390625,1858,0.01171875,26.38134765625
D,2,8,2,16,64,0.25,0.001,32,20,0.0,21,21,0.5333333333333333,0.0,0.8115079365079365,10.72892488099751,0.002252540005429182,0.050056444565092936,0.014682769775390625,1858,0.015625,26.38330078125
D,2,8,2,16,64,0.25,0.001,32,20,0.0,22,22,0.5333333333333333,0.16,0.6561264822134387,10.728380183994886,0.0022554730021511205,0.0501216222700249,0.014682769775390625,1858,0.015625,26.38525390625
D,2,8,2,16,64,0.25,0.001,32,20,0.0,23,23,0.4772727272727273,0.6461538461538462,0.7169421487603307,10.73522517499805,0.0022334730019792914,0.05076075004498389,0.014682769775390625,1858,0.01171875,26.38720703125
D,2,8,2,16,64,0.25,0.001,32,20,0.0,24,24,0.3888888888888889,0.0,0.4415584415584416,10.749423885004944,0.0010193420021096244,0.05663011122831247,0.014682769775390625,1858,0.0078125,26.38916015625
D,2,8,2,16,64,0.25,0.001,32,20,0.0,25,25,0.5111111111111111,0.6764705882352942,0.7628458498023716,10.71748506300355,0.0023416580006596632,0.05203684445910362,0.014682769775390625,1858,0.01171875,26.39111328125
D,2,8,2,16,64,0.25,0.001,32,20,0.0,26,26,0.4666666666666667,0.6363636363636364,0.6041666666666666,10.711687840004743,0.002245276002213359,0.04989502227140798,0.014682769775390625,1858,0.01171875,26.39306640625
D,2,8,2,16,64,0.25,0.001,32,20,0.0,27,27,0.4888888888888889,0.5490196078431373,0.6146245059288538,10.702032481996866,0.002312044998689089,0.051378777748646416,0.014682769775390625,1858,0.0078125,26.39501953125
D,2,8,2,16,64,0.25,0.001,32,20,0.0,28,28,0.4888888888888889,0.0,0.5454545454545454,10.703744304999418,0.0022368950012605637,0.049708777805790305,0.014682769775390625,1858,0.01171875,26.39697265625
D,2,8,2,16,64,0.25,0.001,32,20,0.0,29,29,0.4888888888888889,0.6567164179104478,0.9426877470355731,10.693086814004346,0.0022295939998002723,0.049546533328894936,0.014682769775390625,1858,0.0078125,26.39892578125
D,2,8,2,16,64,0.25,0.001,32,20,0.0,30,30,0.4666666666666667,0.6363636363636364,0.5396825396825397,10.696384773000318,0.0022594849942834117,0.05021077765074248,0.014682769775390625,1858,0.0078125,26.40087890625
D,2,8,2,16,64,0.25,0.001,32,20,0.0,31,31,0.6222222222222222,0.41379310344827586,0.8557312252964427,10.683166296999843,0.0022620000017923303,0.050266666706496224,0.014682769775390625,1858,0.015625,26.40283203125
D,2,8,2,16,64,0.25,0.001,32,20,0.0,32,32,0.5227272727272727,0.6865671641791045,0.7142857142857143,10.673154177995457,0.002202078001573682,0.05004722730849277,0.014682769775390625,1858,0.0078125,26.40478515625
D,2,8,2,16,64,0.25,0.001,32,20,0.0,33,33,0.4888888888888889,0.6567164179104478,0.5,10.66903218600055,0.002256938998471014,0.050154199966022536,0.014682769775390625,1858,0.0078125,26.40673828125
D,2,8,2,16,64,0.25,0.001,32,20,0.0,34,34,0.5333333333333333,0.6956521739130435,0.9246031746031745,10.673227115999907,0.0022621780008194037,0.0502706222404312,0.014682769775390625,1858,0.01953125,26.40869140625
D,2,8,2,16,64,0.25,0.001,32,20,0.0,35,35,0.7111111111111111,0.7547169811320755,0.8517786561264822,10.678533559999778,0.002343542997550685,0.05207873327890411,0.014682769775390625,1858,0.0078125,26.41064453125
D,2,8,2,16,64,0.25,0.001,32,20,0.0,36,36,0.5,0.0,0.41115702479338845,10.720411359994614,0.0024044450037763454,0.054646477358553304,0.014682769775390625,1858,0.01953125,26.41259765625
D,2,8,2,16,64,0.25,0.001,32,20,0.0,37,37,0.5111111111111111,0.0,0.5830039525691699,10.756545085998368,0.002387612999882549,0.053058066664056644,0.014682769775390625,1858,0.0078125,26.41455078125
D,2,8,2,16,64,0.25,0.001,32,20,0.0,38,38,0.5333333333333333,0.676923076923077,0.5138339920948617,10.735922325999127,0.002427004001219757,0.05393342224932793,0.014682769775390625,1858,0.01171875,26.41650390625
D,2,8,2,16,64,0.25,0.001,32,20,0.0,39,39,0.5681818181818182,0.6779661016949152,0.5693581780538302,10.7361058710012,0.002284806003444828,0.05192740916920063,0.014682769775390625,1858,0.01171875,26.41845703125
D,2,8,2,16,64,0.25,0.001,32,20,0.0,40,40,0.6,0.7272727272727273,0.4781746031746032,10.705800793999515,0.0022919300026842393,0.05093177783742754,0.014682769775390625,1858,0.0,26.42041015625
D,2,8,2,16,64,0.25,0.001,32,20,0.0,41,41,0.4666666666666667,0.6363636363636364,0.5892857142857142,10.722756438997749,0.0022540759964613244,0.05009057769914054,0.014682769775390625,1858,0.01171875,26.42236328125
D,2,8,2,16,64,0.25,0.001,32,20,0.0,42,42,0.7333333333333333,0.6470588235294118,0.9209486166007905,10.68784271000186,0.002238989996840246,0.04975533326311658,0.014682769775390625,1858,0.01171875,26.42431640625
D,2,8,2,16,64,0.25,0.001,32,20,0.0,43,43,0.7777777777777778,0.7619047619047619,0.8893280632411067,10.68618459499703,0.0022853650007164106,0.050785888904809125,0.014682769775390625,1858,0.0078125,26.42626953125
D,2,8,2,16,64,0.25,0.001,32,20,0.0,44,44,0.7931034482758621,0.8235294117647058,0.8904761904761904,10.681901542993728,0.0013728810008615255,0.047340724167638806,0.014682769775390625,1858,0.01171875,26.42822265625
D,2,8,2,16,64,0.25,0.001,32,20,0.0,45,45,0.5111111111111111,0.0,0.8063241106719368,10.681190622999566,0.002267974996357225,0.05039944436349389,0.014682769775390625,1858,0.0078125,26.43017578125
D,2,8,2,16,64,0.25,0.001,32,20,0.0,46,46,0.5111111111111111,0.0,0.8063241106719368,10.670489386000554,0.002261619003547821,0.05025820007884047,0.014682769775390625,1858,0.01171875,26.43212890625
D,2,8,2,16,64,0.25,0.001,32,20,0.0,47,47,0.4666666666666667,0.6363636363636364,0.6507936507936507,10.678860769003222,0.0023724570055492222,0.052721266789982714,0.014682769775390625,1858,0.00390625,26.43408203125
D,2,8,2,16,64,0.25,0.001,32,20,0.0,48,48,0.7647058823529411,0.7777777777777778,0.9142857142857144,10.806917960006103,0.001082966999092605,0.06370394112309441,0.014682769775390625,1858,0.01171875,26.43603515625
D,2,8,2,16,64,0.25,0.001,32,20,0.0,49,49,0.4888888888888889,0.5964912280701754,0.6047430830039526,10.808556590003718,0.0023691059977863915,0.052646799950808704,0.014682769775390625,1858,0.0078125,26.43798828125
D,2,8,2,16,64,0.25,0.001,32,20,0.0,50,50,0.4888888888888889,0.6567164179104478,0.5177865612648221,10.733625227003358,0.002249744997243397,0.04999433327207549,0.014682769775390625,1858,0.00390625,26.43994140625
D,2,8,2,16,64,0.25,0.001,32,20,0.0,51,51,0.4666666666666667,0.6363636363636364,0.5753968253968254,10.731252211000537,0.0023607240000274032,0.052460533333942294,0.014682769775390625,1858,0.0078125,26.44189453125
D,2,8,2,16,64,0.25,0.001,32,20,0.0,52,52,0.5853658536585366,0.19047619047619047,0.8899521531100478,10.705085265006346,0.0022496760066132993,0.054870146502763395,0.014682769775390625,1858,0.00390625,26.44384765625
D,2,8,2,16,64,0.25,0.001,32,20,0.0,53,53,0.46511627906976744,0.0,0.41341991341991347,10.737228159006918,0.002356883000175003,0.05481123256220937,0.014682769775390625,1858,0.01171875,26.44580078125
D,2,8,2,16,64,0.25,0.001,32,20,0.0,54,54,0.6923076923076923,0.6470588235294118,0.7771739130434783,10.742405116005102,0.00247596299595898,0.06348623066561487,0.014682769775390625,1858,0.00390625,26.44775390625
D,2,8,2,16,64,0.25,0.001,32,20,0.0,55,55,0.5111111111111111,0.0,0.8972332015810277,10.738900172000285,0.0026605550010572188,0.05912344446793819,0.014682769775390625,1858,0.0078125,26.44970703125
D,2,8,2,16,64,0.25,0.001,32,20,0.0,56,56,0.7045454545454546,0.7636363636363637,0.9256198347107438,11.186244675001944,0.0022946540047996677,0.052151227381810626,0.014682769775390625,1858,0.01953125,26.45166015625
D,2,8,2,16,64,0.25,0.001,32,20,0.0,57,57,0.4888888888888889,0.6461538461538462,0.5773809523809524,10.835405751000508,0.0023466859929612838,0.052148577621361866,0.014682769775390625,1858,0.0,26.45361328125
D,2,8,2,16,64,0.25,0.001,32,20,0.0,58,58,0.4666666666666667,0.6363636363636364,0.6329365079365079,10.759471599994868,0.002489163998689037,0.05531475552642304,0.014682769775390625,1858,0.01171875,26.45556640625
D,2,8,2,16,64,0.25,0.001,32,20,0.0,59,59,0.4666666666666667,0.6363636363636364,0.5138888888888888,10.730421583000862,0.0023075050048646517,0.05127788899699226,0.014682769775390625,1858,0.01171875,26.45751953125
D,2,8,2,16,64,0.25,0.001,32,20,0.0,60,60,0.6590909090909091,0.5161290322580645,0.8946280991735537,10.737392985996848,0.0023982290003914386,0.05450520455435087,0.014682769775390625,1858,0.01171875,26.45947265625
D,2,8,2,16,64,0.25,0.001,32,20,0.0,61,61,0.6744186046511628,0.5625,0.8181818181818182,10.674615432006249,0.002865262002160307,0.06663400005023969,0.014682769775390625,1858,0.0078125,26.46142578125
D,2,8,2,16,64,0.25,0.001,32,20,0.0,62,62,0.5111111111111111,0.0,0.9683794466403162,10.664874868998595,0.002269371005240828,0.050430466783129506,0.014682769775390625,1858,0.01171875,26.46337890625
D,2,8,2,16,64,0.25,0.001,32,20,0.0,63,63,0.4883720930232558,0.0,0.6168831168831169,10.66053622400068,0.0023533909989055246,0.05473002323036103,0.014682769775390625,1858,0.015625,26.46533203125
D,2,8,2,16,64,0.25,0.001,32,20,0.0,64,64,0.4888888888888889,0.6567164179104478,0.7154150197628459,10.668551902999752,0.0022740499989595264,0.05053444442132281,0.014682769775390625,1858,0.00390625,26.46728515625
D,2,8,2,16,64,0.25,0.001,32,20,0.0,65,65,0.4666666666666667,0.6363636363636364,0.8908730158730158,10.668506645997695,0.0023730160028208047,0.05273368895157343,0.014682769775390625,1858,0.01171875,26.46923828125
D,2,8,2,16,64,0.25,0.001,32,20,0.0,66,66,0.4888888888888889,0.0,0.6264822134387352,10.666735596001672,0.002336978002858814,0.05193284450797364,0.014682769775390625,1858,0.01953125,26.47119140625
D,2,8,2,16,64,0.25,0.001,32,20,0.0,67,67,0.5111111111111111,0.6764705882352942,0.5454545454545454,10.656114395998884,0.0023161650024121627,0.05147033338693695,0.014682769775390625,1858,0.01171875,26.47314453125
D,2,8,2,16,64,0.25,0.001,32,20,0.0,68,68,0.5111111111111111,0.6764705882352942,0.6324110671936758,10.686258975998498,0.0022583360041608103,0.05018524453690689,0.014682769775390625,1858,0.01171875,26.47509765625
D,2,8,2,16,64,0.25,0.001,32,20,0.0,69,69,0.5333333333333333,0.2222222222222222,0.5357142857142857,10.842351872001018,0.0024703759991098195,0.05489724442466266,0.014682769775390625,1858,0.00390625,26.47705078125
D,2,8,2,16,64,0.25,0.001,32,20,0.0,70,70,0.5555555555555556,0.23076923076923078,0.8656126482213439,11.024261457998364,0.0022331229993142188,0.04962495554031597,0.014682769775390625,1858,0.01171875,26.47900390625
D,2,8,2,16,64,0.25,0.001,32,20,0.0,71,71,0.5111111111111111,0.6764705882352942,0.9367588932806323,10.828831607999746,0.002313791002961807,0.05141757784359571,0.014682769775390625,1858,0.01171875,26.48095703125
D,2,8,2,16,64,0.25,0.001,32,20,0.0,72,72,0.4888888888888889,0.0,0.9407114624505929,10.736882791003154,0.002525340998545289,0.056118688856561974,0.014682769775390625,1858,0.01171875,26.48291015625
D,2,8,2,16,64,0.25,0.001,32,20,0.0,73,73,0.4888888888888889,0.6567164179104478,0.5474308300395256,10.753470439005469,0.0023313909987336956,0.0518086888607488,0.014682769775390625,1858,0.015625,26.48486328125
D,2,8,2,16,64,0.25,0.001,32,20,0.0,74,74,0.5555555555555556,0.09090909090909091,0.626984126984127,10.749323859003198,0.0025196849965141155,0.0559929999225359,0.014682769775390625,1858,0.00390625,26.48681640625
D,2,8,2,16,64,0.25,0.001,32,20,0.0,75,75,0.7073170731707317,0.7692307692307693,0.9357142857142857,10.69488730699959,0.0022973079976509325,0.05603190238173006,0.014682769775390625,1858,0.0078125,26.48876953125
D,2,8,2,16,64,0.25,0.001,32,20,0.0,76,76,0.4888888888888889,0.6567164179104478,0.6166007905138341,10.660386552001,0.002231168000434991,0.04958151112077758,0.014682769775390625,1858,0.01171875,26.49072265625
D,2,8,2,16,64,0.25,0.001,32,20,0.0,77,77,0.5333333333333333,0.5333333333333333,0.621031746031746,10.630884659003641,0.002299683001183439,0.05110406669296531,0.014682769775390625,1858,0.01171875,26.49267578125
D,2,8,2,16,64,0.25,0.001,32,20,0.0,78,78,0.4888888888888889,0.6567164179104478,0.5652173913043478,10.633194608002668,0.0023024059992167167,0.05116457776037148,0.014682769775390625,1858,0.0078125,26.49462890625
D,2,8,2,16,64,0.25,0.001,32,20,0.0,79,79,0.575,0.32,0.51,10.640186475000519,0.002154410998628009,0.05386027496570023,0.014682769775390625,1858,0.0078125,26.49658203125
D,2,8,2,16,64,0.25,0.001,32,20,0.0,80,80,0.4888888888888889,0.6567164179104478,0.6264822134387352,10.632337297996855,0.0022957719993428327,0.05101715554095184,0.014682769775390625,1858,0.015625,26.49853515625
D,2,8,2,16,64,0.25,0.001,32,20,0.0,81,81,0.4888888888888889,0.0,0.6541501976284585,10.617065541002376,0.00226266699610278,0.050281488802284,0.014682769775390625,1858,0.015625,26.50048828125
D,2,8,2,16,64,0.25,0.001,32,20,0.0,82,82,0.5111111111111111,0.0,0.8280632411067195,10.645225214997481,0.002349479000258725,0.05221064445019389,0.014682769775390625,1858,0.0078125,26.50244140625
D,2,8,2,16,64,0.25,0.001,32,20,0.0,83,83,0.5263157894736842,0.1,0.7811634349030471,10.630835001000378,0.0021664240048266947,0.057011158021755125,0.014682769775390625,1858,0.01953125,26.50439453125
D,2,8,2,16,64,0.25,0.001,32,20,0.0,84,84,0.5681818181818182,0.17391304347826086,0.7474120082815735,10.636746693999157,0.002296119993843604,0.052184545314627365,0.014682769775390625,1858,0.01171875,26.50634765625
D,2,8,2,16,64,0.25,0.001,32,20,0.0,85,85,0.8863636363636364,0.8837209302325582,0.9710144927536232,10.627005153000937,0.002304500994796399,0.05237502260900907,0.014682769775390625,1858,0.01171875,26.50830078125
D,2,8,2,16,64,0.25,0.001,32,20,0.0,86,86,0.5227272727272727,0.6865671641791045,0.6169772256728778,10.625152178996359,0.0022653199994238093,0.051484545441450216,0.014682769775390625,1858,0.015625,26.51025390625
D,2,8,2,16,64,0.25,0.001,32,20,0.0,87,87,0.5333333333333333,0.676923076923077,0.45059288537549413,10.614125897998747,0.0024196009981096722,0.05376891106910382,0.014682769775390625,1858,0.01171875,26.51220703125
D,2,8,2,16,64,0.25,0.001,32,20,0.0,88,88,0.4909090909090909,0.0,0.6415343915343916,10.570287358001224,0.0026419080022606067,0.048034690950192846,0.014682769775390625,1858,0.01171875,26.51416015625
D,2,8,2,16,64,0.25,0.001,32,20,0.0,89,89,0.5333333333333333,0.0,0.5992063492063492,10.616111012997862,0.0023516450019087642,0.05225877782019476,0.014682769775390625,1858,0.0078125,26.51611328125
D,2,8,2,16,64,0.25,0.001,32,20,0.0,90,90,0.6888888888888889,0.6956521739130435,0.717391304347826,10.605958800995722,0.0022554730021511205,0.0501216222700249,0.014682769775390625,1858,0.01171875,26.51806640625
D,2,8,2,16,64,0.25,0.001,32,20,0.0,91,91,0.5,0.6666666666666666,0.6756198347107438,10.609961089001445,0.0023574419974465854,0.05357822721469513,0.014682769775390625,1858,0.0078125,26.52001953125
D,2,8,2,16,64,0.25,0.001,32,20,0.0,92,92,0.5892857142857143,0.7088607594936709,0.7410256410256411,10.566025678002916,0.0025963010048144497,0.046362517943115175,0.014682769775390625,1858,0.015625,26.52197265625
D,2,8,2,16,64,0.25,0.001,32,20,0.0,93,93,0.6,0.6785714285714286,0.7687747035573123,10.610052721000102,0.0022513520016218536,0.05003004448048563,0.014682769775390625,1858,0.00390625,26.52392578125
D,2,8,2,16,64,0.25,0.001,32,20,0.0,94,94,0.6136363636363636,0.7301587301587301,0.9648033126293996,10.620326456999464,0.0022313079971354455,0.05071154538944195,0.014682769775390625,1858,0.01171875,26.52587890625
D,2,8,2,16,64,0.25,0.001,32,20,0.0,95,95,0.7142857142857143,0.5,0.8072916666666667,10.643379433997325,0.0013906910025980324,0.04966753580707258,0.014682769775390625,1858,0.01171875,26.52783203125
D,2,8,2,16,64,0.25,0.001,32,20,0.0,96,96,0.5238095238095238,0.6666666666666666,0.6666666666666666,10.618072591001692,0.0022607810024055652,0.05382811910489441,0.014682769775390625,1858,0.00390625,26.52978515625
D,2,8,2,16,64,0.25,0.001,32,20,0.0,97,97,0.5,0.6666666666666666,0.3863636363636364,10.611601044998679,0.0022102849980001338,0.05023374995454849,0.014682769775390625,1858,0.015625,26.53173828125
D,2,8,2,16,64,0.25,0.001,32,20,0.0,98,98,0.5111111111111111,0.35294117647058826,0.5830039525691699,10.615208237002662,0.0022322149961837567,0.04960477769297237,0.014682769775390625,1858,0.0078125,26.53369140625
D,2,8,2,16,64,0.25,0.001,32,20,0.0,99,99,0.4883720930232558,0.6451612903225806,0.4393939393939394,10.620193477996509,0.0022652499974356033,0.0526802324985024,0.014682769775390625,1858,0.00390625,26.53564453125
D,2,8,2,16,64,0.25,0.001,32,20,0.0,100,100,0.5,0.6666666666666666,0.6141975308641976,10.617835129000014,0.0021604180001304485,0.06001161111473468,0.014682769775390625,1858,0.01953125,26.53759765625
D,2,8,2,16,64,0.25,0.001,32,20,0.0,101,101,0.4888888888888889,0.5106382978723404,0.5039525691699605,10.622561256001063,0.002342915002373047,0.05206477783051216,0.014682769775390625,1858,0.0078125,26.53955078125
D,2,8,2,16,64,0.25,0.001,32,20,0.0,102,102,0.5111111111111111,0.6764705882352942,0.717391304347826,10.607557412004098,0.0022599430012633093,0.050220955583629094,0.014682769775390625,1858,0.01171875,26.54150390625
D,2,8,2,16,64,0.25,0.001,32,20,0.0,103,103,0.5813953488372093,0.25,0.7683982683982684,10.606878967999364,0.0023172129949671216,0.05388867430156097,0.014682769775390625,1858,0.0078125,26.54345703125
D,2,8,2,16,64,0.25,0.001,32,20,0.0,104,104,0.6046511627906976,0.6530612244897959,0.7424242424242424,10.601106260000961,0.0023238479989231564,0.054042976719143175,0.014682769775390625,1858,0.0078125,26.54541015625
D,2,8,2,16,64,0.25,0.001,32,20,0.0,105,105,0.5111111111111111,0.0,0.7806324110671936,10.60406825300015,0.002327130001503974,0.05171400003342165,0.014682769775390625,1858,0.01171875,26.54736328125
D,2,8,2,16,64,0.25,0.001,32,20,0.0,106,106,0.5555555555555556,0.09090909090909091,0.5793650793650793,10.616817812006047,0.0022915109948371537,0.05092246655193675,0.014682769775390625,1858,0.0078125,26.54931640625
D,2,8,2,16,64,0.25,0.001,32,20,0.0,107,107,0.5333333333333333,0.0,0.4781746031746032,10.615162979993329,0.0026176019964623265,0.05816893325471837,0.014682769775390625,1858,0.0078125,26.55126953125
D,2,8,2,16,64,0.25,0.001,32,20,0.0,108,108,0.7333333333333333,0.6842105263157895,0.8122529644268774,10.61041352400207,0.0022260690020630136,0.04946820004584475,0.014682769775390625,1858,0.00390625,26.55322265625
D,4,8,4,32,64,0.25,0.001,32,20,0.0,1,1,0.5111111111111111,0.15384615384615385,0.7727272727272727,14.183558513999742,0.002688002998183947,0.059733399959643274,0.021945953369140625,3698,0.0546875,27.58544921875
D,4,8,4,32,64,0.25,0.001,32,20,0.0,2,2,0.4888888888888889,0.6567164179104478,0.8893280632411068,14.17402363599831,0.002670612004294526,0.05934693342876724,0.021945953369140625,3698,0.00390625,27.58935546875
D,4,8,4,32,64,0.25,0.001,32,20,0.0,3,3,0.5111111111111111,0.0,0.2766798418972332,14.175861593997979,0.002662651000719052,0.059170022238201156,0.021945953369140625,3698,0.0078125,27.59326171875
D,4,8,4,32,64,0.25,0.001,32,20,0.0,4,4,0.5111111111111111,0.0,0.7964426877470356,14.173627003998263,0.0026931009997497313,0.05984668888332736,0.021945953369140625,3698,0.01171875,27.59716796875
D,4,8,4,32,64,0.25,0.001,32,20,0.0,5,5,0.5333333333333333,0.6956521739130435,0.5178571428571428,14.175710734998574,0.002598466002382338,0.057743688941829734,0.021945953369140625,3698,0.01171875,27.60107421875
D,4,8,4,32,64,0.25,0.001,32,20,0.0,6,6,0.35555555555555557,0.43137254901960786,0.49007936507936506,14.175118545994337,0.0026813679942279123,0.05958595542728694,0.021945953369140625,3698,0.0078125,27.60498046875
D,4,8,4,32,64,0.25,0.001,32,20,0.0,7,7,0.7333333333333333,0.625,0.9545454545454545,14.160500926998793,0.002591481003037188,0.05758846673415974,0.021945953369140625,3698,0.0078125,27.60888671875
D,4,8,4,32,64,0.25,0.001,32,20,0.0,8,8,0.6666666666666666,0.7457627118644068,0.8063241106719368,14.168396128996392,0.0026433739985805005,0.058741644412900015,0.021945953369140625,3698,0.01171875,27.61279296875
D,4,8,4,32,64,0.25,0.001,32,20,0.0,9,9,0.4888888888888889,0.5964912280701754,0.4642857142857143,14.176593117001175,0.0027148230001330376,0.06032940000295639,0.021945953369140625,3698,0.01171875,27.61669921875
D,4,8,4,32,64,0.25,0.001,32,20,0.0,10,10,0.6222222222222222,0.5142857142857142,0.7063492063492063,14.158424389002903,0.002602098000352271,0.057824400007828236,0.021945953369140625,3698,0.01171875,27.62060546875
D,4,8,4,32,64,0.25,0.001,32,20,0.0,11,11,0.5111111111111111,0.0,0.43873517786561267,14.153234580997378,0.0026133419960387982,0.05807426657863996,0.021945953369140625,3698,0.01171875,27.62451171875
D,4,8,4,32,64,0.25,0.001,32,20,0.0,12,12,0.5333333333333333,0.6956521739130435,0.8095238095238095,14.160952523998276,0.002608312999655027,0.05796251110344504,0.021945953369140625,3698,0.01171875,27.62841796875
D,4,8,4,32,64,0.25,0.001,32,20,0.0,13,13,0.6285714285714286,0.48,0.7418300653594772,14.16789994899591,0.002465277000737842,0.07043648573536691,0.021945953369140625,3698,0.0078125,27.63232421875
D,4,8,4,32,64,0.25,0.001,32,20,0.0,14,14,0.5111111111111111,0.6764705882352942,0.6343873517786561,14.16781480100326,0.0026313620037399232,0.05847471119422051,0.021945953369140625,3698,0.015625,27.63623046875
D,4,8,4,32,64,0.25,0.001,32,20,0.0,15,15,0.8222222222222222,0.8095238095238095,0.932806324110672,14.154723016996286,0.002607055997941643,0.05793457773203651,0.021945953369140625,3698,0.01171875,27.64013671875
D,4,8,4,32,64,0.25,0.001,32,20,0.0,16,16,0.5111111111111111,0.6666666666666666,0.5395256916996047,14.152479907002999,0.0026025160041172057,0.057833688980382346,0.021945953369140625,3698,0.01171875,27.64404296875
D,4,8,4,32,64,0.25,0.001,32,20,0.0,17,17,0.5714285714285714,0.35714285714285715,0.7000000000000001,14.155098417999397,0.0026106880031875335,0.06215923817113175,0.021945953369140625,3698,0.015625,27.64794921875
D,4,8,4,32,64,0.25,0.001,32,20,0.0,18,18,0.4888888888888889,0.0,0.5237154150197628,14.1756093590011,0.0026611139983288012,0.05913586662952892,0.021945953369140625,3698,0.00390625,27.65185546875
D,4,8,4,32,64,0.25,0.001,32,20,0.0,19,19,0.6888888888888889,0.6111111111111112,0.7905138339920948,14.213092635996873,0.0026484030022402294,0.05885340004978288,0.021945953369140625,3698,0.015625,27.65576171875
D,4,8,4,32,64,0.25,0.001,32,20,0.0,20,20,0.4888888888888889,0.6567164179104478,0.6047430830039526,14.168507422000403,0.002613342003314756,0.0580742667403279,0.021945953369140625,3698,0.0078125,27.65966796875
D,4,8,4,32,64,0.25,0.001,32,20,0.0,21,21,0.6222222222222222,0.32,0.8392857142857143,14.166025801001524,0.0026246560009894893,0.05832568891087754,0.021945953369140625,3698,0.01171875,27.66357421875
D,4,8,4,32,64,0.25,0.001,32,20,0.0,22,22,0.4888888888888889,0.20689655172413793,0.5296442687747035,14.153186147996166,0.002605449997645337,0.057898888836563044,0.021945953369140625,3698,0.01171875,27.66748046875
D,4,8,4,32,64,0.25,0.001,32,20,0.0,23,23,0.5909090909090909,0.6896551724137931,0.6880165289256198,14.157260720996419,0.0027397560043027624,0.06226718191597187,0.021945953369140625,3698,0.0078125,27.67138671875
D,4,8,4,32,64,0.25,0.001,32,20,0.0,24,24,0.3888888888888889,0.0,0.5064935064935064,14.209785136001301,0.0012043519964208826,0.06690844424560459,0.021945953369140625,3698,0.01953125,27.67529296875
D,4,8,4,32,64,0.25,0.001,32,20,0.0,25,25,0.6222222222222222,0.5142857142857142,0.7529644268774703,14.159068158005539,0.002598813996883109,0.057751422152957976,0.021945953369140625,3698,0.0078125,27.67919921875
D,4,8,4,32,64,0.25,0.001,32,20,0.0,26,26,0.4666666666666667,0.6363636363636364,0.5734126984126984,14.19351568899583,0.0027462509970064275,0.061027799933476165,0.021945953369140625,3698,0.015625,27.68310546875
D,4,8,4,32,64,0.25,0.001,32,20,0.0,27,27,0.5333333333333333,0.08695652173913043,0.6225296442687747,14.189555097997072,0.00273444799677236,0.06076551103938578,0.021945953369140625,3698,0.00390625,27.68701171875
D,4,8,4,32,64,0.25,0.001,32,20,0.0,28,28,0.5555555555555556,0.3333333333333333,0.6027667984189723,14.193913438000891,0.002676479001820553,0.05947731115156785,0.021945953369140625,3698,0.01171875,27.69091796875
D,4,8,4,32,64,0.25,0.001,32,20,0.0,29,29,0.7777777777777778,0.7222222222222222,0.9347826086956521,14.200728114999947,0.0026594379960442893,0.05909862213431754,0.021945953369140625,3698,0.015625,27.69482421875
D,4,8,4,32,64,0.25,0.001,32,20,0.0,30,30,0.5333333333333333,0.0,0.5833333333333334,14.216550365003059,0.0027773999972851016,0.06171999993966892,0.021945953369140625,3698,0.0078125,27.69873046875
D,4,8,4,32,64,0.25,0.001,32,20,0.0,31,31,0.5777777777777777,0.7076923076923077,0.8636363636363636,14.31277048800257,0.0027205489968764596,0.06045664437503244,0.021945953369140625,3698,0.01171875,27.70263671875
D,4,8,4,32,64,0.25,0.001,32,20,0.0,32,32,0.5227272727272727,0.6865671641791045,0.6169772256728778,14.29952966300334,0.0026832540024770424,0.06098304551084187,0.021945953369140625,3698,0.00390625,27.70654296875
D,4,8,4,32,64,0.25,0.001,32,20,0.0,33,33,0.6444444444444445,0.7241379310344828,0.8260869565217391,14.33360270299454,0.00276566699903924,0.061459266645316445,0.021945953369140625,3698,0.01171875,27.71044921875
D,4,8,4,32,64,0.25,0.001,32,20,0.0,34,34,0.5333333333333333,0.6956521739130435,0.8730158730158729,14.348740850997274,0.0027372420008759946,0.06082760001946654,0.021945953369140625,3698,0.0078125,27.71435546875
D,4,8,4,32,64,0.25,0.001,32,20,0.0,35,35,0.5111111111111111,0.08333333333333333,0.7865612648221344,14.371156168999732,0.00276720299734734,0.061493399941052,0.021945953369140625,3698,0.00390625,27.71826171875
D,4,8,4,32,64,0.25,0.001,32,20,0.0,36,36,0.4090909090909091,0.4583333333333333,0.36983471074380164,14.334885347998352,0.0027048350020777434,0.06147352277449417,0.021945953369140625,3698,0.01171875,27.72216796875
D,4,8,4,32,64,0.25,0.001,32,20,0.0,37,37,0.4888888888888889,0.6567164179104478,0.5889328063241107,14.377745606994722,0.002773000000161119,0.06162222222580263,0.021945953369140625,3698,0.00390625,27.72607421875
D,4,8,4,32,64,0.25,0.001,32,20,0.0,38,38,0.4888888888888889,0.6461538461538462,0.48814229249011865,14.372638911998365,0.0028161630034446716,0.06258140007654825,0.021945953369140625,3698,0.015625,27.72998046875
D,4,8,4,32,64,0.25,0.001,32,20,0.0,39,39,0.5,0.65625,0.5859213250517599,14.450485532994207,0.002761336996627506,0.06275765901426149,0.021945953369140625,3698,0.01171875,27.73388671875
D,4,8,4,32,64,0.25,0.001,32,20,0.0,40,40,0.5333333333333333,0.6956521739130435,0.5654761904761905,14.390274744000635,0.0026997359964298084,0.059994133253995746,0.021945953369140625,3698,0.0078125,27.73779296875
D,4,8,4,32,64,0.25,0.001,32,20,0.0,41,41,0.4666666666666667,0.6363636363636364,0.46230158730158727,14.344057675996737,0.002700155004276894,0.060003444539486535,0.021945953369140625,3698,0.0078125,27.74169921875
D,4,8,4,32,64,0.25,0.001,32,20,0.0,42,42,0.5555555555555556,0.6875,0.8992094861660078,14.40337253400503,0.0031384829999296926,0.06974406666510428,0.021945953369140625,3698,0.01171875,27.74560546875
D,4,8,4,32,64,0.25,0.001,32,20,0.0,43,43,0.6,0.7096774193548387,0.8873517786561265,14.662592193002638,0.0028019849996780977,0.062266333326179944,0.021945953369140625,3698,0.015625,27.74951171875
D,4,8,4,32,64,0.25,0.001,32,20,0.0,44,44,0.8275862068965517,0.8387096774193549,0.8666666666666667,14.437663689001056,0.0016566479971515946,0.0571257930052274,0.021945953369140625,3698,0.0078125,27.75341796875
D,4,8,4,32,64,0.25,0.001,32,20,0.0,45,45,0.7333333333333333,0.6842105263157895,0.8399209486166008,14.479451528000936,0.0027266949982731603,0.06059322218384801,0.021945953369140625,3698,0.00390625,27.75732421875
D,4,8,4,32,64,0.25,0.001,32,20,0.0,46,46,0.5111111111111111,0.0,0.7233201581027668,14.555465359000664,0.0030750670048291795,0.06833482232953732,0.021945953369140625,3698,0.0078125,27.76123046875
D,4,8,4,32,64,0.25,0.001,32,20,0.0,47,47,0.4666666666666667,0.6363636363636364,0.5654761904761905,14.54116209899803,0.0027740479999920353,0.061645511110934116,0.021945953369140625,3698,0.01171875,27.76513671875
D,4,8,4,32,64,0.25,0.001,32,20,0.0,48,48,0.9411764705882353,0.9523809523809523,0.9285714285714286,14.524204501001805,0.0013478769978974015,0.0792868822292589,0.021945953369140625,3698,0.01953125,27.76904296875
D,4,8,4,32,64,0.25,0.001,32,20,0.0,49,49,0.5111111111111111,0.0,0.4861660079051383,14.40319601399824,0.0027273980012978427,0.06060884447328539,0.021945953369140625,3698,0.00390625,27.77294921875
D,4,8,4,32,64,0.25,0.001,32,20,0.0,50,50,0.5111111111111111,0.0,0.575098814229249,14.529944856003567,0.0028881749967695214,0.06418166659487826,0.021945953369140625,3698,0.01171875,27.77685546875
D,4,8,4,32,64,0.25,0.001,32,20,0.0,51,51,0.5333333333333333,0.0,0.7063492063492063,14.560238035999646,0.002636114993947558,0.05858033319883462,0.021945953369140625,3698,0.00390625,27.78076171875
D,4,8,4,32,64,0.25,0.001,32,20,0.0,52,52,0.7804878048780488,0.7096774193548387,0.9210526315789473,14.473087917001976,0.002661815997271333,0.06492234139686177,0.021945953369140625,3698,0.0078125,27.78466796875
D,4,8,4,32,64,0.25,0.001,32,20,0.0,53,53,0.4883720930232558,0.65625,0.5021645021645021,14.496243528003106,0.0026985529984813184,0.06275704647630974,0.021945953369140625,3698,0.01171875,27.78857421875
D,4,8,4,32,64,0.25,0.001,32,20,0.0,54,54,0.41025641025641024,0.5818181818181818,0.7894021739130435,14.570154476001335,0.0026498740044189617,0.06794548729279389,0.021945953369140625,3698,0.0078125,27.79248046875
D,4,8,4,32,64,0.25,0.001,32,20,0.0,55,55,0.5111111111111111,0.0,0.8339920948616601,14.457470697001554,0.002665309002622962,0.05922908894717693,0.021945953369140625,3698,0.0078125,27.79638671875
D,4,8,4,32,64,0.25,0.001,32,20,0.0,56,56,0.5909090909090909,0.35714285714285715,0.8987603305785123,14.47161753399996,0.002825037001457531,0.06420538639676207,0.021945953369140625,3698,0.01171875,27.80029296875
D,4,8,4,32,64,0.25,0.001,32,20,0.0,57,57,0.4666666666666667,0.45454545454545453,0.4623015873015873,14.471125636999204,0.002656578006281052,0.059035066806245595,0.021945953369140625,3698,0.0078125,27.80419921875
D,4,8,4,32,64,0.25,0.001,32,20,0.0,58,58,0.5333333333333333,0.0,0.5892857142857143,14.424148819998663,0.0026998800021829084,0.05999733338184241,0.021945953369140625,3698,0.015625,27.80810546875
D,4,8,4,32,64,0.25,0.001,32,20,0.0,59,59,0.4444444444444444,0.6031746031746031,0.638888888888889,14.471906749000482,0.0029209299973445013,0.06490955549654447,0.021945953369140625,3698,0.01171875,27.81201171875
D,4,8,4,32,64,0.25,0.001,32,20,0.0,60,60,0.75,0.7441860465116279,0.8512396694214877,14.452561715996126,0.002675504998478573,0.060806931783603926,0.021945953369140625,3698,0.0078125,27.81591796875
D,4,8,4,32,64,0.25,0.001,32,20,0.0,61,61,0.6976744186046512,0.6060606060606061,0.7943722943722944,14.62014427500253,0.002921699000580702,0.06794648838559773,0.021945953369140625,3698,0.01171875,27.81982421875
D,4,8,4,32,64,0.25,0.001,32,20,0.0,62,62,0.6222222222222222,0.7213114754098361,0.9604743083003953,14.535828133004543,0.002723347002756782,0.06051882228348404,0.021945953369140625,3698,0.00390625,27.82373046875
D,4,8,4,32,64,0.25,0.001,32,20,0.0,63,63,0.5116279069767442,0.676923076923077,0.4329004329004329,14.706389592996857,0.002808414996252395,0.06531197665703244,0.021945953369140625,3698,0.015625,27.82763671875
D,4,8,4,32,64,0.25,0.001,32,20,0.0,64,64,0.5111111111111111,0.0,0.7114624505928855,14.61111398999492,0.002776497000013478,0.061699933333632856,0.021945953369140625,3698,0.01171875,27.83154296875
D,4,8,4,32,64,0.25,0.001,32,20,0.0,65,65,0.5333333333333333,0.6666666666666666,0.8452380952380952,14.526378097005363,0.0027618300009635277,0.06137400002141173,0.021945953369140625,3698,0.0078125,27.83544921875
D,4,8,4,32,64,0.25,0.001,32,20,0.0,66,66,0.5777777777777777,0.6666666666666666,0.6027667984189723,14.457236935995752,0.002667334003490396,0.05927408896645324,0.021945953369140625,3698,0.01953125,27.83935546875
D,4,8,4,32,64,0.25,0.001,32,20,0.0,67,67,0.4888888888888889,0.0,0.6225296442687747,14.436373677002848,0.0027832720006699674,0.061850488903777055,0.021945953369140625,3698,0.01171875,27.84326171875
D,4,8,4,32,64,0.25,0.001,32,20,0.0,68,68,0.5777777777777777,0.2962962962962963,0.6086956521739131,14.427626250995672,0.002683885999431368,0.059641911098474845,0.021945953369140625,3698,0.01171875,27.84716796875
D,4,8,4,32,64,0.25,0.001,32,20,0.0,69,69,0.4888888888888889,0.46511627906976744,0.4861111111111111,14.42041611699824,0.0027405279979575425,0.06090062217683428,0.021945953369140625,3698,0.00390625,27.85107421875
D,4,8,4,32,64,0.25,0.001,32,20,0.0,70,70,0.5111111111111111,0.6764705882352942,0.8260869565217391,14.436211364001792,0.0026465210030437447,0.05881157784541655,0.021945953369140625,3698,0.015625,27.85498046875
D,4,8,4,32,64,0.25,0.001,32,20,0.0,71,71,0.4888888888888889,0.0,0.9762845849802371,14.41854176799825,0.002682279999135062,0.05960622220300138,0.021945953369140625,3698,0.0078125,27.85888671875
D,4,8,4,32,64,0.25,0.001,32,20,0.0,72,72,0.8,0.7567567567567568,0.950592885375494,14.412133838006412,0.0026933160042972304,0.059851466762160674,0.021945953369140625,3698,0.0078125,27.86279296875
D,4,8,4,32,64,0.25,0.001,32,20,0.0,73,73,0.5111111111111111,0.0,0.4486166007905138,14.408309851998638,0.002632972005812917,0.05851048901806482,0.021945953369140625,3698,0.0078125,27.86669921875
D,4,8,4,32,64,0.25,0.001,32,20,0.0,74,74,0.5333333333333333,0.0,0.626984126984127,14.419566699005372,0.0026907310020760633,0.059794022268356964,0.021945953369140625,3698,0.01171875,27.87060546875
D,4,8,4,32,64,0.25,0.001,32,20,0.0,75,75,0.7804878048780488,0.7906976744186046,0.8904761904761904,14.42709677899984,0.002576120001322124,0.06283219515419815,0.021945953369140625,3698,0.015625,27.87451171875
D,4,8,4,32,64,0.25,0.001,32,20,0.0,76,76,0.4888888888888889,0.6567164179104478,0.5375494071146245,14.419127672001196,0.0026447749987710267,0.058772777750467256,0.021945953369140625,3698,0.00390625,27.87841796875
D,4,8,4,32,64,0.25,0.001,32,20,0.0,77,77,0.5777777777777777,0.6415094339622641,0.6091269841269841,14.417512088999501,0.0026741049950942397,0.059424555446538664,0.021945953369140625,3698,0.01171875,27.88232421875
D,4,8,4,32,64,0.25,0.001,32,20,0.0,78,78,0.4888888888888889,0.6567164179104478,0.6027667984189723,14.40444178799953,0.002662651000719052,0.059170022238201156,0.021945953369140625,3698,0.015625,27.88623046875
D,4,8,4,32,64,0.25,0.001,32,20,0.0,79,79,0.55,0.18181818181818182,0.53,14.41412759400555,0.0027015520026907325,0.06753880006726831,0.021945953369140625,3698,0.00390625,27.89013671875
D,4,8,4,32,64,0.25,0.001,32,20,0.0,80,80,0.5111111111111111,0.0,0.6383399209486166,14.423136144003365,0.0026691450038924813,0.059314333419832915,0.021945953369140625,3698,0.015625,27.89404296875
D,4,8,4,32,64,0.25,0.001,32,20,0.0,81,81,0.6222222222222222,0.6792452830188679,0.650197628458498,14.435417483000492,0.0029819679984939285,0.06626595552208729,0.021945953369140625,3698,0.0078125,27.89794921875
D,4,8,4,32,64,0.25,0.001,32,20,0.0,82,82,0.6444444444444445,0.7333333333333333,0.7747035573122529,14.41203967200272,0.0027164290004293434,0.060365088898429856,0.021945953369140625,3698,0.01171875,27.90185546875
D,4,8,4,32,64,0.25,0.001,32,20,0.0,83,83,0.5263157894736842,0.1,0.7479224376731302,14.431984547001775,0.00279171799775213,0.07346626309874027,0.021945953369140625,3698,0.015625,27.90576171875
D,4,8,4,32,64,0.25,0.001,32,20,0.0,84,84,0.6590909090909091,0.6511627906976745,0.7329192546583851,14.426579487000708,0.002719989999604877,0.06181795453647448,0.021945953369140625,3698,0.0078125,27.90966796875
D,4,8,4,32,64,0.25,0.001,32,20,0.0,85,85,0.9318181818181818,0.9333333333333333,0.989648033126294,14.430828525000834,0.002634504002344329,0.05987509096237111,0.021945953369140625,3698,0.01171875,27.91357421875
D,4,8,4,32,64,0.25,0.001,32,20,0.0,86,86,0.5227272727272727,0.6865671641791045,0.7619047619047619,14.430501943999843,0.0032463180032209493,0.07377995461865794,0.021945953369140625,3698,0.0078125,27.91748046875
D,4,8,4,32,64,0.25,0.001,32,20,0.0,87,87,0.4,0.4489795918367347,0.4031620553359684,14.421905461000279,0.002652732000569813,0.05894960001266251,0.021945953369140625,3698,0.01171875,27.92138671875
D,4,8,4,32,64,0.25,0.001,32,20,0.0,88,88,0.4909090909090909,0.0,0.675925925925926,14.344048498998745,0.003087986995524261,0.05614521810044112,0.021945953369140625,3698,0.015625,27.92529296875
D,4,8,4,32,64,0.25,0.001,32,20,0.0,89,89,0.4666666666666667,0.6363636363636364,0.6587301587301587,14.412229223002214,0.0026868859931710176,0.059708577626022614,0.021945953369140625,3698,0.0078125,27.92919921875
D,4,8,4,32,64,0.25,0.001,32,20,0.0,90,90,0.5111111111111111,0.6764705882352942,0.6719367588932806,14.414694221006357,0.0026981999981217086,0.05995999995826019,0.021945953369140625,3698,0.0078125,27.93310546875
D,4,8,4,32,64,0.25,0.001,32,20,0.0,91,91,0.5,0.6666666666666666,0.6342975206611571,14.432548030999897,0.0026474949991097674,0.06017034088885835,0.021945953369140625,3698,0.01171875,27.93701171875
D,4,8,4,32,64,0.25,0.001,32,20,0.0,92,92,0.6071428571428571,0.5,0.7205128205128205,14.34910623599717,0.003091758997470606,0.055209982097689396,0.021945953369140625,3698,0.015625,27.94091796875
D,4,8,4,32,64,0.25,0.001,32,20,0.0,93,93,0.4888888888888889,0.6567164179104478,0.8102766798418972,14.411426320999453,0.0027803339980891906,0.06178519995753757,0.021945953369140625,3698,0.00390625,27.94482421875
D,4,8,4,32,64,0.25,0.001,32,20,0.0,94,94,0.7954545454545454,0.8363636363636363,0.979296066252588,14.408146408997709,0.002757356000074651,0.06266718181987843,0.021945953369140625,3698,0.01953125,27.94873046875
D,4,8,4,32,64,0.25,0.001,32,20,0.0,95,95,0.42857142857142855,0.6,0.78125,14.450466793998203,0.0016671949997544289,0.05954267856265817,0.021945953369140625,3698,0.01171875,27.95263671875
D,4,8,4,32,64,0.25,0.001,32,20,0.0,96,96,0.5,0.08695652173913043,0.7188208616780045,14.420805451998604,0.002682625003217254,0.06387202388612509,0.021945953369140625,3698,0.01171875,27.95654296875
D,4,8,4,32,64,0.25,0.001,32,20,0.0,97,97,0.5227272727272727,0.16,0.4834710743801653,14.417329005002102,0.0026638380004442297,0.06054177273736886,0.021945953369140625,3698,0.015625,27.96044921875
D,4,8,4,32,64,0.25,0.001,32,20,0.0,98,98,0.4888888888888889,0.6567164179104478,0.6146245059288539,14.427351727994392,0.0026673989996197633,0.05927553332488363,0.021945953369140625,3698,0.01171875,27.96435546875
D,4,8,4,32,64,0.25,0.001,32,20,0.0,99,99,0.5116279069767442,0.4878048780487805,0.4891774891774892,14.414206097004353,0.002580167005362455,0.060003883845638484,0.021945953369140625,3698,0.015625,27.96826171875
D,4,8,4,32,64,0.25,0.001,32,20,0.0,100,100,0.5,0.25,0.5864197530864198,14.430387614003848,0.002485113000147976,0.06903091667077711,0.021945953369140625,3698,0.0078125,27.97216796875
D,4,8,4,32,64,0.25,0.001,32,20,0.0,101,101,0.4888888888888889,0.08,0.5909090909090909,14.410007414000574,0.0027052529985667206,0.06011673330148268,0.021945953369140625,3698,0.00390625,27.97607421875
D,4,8,4,32,64,0.25,0.001,32,20,0.0,102,102,0.4888888888888889,0.0,0.7964426877470355,14.423525092999625,0.002682555998035241,0.05961235551189424,0.021945953369140625,3698,0.015625,27.97998046875
D,4,8,4,32,64,0.25,0.001,32,20,0.0,103,103,0.6976744186046512,0.6060606060606061,0.8051948051948052,14.423020066999015,0.0026634890018613078,0.06194160469444902,0.021945953369140625,3698,0.0078125,27.98388671875
D,4,8,4,32,64,0.25,0.001,32,20,0.0,104,104,0.627906976744186,0.5,0.7380952380952381,14.429885589997866,0.0026023070022347383,0.06051876749383112,0.021945953369140625,3698,0.00390625,27.98779296875
D,4,8,4,32,64,0.25,0.001,32,20,0.0,105,105,0.5333333333333333,0.6557377049180327,0.7233201581027668,14.411983590005548,0.002688770997337997,0.059750466607511044,0.021945953369140625,3698,0.01953125,27.99169921875
D,4,8,4,32,64,0.25,0.001,32,20,0.0,106,106,0.4666666666666667,0.6363636363636364,0.6646825396825397,14.39176570300333,0.0026844410022022203,0.05965424449338268,0.021945953369140625,3698,0.01171875,27.99560546875
D,4,8,4,32,64,0.25,0.001,32,20,0.0,107,107,0.5111111111111111,0.5217391304347826,0.5218253968253967,14.40086916799919,0.0026675400004023686,0.05927866667560819,0.021945953369140625,3698,0.01171875,27.99951171875
D,4,8,4,32,64,0.25,0.001,32,20,0.0,108,108,0.4888888888888889,0.0,0.8399209486166008,14.394574601996283,0.002686396001081448,0.05969768891292107,0.021945953369140625,3698,0.01171875,28.00341796875
