parameter_name,parameter_value,n_neighbors,weights,metric,p,csp_components,fold,subject,accuracy,f1_score,roc_auc
n_neighbors,1,1,distance,minkowski,2,6,1,1,0.4222222222222222,0.43478260869565216,0.42292490118577075
n_neighbors,1,1,distance,minkowski,2,6,2,2,0.6888888888888889,0.631578947368421,0.6857707509881422
n_neighbors,1,1,distance,minkowski,2,6,3,3,0.37777777777777777,0.391304347826087,0.37845849802371545
n_neighbors,1,1,distance,minkowski,2,6,4,4,0.5111111111111111,0.21428571428571427,0.5029644268774702
n_neighbors,1,1,distance,minkowski,2,6,5,5,0.5555555555555556,0.5454545454545454,0.5595238095238095
n_neighbors,1,1,distance,minkowski,2,6,6,6,0.6666666666666666,0.5161290322580645,0.6488095238095237
n_neighbors,1,1,distance,minkowski,2,6,7,7,0.6222222222222222,0.7017543859649122,0.6284584980237155
n_neighbors,1,1,distance,minkowski,2,6,8,8,0.4222222222222222,0.3157894736842105,0.4258893280632411
n_neighbors,1,1,distance,minkowski,2,6,9,9,0.5111111111111111,0.45,0.5059523809523809
n_neighbors,1,1,distance,minkowski,2,6,10,10,0.4888888888888889,0.5306122448979592,0.49702380952380953
n_neighbors,1,1,distance,minkowski,2,6,11,11,0.4666666666666667,0.45454545454545453,0.466403162055336
n_neighbors,1,1,distance,minkowski,2,6,12,12,0.5333333333333333,0.5531914893617021,0.5327380952380952
n_neighbors,1,1,distance,minkowski,2,6,13,13,0.6857142857142857,0.6857142857142857,0.6862745098039217
n_neighbors,1,1,distance,minkowski,2,6,14,14,0.5555555555555556,0.5652173913043478,0.5553359683794465
n_neighbors,1,1,distance,minkowski,2,6,15,15,0.5111111111111111,0.6071428571428571,0.516798418972332
n_neighbors,1,1,distance,minkowski,2,6,16,16,0.4888888888888889,0.46511627906976744,0.49011857707509876
n_neighbors,1,1,distance,minkowski,2,6,17,17,0.5476190476190477,0.3870967741935484,0.5363636363636364
n_neighbors,1,1,distance,minkowski,2,6,18,18,0.3333333333333333,0.375,0.3320158102766798
n_neighbors,1,1,distance,minkowski,2,6,19,19,0.5111111111111111,0.5416666666666666,0.5128458498023716
n_neighbors,1,1,distance,minkowski,2,6,20,20,0.5777777777777777,0.3870967741935484,0.5711462450592886
n_neighbors,1,1,distance,minkowski,2,6,21,21,0.5777777777777777,0.5777777777777777,0.5803571428571429
n_neighbors,1,1,distance,minkowski,2,6,22,22,0.5111111111111111,0.5416666666666666,0.5098814229249011
n_neighbors,1,1,distance,minkowski,2,6,23,23,0.6590909090909091,0.6938775510204082,0.6590909090909091
n_neighbors,1,1,distance,minkowski,2,6,24,24,0.6111111111111112,0.5882352941176471,0.6558441558441559
n_neighbors,1,1,distance,minkowski,2,6,25,25,0.5555555555555556,0.6153846153846154,0.5523715415019763
n_neighbors,1,1,distance,minkowski,2,6,26,26,0.5555555555555556,0.6296296296296297,0.5714285714285714
n_neighbors,1,1,distance,minkowski,2,6,27,27,0.4444444444444444,0.4897959183673469,0.44664031620553357
n_neighbors,1,1,distance,minkowski,2,6,28,28,0.6,0.55,0.6027667984189723
n_neighbors,1,1,distance,minkowski,2,6,29,29,0.6222222222222222,0.711864406779661,0.6294466403162056
n_neighbors,1,1,distance,minkowski,2,6,30,30,0.5555555555555556,0.375,0.5386904761904762
n_neighbors,1,1,distance,minkowski,2,6,31,31,0.6444444444444445,0.6363636363636364,0.6452569169960475
n_neighbors,1,1,distance,minkowski,2,6,32,32,0.6136363636363636,0.6382978723404256,0.6118012422360248
n_neighbors,1,1,distance,minkowski,2,6,33,33,0.6222222222222222,0.5853658536585366,0.6205533596837944
n_neighbors,1,1,distance,minkowski,2,6,34,34,0.5777777777777777,0.6122448979591837,0.574404761904762
n_neighbors,1,1,distance,minkowski,2,6,35,35,0.37777777777777777,0.3,0.3804347826086957
n_neighbors,1,1,distance,minkowski,2,6,36,36,0.4318181818181818,0.4186046511627907,0.4318181818181819
n_neighbors,1,1,distance,minkowski,2,6,37,37,0.4888888888888889,0.30303030303030304,0.48320158102766797
n_neighbors,1,1,distance,minkowski,2,6,38,38,0.5555555555555556,0.4444444444444444,0.5513833992094861
n_neighbors,1,1,distance,minkowski,2,6,39,39,0.4090909090909091,0.4583333333333333,0.41407867494824013
n_neighbors,1,1,distance,minkowski,2,6,40,40,0.5111111111111111,0.5217391304347826,0.511904761904762
n_neighbors,1,1,distance,minkowski,2,6,41,41,0.5333333333333333,0.4878048780487805,0.5297619047619048
n_neighbors,1,1,distance,minkowski,2,6,42,42,0.6444444444444445,0.6521739130434783,0.6442687747035573
n_neighbors,1,1,distance,minkowski,2,6,43,43,0.5777777777777777,0.5777777777777777,0.5780632411067194
n_neighbors,1,1,distance,minkowski,2,6,44,44,0.6206896551724138,0.5925925925925926,0.6238095238095237
n_neighbors,1,1,distance,minkowski,2,6,45,45,0.5111111111111111,0.5217391304347826,0.5118577075098814
n_neighbors,1,1,distance,minkowski,2,6,46,46,0.4666666666666667,0.4782608695652174,0.46739130434782605
n_neighbors,1,1,distance,minkowski,2,6,47,47,0.4666666666666667,0.5555555555555556,0.48214285714285715
n_neighbors,1,1,distance,minkowski,2,6,48,48,0.6470588235294118,0.6666666666666666,0.6571428571428573
n_neighbors,1,1,distance,minkowski,2,6,49,49,0.6222222222222222,0.6382978723404256,0.6235177865612649
n_neighbors,1,1,distance,minkowski,2,6,50,50,0.5777777777777777,0.6666666666666666,0.5839920948616601
n_neighbors,1,1,distance,minkowski,2,6,51,51,0.4222222222222222,0.13333333333333333,0.4017857142857143
n_neighbors,1,1,distance,minkowski,2,6,52,52,0.6341463414634146,0.5714285714285714,0.6267942583732058
n_neighbors,1,1,distance,minkowski,2,6,53,53,0.5581395348837209,0.5365853658536586,0.5595238095238095
n_neighbors,1,1,distance,minkowski,2,6,54,54,0.6410256410256411,0.6818181818181818,0.6861413043478262
n_neighbors,1,1,distance,minkowski,2,6,55,55,0.6666666666666666,0.6666666666666666,0.66699604743083
n_neighbors,1,1,distance,minkowski,2,6,56,56,0.7045454545454546,0.6829268292682927,0.7045454545454545
n_neighbors,1,1,distance,minkowski,2,6,57,57,0.6222222222222222,0.6046511627906976,0.6220238095238095
n_neighbors,1,1,distance,minkowski,2,6,58,58,0.4888888888888889,0.3783783783783784,0.47916666666666663
n_neighbors,1,1,distance,minkowski,2,6,59,59,0.4222222222222222,0.35,0.41666666666666663
n_neighbors,1,1,distance,minkowski,2,6,60,60,0.8181818181818182,0.8095238095238095,0.8181818181818181
n_neighbors,1,1,distance,minkowski,2,6,61,61,0.6976744186046512,0.6829268292682927,0.699134199134199
n_neighbors,1,1,distance,minkowski,2,6,62,62,0.6444444444444445,0.5789473684210527,0.641304347826087
n_neighbors,1,1,distance,minkowski,2,6,63,63,0.5348837209302325,0.4444444444444444,0.538961038961039
n_neighbors,1,1,distance,minkowski,2,6,64,64,0.5555555555555556,0.5,0.5533596837944664
n_neighbors,1,1,distance,minkowski,2,6,65,65,0.5333333333333333,0.5333333333333333,0.5357142857142857
n_neighbors,1,1,distance,minkowski,2,6,66,66,0.6444444444444445,0.68,0.6422924901185769
n_neighbors,1,1,distance,minkowski,2,6,67,67,0.4666666666666667,0.25,0.47332015810276673
n_neighbors,1,1,distance,minkowski,2,6,68,68,0.5777777777777777,0.4864864864864865,0.5820158102766798
n_neighbors,1,1,distance,minkowski,2,6,69,69,0.4222222222222222,0.3157894736842105,0.4136904761904762
n_neighbors,1,1,distance,minkowski,2,6,70,70,0.4888888888888889,0.41025641025641024,0.492094861660079
n_neighbors,1,1,distance,minkowski,2,6,71,71,0.4222222222222222,0.35,0.424901185770751
n_neighbors,1,1,distance,minkowski,2,6,72,72,0.6222222222222222,0.6046511627906976,0.6235177865612649
n_neighbors,1,1,distance,minkowski,2,6,73,73,0.5555555555555556,0.3333333333333333,0.5484189723320159
n_neighbors,1,1,distance,minkowski,2,6,74,74,0.5555555555555556,0.5238095238095238,0.5535714285714285
n_neighbors,1,1,distance,minkowski,2,6,75,75,0.5853658536585366,0.5142857142857142,0.5821428571428572
n_neighbors,1,1,distance,minkowski,2,6,76,76,0.5555555555555556,0.6551724137931034,0.5622529644268776
n_neighbors,1,1,distance,minkowski,2,6,77,77,0.5111111111111111,0.5925925925925926,0.5
n_neighbors,1,1,distance,minkowski,2,6,78,78,0.4444444444444444,0.5098039215686274,0.4476284584980237
n_neighbors,1,1,distance,minkowski,2,6,79,79,0.525,0.5128205128205128,0.525
n_neighbors,1,1,distance,minkowski,2,6,80,80,0.5111111111111111,0.3125,0.5049407114624506
n_neighbors,1,1,distance,minkowski,2,6,81,81,0.4666666666666667,0.25,0.47332015810276673
n_neighbors,1,1,distance,minkowski,2,6,82,82,0.5333333333333333,0.6440677966101694,0.5405138339920948
n_neighbors,1,1,distance,minkowski,2,6,83,83,0.42105263157894735,0.42105263157894735,0.42105263157894735
n_neighbors,1,1,distance,minkowski,2,6,84,84,0.6136363636363636,0.5853658536585366,0.6118012422360248
n_neighbors,1,1,distance,minkowski,2,6,85,85,0.5227272727272727,0.5882352941176471,0.531055900621118
n_neighbors,1,1,distance,minkowski,2,6,86,86,0.6818181818181818,0.65,0.6873706004140786
n_neighbors,1,1,distance,minkowski,2,6,87,87,0.5777777777777777,0.6415094339622641,0.5741106719367588
n_neighbors,1,1,distance,minkowski,2,6,88,88,0.4909090909090909,0.46153846153846156,0.4920634920634921
n_neighbors,1,1,distance,minkowski,2,6,89,89,0.5777777777777777,0.5957446808510638,0.5833333333333333
n_neighbors,1,1,distance,minkowski,2,6,90,90,0.4,0.3076923076923077,0.4031620553359684
n_neighbors,1,1,distance,minkowski,2,6,91,91,0.6136363636363636,0.6666666666666666,0.6136363636363636
n_neighbors,1,1,distance,minkowski,2,6,92,92,0.39285714285714285,0.39285714285714285,0.3948717948717949
n_neighbors,1,1,distance,minkowski,2,6,93,93,0.7333333333333333,0.7272727272727273,0.733201581027668
n_neighbors,1,1,distance,minkowski,2,6,94,94,0.7045454545454546,0.7346938775510204,0.7008281573498965
n_neighbors,1,1,distance,minkowski,2,6,95,95,0.42857142857142855,0.42857142857142855,0.4375
n_neighbors,1,1,distance,minkowski,2,6,96,96,0.5952380952380952,0.6666666666666666,0.5952380952380952
n_neighbors,1,1,distance,minkowski,2,6,97,97,0.4318181818181818,0.32432432432432434,0.43181818181818177
n_neighbors,1,1,distance,minkowski,2,6,98,98,0.5777777777777777,0.6666666666666666,0.5839920948616601
n_neighbors,1,1,distance,minkowski,2,6,99,99,0.5581395348837209,0.45714285714285713,0.5627705627705628
n_neighbors,1,1,distance,minkowski,2,6,100,100,0.5277777777777778,0.5853658536585366,0.5277777777777777
n_neighbors,1,1,distance,minkowski,2,6,101,101,0.4888888888888889,0.4888888888888889,0.48913043478260865
n_neighbors,1,1,distance,minkowski,2,6,102,102,0.4666666666666667,0.25,0.47332015810276673
n_neighbors,1,1,distance,minkowski,2,6,103,103,0.6046511627906976,0.6046511627906976,0.604978354978355
n_neighbors,1,1,distance,minkowski,2,6,104,104,0.5116279069767442,0.46153846153846156,0.5097402597402597
n_neighbors,1,1,distance,minkowski,2,6,105,105,0.4222222222222222,0.4583333333333333,0.42391304347826086
n_neighbors,1,1,distance,minkowski,2,6,106,106,0.5333333333333333,0.4878048780487805,0.5297619047619048
n_neighbors,1,1,distance,minkowski,2,6,107,107,0.4666666666666667,0.5,0.4732142857142857
n_neighbors,1,1,distance,minkowski,2,6,108,108,0.5333333333333333,0.5116279069767442,0.5345849802371541
n_neighbors,3,3,distance,minkowski,2,6,1,1,0.4,0.425531914893617,0.43083003952569165
n_neighbors,3,3,distance,minkowski,2,6,2,2,0.7111111111111111,0.6486486486486487,0.7252964426877471
n_neighbors,3,3,distance,minkowski,2,6,3,3,0.4,0.425531914893617,0.38438735177865613
n_neighbors,3,3,distance,minkowski,2,6,4,4,0.4222222222222222,0.07142857142857142,0.3616600790513834
n_neighbors,3,3,distance,minkowski,2,6,5,5,0.4888888888888889,0.4888888888888889,0.49603174603174605
n_neighbors,3,3,distance,minkowski,2,6,6,6,0.4888888888888889,0.14814814814814814,0.5734126984126984
n_neighbors,3,3,distance,minkowski,2,6,7,7,0.5777777777777777,0.6779661016949152,0.7806324110671937
n_neighbors,3,3,distance,minkowski,2,6,8,8,0.4222222222222222,0.35,0.466403162055336
n_neighbors,3,3,distance,minkowski,2,6,9,9,0.37777777777777777,0.2631578947368421,0.39880952380952384
n_neighbors,3,3,distance,minkowski,2,6,10,10,0.5555555555555556,0.5833333333333334,0.5505952380952381
n_neighbors,3,3,distance,minkowski,2,6,11,11,0.4888888888888889,0.5106382978723404,0.4940711462450593
n_neighbors,3,3,distance,minkowski,2,6,12,12,0.5111111111111111,0.5217391304347826,0.560515873015873
n_neighbors,3,3,distance,minkowski,2,6,13,13,0.6,0.5882352941176471,0.642156862745098
n_neighbors,3,3,distance,minkowski,2,6,14,14,0.5555555555555556,0.5238095238095238,0.575098814229249
n_neighbors,3,3,distance,minkowski,2,6,15,15,0.6,0.6896551724137931,0.6768774703557312
n_neighbors,3,3,distance,minkowski,2,6,16,16,0.5777777777777777,0.5777777777777777,0.575098814229249
n_neighbors,3,3,distance,minkowski,2,6,17,17,0.5476190476190477,0.2962962962962963,0.5556818181818182
n_neighbors,3,3,distance,minkowski,2,6,18,18,0.4222222222222222,0.5,0.41699604743083
n_neighbors,3,3,distance,minkowski,2,6,19,19,0.6222222222222222,0.6666666666666666,0.6492094861660079
n_neighbors,3,3,distance,minkowski,2,6,20,20,0.5555555555555556,0.375,0.5424901185770752
n_neighbors,3,3,distance,minkowski,2,6,21,21,0.6444444444444445,0.6190476190476191,0.6626984126984127
n_neighbors,3,3,distance,minkowski,2,6,22,22,0.4666666666666667,0.5384615384615384,0.5009881422924901
n_neighbors,3,3,distance,minkowski,2,6,23,23,0.6363636363636364,0.68,0.6735537190082643
n_neighbors,3,3,distance,minkowski,2,6,24,24,0.4444444444444444,0.375,0.7337662337662338
n_neighbors,3,3,distance,minkowski,2,6,25,25,0.6222222222222222,0.6222222222222222,0.6768774703557313
n_neighbors,3,3,distance,minkowski,2,6,26,26,0.5333333333333333,0.6037735849056604,0.5515873015873016
n_neighbors,3,3,distance,minkowski,2,6,27,27,0.5111111111111111,0.6071428571428571,0.541501976284585
n_neighbors,3,3,distance,minkowski,2,6,28,28,0.5555555555555556,0.5238095238095238,0.5958498023715415
n_neighbors,3,3,distance,minkowski,2,6,29,29,0.6888888888888889,0.75,0.7707509881422926
n_neighbors,3,3,distance,minkowski,2,6,30,30,0.5111111111111111,0.21428571428571427,0.5317460317460317
n_neighbors,3,3,distance,minkowski,2,6,31,31,0.5777777777777777,0.5957446808510638,0.6225296442687748
n_neighbors,3,3,distance,minkowski,2,6,32,32,0.6590909090909091,0.6808510638297872,0.6604554865424431
n_neighbors,3,3,distance,minkowski,2,6,33,33,0.6666666666666666,0.5945945945945946,0.7312252964426877
n_neighbors,3,3,distance,minkowski,2,6,34,34,0.6444444444444445,0.6666666666666666,0.6577380952380952
n_neighbors,3,3,distance,minkowski,2,6,35,35,0.4888888888888889,0.4888888888888889,0.4347826086956521
n_neighbors,3,3,distance,minkowski,2,6,36,36,0.5454545454545454,0.5652173913043478,0.4927685950413223
n_neighbors,3,3,distance,minkowski,2,6,37,37,0.5111111111111111,0.0,0.41699604743083
n_neighbors,3,3,distance,minkowski,2,6,38,38,0.4888888888888889,0.3783783783783784,0.4970355731225296
n_neighbors,3,3,distance,minkowski,2,6,39,39,0.38636363636363635,0.4489795918367347,0.4233954451345756
n_neighbors,3,3,distance,minkowski,2,6,40,40,0.5111111111111111,0.5416666666666666,0.4722222222222223
n_neighbors,3,3,distance,minkowski,2,6,41,41,0.5555555555555556,0.5,0.5982142857142857
n_neighbors,3,3,distance,minkowski,2,6,42,42,0.8,0.7906976744186046,0.8359683794466404
n_neighbors,3,3,distance,minkowski,2,6,43,43,0.6222222222222222,0.6382978723404256,0.6057312252964427
n_neighbors,3,3,distance,minkowski,2,6,44,44,0.5517241379310345,0.5517241379310345,0.6023809523809524
n_neighbors,3,3,distance,minkowski,2,6,45,45,0.6,0.6086956521739131,0.5800395256916996
n_neighbors,3,3,distance,minkowski,2,6,46,46,0.4,0.4,0.40217391304347827
n_neighbors,3,3,distance,minkowski,2,6,47,47,0.4888888888888889,0.5964912280701754,0.5972222222222222
n_neighbors,3,3,distance,minkowski,2,6,48,48,0.5882352941176471,0.631578947368421,0.5785714285714286
n_neighbors,3,3,distance,minkowski,2,6,49,49,0.8,0.7906976744186046,0.8142292490118578
n_neighbors,3,3,distance,minkowski,2,6,50,50,0.5555555555555556,0.6551724137931034,0.6294466403162056
n_neighbors,3,3,distance,minkowski,2,6,51,51,0.4222222222222222,0.07142857142857142,0.30654761904761907
n_neighbors,3,3,distance,minkowski,2,6,52,52,0.5853658536585366,0.5142857142857142,0.6459330143540669
n_neighbors,3,3,distance,minkowski,2,6,53,53,0.5348837209302325,0.5,0.579004329004329
n_neighbors,3,3,distance,minkowski,2,6,54,54,0.6153846153846154,0.6511627906976745,0.7744565217391305
n_neighbors,3,3,distance,minkowski,2,6,55,55,0.6888888888888889,0.65,0.7766798418972333
n_neighbors,3,3,distance,minkowski,2,6,56,56,0.7045454545454546,0.6486486486486487,0.7551652892561984
n_neighbors,3,3,distance,minkowski,2,6,57,57,0.6666666666666666,0.6666666666666666,0.6795634920634921
n_neighbors,3,3,distance,minkowski,2,6,58,58,0.4,0.3076923076923077,0.42162698412698413
n_neighbors,3,3,distance,minkowski,2,6,59,59,0.4444444444444444,0.3902439024390244,0.3948412698412698
n_neighbors,3,3,distance,minkowski,2,6,60,60,0.75,0.7317073170731707,0.8181818181818182
n_neighbors,3,3,distance,minkowski,2,6,61,61,0.627906976744186,0.5789473684210527,0.7813852813852814
n_neighbors,3,3,distance,minkowski,2,6,62,62,0.7777777777777778,0.7368421052631579,0.8132411067193677
n_neighbors,3,3,distance,minkowski,2,6,63,63,0.5116279069767442,0.3225806451612903,0.5465367965367964
n_neighbors,3,3,distance,minkowski,2,6,64,64,0.6,0.5714285714285714,0.6195652173913043
n_neighbors,3,3,distance,minkowski,2,6,65,65,0.5333333333333333,0.4878048780487805,0.5734126984126984
n_neighbors,3,3,distance,minkowski,2,6,66,66,0.6222222222222222,0.6382978723404256,0.6758893280632411
n_neighbors,3,3,distance,minkowski,2,6,67,67,0.5555555555555556,0.3333333333333333,0.4762845849802371
n_neighbors,3,3,distance,minkowski,2,6,68,68,0.6222222222222222,0.5405405405405406,0.6788537549407114
n_neighbors,3,3,distance,minkowski,2,6,69,69,0.4888888888888889,0.41025641025641024,0.5277777777777778
n_neighbors,3,3,distance,minkowski,2,6,70,70,0.6222222222222222,0.5853658536585366,0.5662055335968379
n_neighbors,3,3,distance,minkowski,2,6,71,71,0.4666666666666667,0.3684210526315789,0.4041501976284585
n_neighbors,3,3,distance,minkowski,2,6,72,72,0.7777777777777778,0.75,0.7885375494071147
n_neighbors,3,3,distance,minkowski,2,6,73,73,0.6,0.4,0.6264822134387351
n_neighbors,3,3,distance,minkowski,2,6,74,74,0.6666666666666666,0.6341463414634146,0.685515873015873
n_neighbors,3,3,distance,minkowski,2,6,75,75,0.5609756097560976,0.5,0.5904761904761905
n_neighbors,3,3,distance,minkowski,2,6,76,76,0.5111111111111111,0.6071428571428571,0.5622529644268774
n_neighbors,3,3,distance,minkowski,2,6,77,77,0.5555555555555556,0.6428571428571429,0.6150793650793651
n_neighbors,3,3,distance,minkowski,2,6,78,78,0.4444444444444444,0.4897959183673469,0.41007905138339923
n_neighbors,3,3,distance,minkowski,2,6,79,79,0.525,0.5128205128205128,0.6300000000000001
n_neighbors,3,3,distance,minkowski,2,6,80,80,0.5333333333333333,0.36363636363636365,0.4792490118577075
n_neighbors,3,3,distance,minkowski,2,6,81,81,0.4888888888888889,0.0,0.44169960474308295
n_neighbors,3,3,distance,minkowski,2,6,82,82,0.6,0.6896551724137931,0.6195652173913043
n_neighbors,3,3,distance,minkowski,2,6,83,83,0.39473684210526316,0.20689655172413793,0.3490304709141274
n_neighbors,3,3,distance,minkowski,2,6,84,84,0.5909090909090909,0.5714285714285714,0.65527950310559
n_neighbors,3,3,distance,minkowski,2,6,85,85,0.6818181818181818,0.72,0.6749482401656315
n_neighbors,3,3,distance,minkowski,2,6,86,86,0.6818181818181818,0.6666666666666666,0.7153209109730849
n_neighbors,3,3,distance,minkowski,2,6,87,87,0.5333333333333333,0.5882352941176471,0.5780632411067194
n_neighbors,3,3,distance,minkowski,2,6,88,88,0.43636363636363634,0.27906976744186046,0.5621693121693122
n_neighbors,3,3,distance,minkowski,2,6,89,89,0.6222222222222222,0.6792452830188679,0.6527777777777778
n_neighbors,3,3,distance,minkowski,2,6,90,90,0.4888888888888889,0.43902439024390244,0.46739130434782605
n_neighbors,3,3,distance,minkowski,2,6,91,91,0.6363636363636364,0.6666666666666666,0.7169421487603306
n_neighbors,3,3,distance,minkowski,2,6,92,92,0.5,0.5,0.4916666666666667
n_neighbors,3,3,distance,minkowski,2,6,93,93,0.5777777777777777,0.5957446808510638,0.6976284584980237
n_neighbors,3,3,distance,minkowski,2,6,94,94,0.7727272727272727,0.8076923076923077,0.8571428571428571
n_neighbors,3,3,distance,minkowski,2,6,95,95,0.39285714285714285,0.37037037037037035,0.4140625
n_neighbors,3,3,distance,minkowski,2,6,96,96,0.5,0.5882352941176471,0.5498866213151928
n_neighbors,3,3,distance,minkowski,2,6,97,97,0.4318181818181818,0.2857142857142857,0.5000000000000001
n_neighbors,3,3,distance,minkowski,2,6,98,98,0.4888888888888889,0.6101694915254238,0.5237154150197628
n_neighbors,3,3,distance,minkowski,2,6,99,99,0.5348837209302325,0.47368421052631576,0.5324675324675325
n_neighbors,3,3,distance,minkowski,2,6,100,100,0.5555555555555556,0.6521739130434783,0.5632716049382717
n_neighbors,3,3,distance,minkowski,2,6,101,101,0.4666666666666667,0.3684210526315789,0.48814229249011865
n_neighbors,3,3,distance,minkowski,2,6,102,102,0.5111111111111111,0.45,0.4940711462450593
n_neighbors,3,3,distance,minkowski,2,6,103,103,0.6744186046511628,0.6956521739130435,0.735930735930736
n_neighbors,3,3,distance,minkowski,2,6,104,104,0.5116279069767442,0.43243243243243246,0.5378787878787878
n_neighbors,3,3,distance,minkowski,2,6,105,105,0.4444444444444444,0.4186046511627907,0.432806324110672
n_neighbors,3,3,distance,minkowski,2,6,106,106,0.4666666666666667,0.45454545454545453,0.5436507936507936
n_neighbors,3,3,distance,minkowski,2,6,107,107,0.4,0.425531914893617,0.38492063492063494
n_neighbors,3,3,distance,minkowski,2,6,108,108,0.6444444444444445,0.6190476190476191,0.6324110671936759
n_neighbors,5,5,distance,minkowski,2,6,1,1,0.4222222222222222,0.4090909090909091,0.4545454545454546
n_neighbors,5,5,distance,minkowski,2,6,2,2,0.7555555555555555,0.6857142857142857,0.8162055335968379
n_neighbors,5,5,distance,minkowski,2,6,3,3,0.4888888888888889,0.5490196078431373,0.46047430830039526
n_neighbors,5,5,distance,minkowski,2,6,4,4,0.4666666666666667,0.14285714285714285,0.3883399209486165
n_neighbors,5,5,distance,minkowski,2,6,5,5,0.4,0.425531914893617,0.4126984126984127
n_neighbors,5,5,distance,minkowski,2,6,6,6,0.4888888888888889,0.20689655172413793,0.5376984126984127
n_neighbors,5,5,distance,minkowski,2,6,7,7,0.5777777777777777,0.6779661016949152,0.6847826086956521
n_neighbors,5,5,distance,minkowski,2,6,8,8,0.5555555555555556,0.5238095238095238,0.5533596837944664
n_neighbors,5,5,distance,minkowski,2,6,9,9,0.4888888888888889,0.3783783783783784,0.43154761904761907
n_neighbors,5,5,distance,minkowski,2,6,10,10,0.5555555555555556,0.5833333333333334,0.626984126984127
n_neighbors,5,5,distance,minkowski,2,6,11,11,0.4666666666666667,0.5,0.5148221343873518
n_neighbors,5,5,distance,minkowski,2,6,12,12,0.5555555555555556,0.5454545454545454,0.5873015873015873
n_neighbors,5,5,distance,minkowski,2,6,13,13,0.45714285714285713,0.45714285714285713,0.607843137254902
n_neighbors,5,5,distance,minkowski,2,6,14,14,0.5777777777777777,0.5581395348837209,0.6067193675889329
n_neighbors,5,5,distance,minkowski,2,6,15,15,0.6444444444444445,0.7142857142857143,0.7322134387351777
n_neighbors,5,5,distance,minkowski,2,6,16,16,0.5111111111111111,0.5,0.5632411067193676
n_neighbors,5,5,distance,minkowski,2,6,17,17,0.5238095238095238,0.2857142857142857,0.41818181818181815
n_neighbors,5,5,distance,minkowski,2,6,18,18,0.4444444444444444,0.5283018867924528,0.391304347826087
n_neighbors,5,5,distance,minkowski,2,6,19,19,0.6,0.64,0.6086956521739131
n_neighbors,5,5,distance,minkowski,2,6,20,20,0.6,0.4,0.5928853754940712
n_neighbors,5,5,distance,minkowski,2,6,21,21,0.6,0.6086956521739131,0.6398809523809524
n_neighbors,5,5,distance,minkowski,2,6,22,22,0.4222222222222222,0.5517241379310345,0.4644268774703557
n_neighbors,5,5,distance,minkowski,2,6,23,23,0.6363636363636364,0.68,0.706611570247934
n_neighbors,5,5,distance,minkowski,2,6,24,24,0.4444444444444444,0.2857142857142857,0.7142857142857143
n_neighbors,5,5,distance,minkowski,2,6,25,25,0.6222222222222222,0.6222222222222222,0.6630434782608696
n_neighbors,5,5,distance,minkowski,2,6,26,26,0.4888888888888889,0.5818181818181818,0.5555555555555556
n_neighbors,5,5,distance,minkowski,2,6,27,27,0.4888888888888889,0.6101694915254238,0.4792490118577075
n_neighbors,5,5,distance,minkowski,2,6,28,28,0.6222222222222222,0.6222222222222222,0.5770750988142292
n_neighbors,5,5,distance,minkowski,2,6,29,29,0.6888888888888889,0.7407407407407407,0.8132411067193677
n_neighbors,5,5,distance,minkowski,2,6,30,30,0.5111111111111111,0.15384615384615385,0.5704365079365079
n_neighbors,5,5,distance,minkowski,2,6,31,31,0.7111111111111111,0.7346938775510204,0.6996047430830039
n_neighbors,5,5,distance,minkowski,2,6,32,32,0.6363636363636364,0.6666666666666666,0.6790890269151139
n_neighbors,5,5,distance,minkowski,2,6,33,33,0.6444444444444445,0.5555555555555556,0.7252964426877471
n_neighbors,5,5,distance,minkowski,2,6,34,34,0.7333333333333333,0.76,0.7559523809523809
n_neighbors,5,5,distance,minkowski,2,6,35,35,0.5333333333333333,0.4878048780487805,0.47134387351778656
n_neighbors,5,5,distance,minkowski,2,6,36,36,0.4090909090909091,0.4583333333333333,0.42355371900826444
n_neighbors,5,5,distance,minkowski,2,6,37,37,0.5111111111111111,0.0,0.4051383399209486
n_neighbors,5,5,distance,minkowski,2,6,38,38,0.5333333333333333,0.4,0.4565217391304348
n_neighbors,5,5,distance,minkowski,2,6,39,39,0.38636363636363635,0.4489795918367347,0.40165631469979296
n_neighbors,5,5,distance,minkowski,2,6,40,40,0.5555555555555556,0.5833333333333334,0.48611111111111116
n_neighbors,5,5,distance,minkowski,2,6,41,41,0.5777777777777777,0.5365853658536586,0.6329365079365079
n_neighbors,5,5,distance,minkowski,2,6,42,42,0.7777777777777778,0.7916666666666666,0.8656126482213439
n_neighbors,5,5,distance,minkowski,2,6,43,43,0.6,0.5714285714285714,0.624505928853755
n_neighbors,5,5,distance,minkowski,2,6,44,44,0.4827586206896552,0.4444444444444444,0.5738095238095239
n_neighbors,5,5,distance,minkowski,2,6,45,45,0.6,0.5714285714285714,0.5889328063241106
n_neighbors,5,5,distance,minkowski,2,6,46,46,0.4888888888888889,0.5306122448979592,0.47332015810276684
n_neighbors,5,5,distance,minkowski,2,6,47,47,0.5555555555555556,0.6153846153846154,0.5505952380952381
n_neighbors,5,5,distance,minkowski,2,6,48,48,0.5882352941176471,0.631578947368421,0.6000000000000001
n_neighbors,5,5,distance,minkowski,2,6,49,49,0.8,0.7804878048780488,0.8537549407114624
n_neighbors,5,5,distance,minkowski,2,6,50,50,0.6,0.6785714285714286,0.7430830039525691
n_neighbors,5,5,distance,minkowski,2,6,51,51,0.4666666666666667,0.0,0.3472222222222222
n_neighbors,5,5,distance,minkowski,2,6,52,52,0.6585365853658537,0.5882352941176471,0.6770334928229665
n_neighbors,5,5,distance,minkowski,2,6,53,53,0.4883720930232558,0.42105263157894735,0.5487012987012987
n_neighbors,5,5,distance,minkowski,2,6,54,54,0.6410256410256411,0.6818181818181818,0.7758152173913043
n_neighbors,5,5,distance,minkowski,2,6,55,55,0.6444444444444445,0.5789473684210527,0.8043478260869565
n_neighbors,5,5,distance,minkowski,2,6,56,56,0.7045454545454546,0.6666666666666666,0.7272727272727272
n_neighbors,5,5,distance,minkowski,2,6,57,57,0.6,0.6086956521739131,0.6527777777777778
n_neighbors,5,5,distance,minkowski,2,6,58,58,0.5777777777777777,0.4864864864864865,0.4880952380952381
n_neighbors,5,5,distance,minkowski,2,6,59,59,0.4222222222222222,0.23529411764705882,0.3869047619047619
n_neighbors,5,5,distance,minkowski,2,6,60,60,0.7272727272727273,0.7,0.8202479338842975
n_neighbors,5,5,distance,minkowski,2,6,61,61,0.6976744186046512,0.6285714285714286,0.8225108225108225
n_neighbors,5,5,distance,minkowski,2,6,62,62,0.8,0.7428571428571429,0.7845849802371541
n_neighbors,5,5,distance,minkowski,2,6,63,63,0.5348837209302325,0.16666666666666666,0.5476190476190477
n_neighbors,5,5,distance,minkowski,2,6,64,64,0.6888888888888889,0.6818181818181818,0.6946640316205535
n_neighbors,5,5,distance,minkowski,2,6,65,65,0.5333333333333333,0.46153846153846156,0.5089285714285714
n_neighbors,5,5,distance,minkowski,2,6,66,66,0.4666666666666667,0.45454545454545453,0.5652173913043479
n_neighbors,5,5,distance,minkowski,2,6,67,67,0.5111111111111111,0.21428571428571427,0.5158102766798419
n_neighbors,5,5,distance,minkowski,2,6,68,68,0.5333333333333333,0.36363636363636365,0.6146245059288536
n_neighbors,5,5,distance,minkowski,2,6,69,69,0.5111111111111111,0.45,0.5466269841269842
n_neighbors,5,5,distance,minkowski,2,6,70,70,0.6,0.55,0.591897233201581
n_neighbors,5,5,distance,minkowski,2,6,71,71,0.5111111111111111,0.35294117647058826,0.39920948616600793
n_neighbors,5,5,distance,minkowski,2,6,72,72,0.6444444444444445,0.5789473684210527,0.8517786561264822
n_neighbors,5,5,distance,minkowski,2,6,73,73,0.6222222222222222,0.45161290322580644,0.717391304347826
n_neighbors,5,5,distance,minkowski,2,6,74,74,0.6222222222222222,0.6046511627906976,0.7083333333333334
n_neighbors,5,5,distance,minkowski,2,6,75,75,0.5853658536585366,0.5405405405405406,0.5797619047619048
n_neighbors,5,5,distance,minkowski,2,6,76,76,0.5111111111111111,0.5925925925925926,0.5474308300395258
n_neighbors,5,5,distance,minkowski,2,6,77,77,0.6,0.6538461538461539,0.6378968253968254
n_neighbors,5,5,distance,minkowski,2,6,78,78,0.5555555555555556,0.6,0.49703557312252966
n_neighbors,5,5,distance,minkowski,2,6,79,79,0.5,0.5238095238095238,0.655
n_neighbors,5,5,distance,minkowski,2,6,80,80,0.5555555555555556,0.3333333333333333,0.49209486166007904
n_neighbors,5,5,distance,minkowski,2,6,81,81,0.4666666666666667,0.0,0.49011857707509876
n_neighbors,5,5,distance,minkowski,2,6,82,82,0.5555555555555556,0.6666666666666666,0.6551383399209485
n_neighbors,5,5,distance,minkowski,2,6,83,83,0.4473684210526316,0.16,0.389196675900277
n_neighbors,5,5,distance,minkowski,2,6,84,84,0.6136363636363636,0.6046511627906976,0.639751552795031
n_neighbors,5,5,distance,minkowski,2,6,85,85,0.6136363636363636,0.6792452830188679,0.675983436853002
n_neighbors,5,5,distance,minkowski,2,6,86,86,0.5909090909090909,0.5714285714285714,0.7070393374741201
n_neighbors,5,5,distance,minkowski,2,6,87,87,0.5555555555555556,0.6296296296296297,0.5741106719367588
n_neighbors,5,5,distance,minkowski,2,6,88,88,0.45454545454545453,0.34782608695652173,0.5105820105820107
n_neighbors,5,5,distance,minkowski,2,6,89,89,0.6,0.6785714285714286,0.6666666666666666
n_neighbors,5,5,distance,minkowski,2,6,90,90,0.37777777777777777,0.3333333333333333,0.3952569169960475
n_neighbors,5,5,distance,minkowski,2,6,91,91,0.5454545454545454,0.6296296296296297,0.65599173553719
n_neighbors,5,5,distance,minkowski,2,6,92,92,0.48214285714285715,0.4528301886792453,0.5102564102564103
n_neighbors,5,5,distance,minkowski,2,6,93,93,0.6444444444444445,0.68,0.7233201581027668
n_neighbors,5,5,distance,minkowski,2,6,94,94,0.7954545454545454,0.8301886792452831,0.9151138716356108
n_neighbors,5,5,distance,minkowski,2,6,95,95,0.5,0.6111111111111112,0.4739583333333333
n_neighbors,5,5,distance,minkowski,2,6,96,96,0.6190476190476191,0.6923076923076923,0.5510204081632654
n_neighbors,5,5,distance,minkowski,2,6,97,97,0.5454545454545454,0.4444444444444444,0.5382231404958678
n_neighbors,5,5,distance,minkowski,2,6,98,98,0.5333333333333333,0.6557377049180327,0.5691699604743083
n_neighbors,5,5,distance,minkowski,2,6,99,99,0.5581395348837209,0.4864864864864865,0.5227272727272727
n_neighbors,5,5,distance,minkowski,2,6,100,100,0.5,0.5714285714285714,0.48611111111111105
n_neighbors,5,5,distance,minkowski,2,6,101,101,0.4666666666666667,0.3333333333333333,0.48418972332015814
n_neighbors,5,5,distance,minkowski,2,6,102,102,0.6,0.5714285714285714,0.5968379446640316
n_neighbors,5,5,distance,minkowski,2,6,103,103,0.6744186046511628,0.6818181818181818,0.7251082251082251
n_neighbors,5,5,distance,minkowski,2,6,104,104,0.3953488372093023,0.38095238095238093,0.512987012987013
n_neighbors,5,5,distance,minkowski,2,6,105,105,0.4222222222222222,0.35,0.4634387351778656
n_neighbors,5,5,distance,minkowski,2,6,106,106,0.5111111111111111,0.45,0.501984126984127
n_neighbors,5,5,distance,minkowski,2,6,107,107,0.4666666666666667,0.52,0.42658730158730157
n_neighbors,5,5,distance,minkowski,2,6,108,108,0.6444444444444445,0.6,0.6610671936758893
n_neighbors,7,7,distance,minkowski,2,6,1,1,0.5111111111111111,0.56,0.4486166007905139
n_neighbors,7,7,distance,minkowski,2,6,2,2,0.6666666666666666,0.5454545454545454,0.8616600790513834
n_neighbors,7,7,distance,minkowski,2,6,3,3,0.37777777777777777,0.4166666666666667,0.40217391304347827
n_neighbors,7,7,distance,minkowski,2,6,4,4,0.4666666666666667,0.14285714285714285,0.3458498023715415
n_neighbors,7,7,distance,minkowski,2,6,5,5,0.3111111111111111,0.3111111111111111,0.376984126984127
n_neighbors,7,7,distance,minkowski,2,6,6,6,0.5111111111111111,0.21428571428571427,0.5615079365079365
n_neighbors,7,7,distance,minkowski,2,6,7,7,0.5555555555555556,0.6666666666666666,0.6363636363636365
n_neighbors,7,7,distance,minkowski,2,6,8,8,0.6,0.5,0.5889328063241106
n_neighbors,7,7,distance,minkowski,2,6,9,9,0.5111111111111111,0.3125,0.4384920634920635
n_neighbors,7,7,distance,minkowski,2,6,10,10,0.6,0.625,0.6309523809523809
n_neighbors,7,7,distance,minkowski,2,6,11,11,0.5111111111111111,0.5217391304347826,0.5019762845849802
n_neighbors,7,7,distance,minkowski,2,6,12,12,0.5333333333333333,0.4878048780487805,0.6468253968253969
n_neighbors,7,7,distance,minkowski,2,6,13,13,0.5142857142857142,0.48484848484848486,0.607843137254902
n_neighbors,7,7,distance,minkowski,2,6,14,14,0.6888888888888889,0.65,0.6719367588932806
n_neighbors,7,7,distance,minkowski,2,6,15,15,0.6,0.6896551724137931,0.7687747035573123
n_neighbors,7,7,distance,minkowski,2,6,16,16,0.5555555555555556,0.5454545454545454,0.5731225296442688
n_neighbors,7,7,distance,minkowski,2,6,17,17,0.5238095238095238,0.375,0.38636363636363635
n_neighbors,7,7,distance,minkowski,2,6,18,18,0.4888888888888889,0.5964912280701754,0.4318181818181818
n_neighbors,7,7,distance,minkowski,2,6,19,19,0.6,0.6538461538461539,0.6225296442687747
n_neighbors,7,7,distance,minkowski,2,6,20,20,0.6,0.47058823529411764,0.5889328063241107
n_neighbors,7,7,distance,minkowski,2,6,21,21,0.6222222222222222,0.6222222222222222,0.6458333333333333
n_neighbors,7,7,distance,minkowski,2,6,22,22,0.37777777777777777,0.5,0.37944664031620556
n_neighbors,7,7,distance,minkowski,2,6,23,23,0.5681818181818182,0.6545454545454545,0.7148760330578513
n_neighbors,7,7,distance,minkowski,2,6,24,24,0.5,0.3076923076923077,0.6103896103896105
n_neighbors,7,7,distance,minkowski,2,6,25,25,0.6222222222222222,0.5853658536585366,0.6877470355731226
n_neighbors,7,7,distance,minkowski,2,6,26,26,0.4888888888888889,0.5306122448979592,0.5922619047619048
n_neighbors,7,7,distance,minkowski,2,6,27,27,0.4444444444444444,0.5614035087719298,0.4990118577075099
n_neighbors,7,7,distance,minkowski,2,6,28,28,0.5111111111111111,0.5,0.5
n_neighbors,7,7,distance,minkowski,2,6,29,29,0.6666666666666666,0.7368421052631579,0.8112648221343874
n_neighbors,7,7,distance,minkowski,2,6,30,30,0.5111111111111111,0.15384615384615385,0.5763888888888888
n_neighbors,7,7,distance,minkowski,2,6,31,31,0.7333333333333333,0.76,0.7272727272727273
n_neighbors,7,7,distance,minkowski,2,6,32,32,0.7045454545454546,0.7450980392156863,0.7163561076604554
n_neighbors,7,7,distance,minkowski,2,6,33,33,0.7111111111111111,0.6486486486486487,0.7233201581027668
n_neighbors,7,7,distance,minkowski,2,6,34,34,0.7333333333333333,0.7692307692307693,0.8432539682539683
n_neighbors,7,7,distance,minkowski,2,6,35,35,0.5555555555555556,0.5,0.5118577075098815
n_neighbors,7,7,distance,minkowski,2,6,36,36,0.45454545454545453,0.4782608695652174,0.40392561983471076
n_neighbors,7,7,distance,minkowski,2,6,37,37,0.5111111111111111,0.0,0.3814229249011858
n_neighbors,7,7,distance,minkowski,2,6,38,38,0.5333333333333333,0.46153846153846156,0.4743083003952569
n_neighbors,7,7,distance,minkowski,2,6,39,39,0.45454545454545453,0.5384615384615384,0.4161490683229814
n_neighbors,7,7,distance,minkowski,2,6,40,40,0.4666666666666667,0.45454545454545453,0.49007936507936506
n_neighbors,7,7,distance,minkowski,2,6,41,41,0.5555555555555556,0.5238095238095238,0.6091269841269842
n_neighbors,7,7,distance,minkowski,2,6,42,42,0.7777777777777778,0.782608695652174,0.8675889328063241
n_neighbors,7,7,distance,minkowski,2,6,43,43,0.5333333333333333,0.5116279069767442,0.5671936758893281
n_neighbors,7,7,distance,minkowski,2,6,44,44,0.6551724137931034,0.6666666666666666,0.6357142857142858
n_neighbors,7,7,distance,minkowski,2,6,45,45,0.5777777777777777,0.5365853658536586,0.5573122529644269
n_neighbors,7,7,distance,minkowski,2,6,46,46,0.37777777777777777,0.4166666666666667,0.4407114624505929
n_neighbors,7,7,distance,minkowski,2,6,47,47,0.5111111111111111,0.6071428571428571,0.5396825396825397
n_neighbors,7,7,distance,minkowski,2,6,48,48,0.5882352941176471,0.631578947368421,0.6142857142857143
n_neighbors,7,7,distance,minkowski,2,6,49,49,0.8222222222222222,0.8,0.8043478260869565
n_neighbors,7,7,distance,minkowski,2,6,50,50,0.6,0.6666666666666666,0.7559288537549408
n_neighbors,7,7,distance,minkowski,2,6,51,51,0.5333333333333333,0.0,0.4126984126984127
n_neighbors,7,7,distance,minkowski,2,6,52,52,0.7073170731707317,0.6470588235294118,0.7260765550239234
n_neighbors,7,7,distance,minkowski,2,6,53,53,0.4883720930232558,0.42105263157894735,0.5043290043290043
n_neighbors,7,7,distance,minkowski,2,6,54,54,0.6153846153846154,0.6666666666666666,0.78125
n_neighbors,7,7,distance,minkowski,2,6,55,55,0.6222222222222222,0.48484848484848486,0.8043478260869565
n_neighbors,7,7,distance,minkowski,2,6,56,56,0.7045454545454546,0.6666666666666666,0.7438016528925621
n_neighbors,7,7,distance,minkowski,2,6,57,57,0.6,0.625,0.6746031746031745
n_neighbors,7,7,distance,minkowski,2,6,58,58,0.5555555555555556,0.47368421052631576,0.49404761904761907
n_neighbors,7,7,distance,minkowski,2,6,59,59,0.4444444444444444,0.24242424242424243,0.38690476190476186
n_neighbors,7,7,distance,minkowski,2,6,60,60,0.8181818181818182,0.8,0.8760330578512396
n_neighbors,7,7,distance,minkowski,2,6,61,61,0.6511627906976745,0.5454545454545454,0.7705627705627706
n_neighbors,7,7,distance,minkowski,2,6,62,62,0.8,0.7428571428571429,0.7875494071146246
n_neighbors,7,7,distance,minkowski,2,6,63,63,0.5581395348837209,0.24,0.6612554112554113
n_neighbors,7,7,distance,minkowski,2,6,64,64,0.6222222222222222,0.6046511627906976,0.6867588932806324
n_neighbors,7,7,distance,minkowski,2,6,65,65,0.5333333333333333,0.46153846153846156,0.4900793650793651
n_neighbors,7,7,distance,minkowski,2,6,66,66,0.5333333333333333,0.5116279069767442,0.5395256916996048
n_neighbors,7,7,distance,minkowski,2,6,67,67,0.4888888888888889,0.08,0.5217391304347826
n_neighbors,7,7,distance,minkowski,2,6,68,68,0.4444444444444444,0.13793103448275862,0.5592885375494071
n_neighbors,7,7,distance,minkowski,2,6,69,69,0.5555555555555556,0.47368421052631576,0.550595238095238
n_neighbors,7,7,distance,minkowski,2,6,70,70,0.5333333333333333,0.4878048780487805,0.5988142292490118
n_neighbors,7,7,distance,minkowski,2,6,71,71,0.5777777777777777,0.42424242424242425,0.4367588932806324
n_neighbors,7,7,distance,minkowski,2,6,72,72,0.8,0.7906976744186046,0.883399209486166
n_neighbors,7,7,distance,minkowski,2,6,73,73,0.6666666666666666,0.5454545454545454,0.6986166007905139
n_neighbors,7,7,distance,minkowski,2,6,74,74,0.6,0.6086956521739131,0.7023809523809523
n_neighbors,7,7,distance,minkowski,2,6,75,75,0.6341463414634146,0.6153846153846154,0.6190476190476191
n_neighbors,7,7,distance,minkowski,2,6,76,76,0.5333333333333333,0.6037735849056604,0.5316205533596838
n_neighbors,7,7,distance,minkowski,2,6,77,77,0.5777777777777777,0.6274509803921569,0.6408730158730158
n_neighbors,7,7,distance,minkowski,2,6,78,78,0.6222222222222222,0.6530612244897959,0.575098814229249
n_neighbors,7,7,distance,minkowski,2,6,79,79,0.5,0.47368421052631576,0.6187499999999999
n_neighbors,7,7,distance,minkowski,2,6,80,80,0.5777777777777777,0.42424242424242425,0.5454545454545454
n_neighbors,7,7,distance,minkowski,2,6,81,81,0.4666666666666667,0.0,0.5454545454545454
n_neighbors,7,7,distance,minkowski,2,6,82,82,0.6,0.7,0.6254940711462451
n_neighbors,7,7,distance,minkowski,2,6,83,83,0.5,0.09523809523809523,0.45429362880886426
n_neighbors,7,7,distance,minkowski,2,6,84,84,0.6363636363636364,0.6190476190476191,0.639751552795031
n_neighbors,7,7,distance,minkowski,2,6,85,85,0.5909090909090909,0.6666666666666666,0.7339544513457557
n_neighbors,7,7,distance,minkowski,2,6,86,86,0.6136363636363636,0.6046511627906976,0.7287784679089027
n_neighbors,7,7,distance,minkowski,2,6,87,87,0.5777777777777777,0.6415094339622641,0.6175889328063241
n_neighbors,7,7,distance,minkowski,2,6,88,88,0.4727272727272727,0.3829787234042553,0.4788359788359789
n_neighbors,7,7,distance,minkowski,2,6,89,89,0.5555555555555556,0.6428571428571429,0.7132936507936508
n_neighbors,7,7,distance,minkowski,2,6,90,90,0.4222222222222222,0.38095238095238093,0.4328063241106719
n_neighbors,7,7,distance,minkowski,2,6,91,91,0.6363636363636364,0.6923076923076923,0.6869834710743803
n_neighbors,7,7,distance,minkowski,2,6,92,92,0.625,0.5531914893617021,0.5051282051282051
n_neighbors,7,7,distance,minkowski,2,6,93,93,0.6,0.6538461538461539,0.7569169960474308
n_neighbors,7,7,distance,minkowski,2,6,94,94,0.8181818181818182,0.8461538461538461,0.9140786749482401
n_neighbors,7,7,distance,minkowski,2,6,95,95,0.4642857142857143,0.5714285714285714,0.546875
n_neighbors,7,7,distance,minkowski,2,6,96,96,0.47619047619047616,0.6206896551724138,0.5510204081632653
n_neighbors,7,7,distance,minkowski,2,6,97,97,0.5681818181818182,0.4864864864864865,0.5351239669421488
n_neighbors,7,7,distance,minkowski,2,6,98,98,0.6,0.6785714285714286,0.5948616600790514
n_neighbors,7,7,distance,minkowski,2,6,99,99,0.5581395348837209,0.45714285714285713,0.5400432900432901
n_neighbors,7,7,distance,minkowski,2,6,100,100,0.4166666666666667,0.4878048780487805,0.48148148148148145
n_neighbors,7,7,distance,minkowski,2,6,101,101,0.5111111111111111,0.35294117647058826,0.4940711462450593
n_neighbors,7,7,distance,minkowski,2,6,102,102,0.6,0.5714285714285714,0.6067193675889329
n_neighbors,7,7,distance,minkowski,2,6,103,103,0.6744186046511628,0.6818181818181818,0.712121212121212
n_neighbors,7,7,distance,minkowski,2,6,104,104,0.37209302325581395,0.4,0.4880952380952381
n_neighbors,7,7,distance,minkowski,2,6,105,105,0.4222222222222222,0.3157894736842105,0.48616600790513836
n_neighbors,7,7,distance,minkowski,2,6,106,106,0.5111111111111111,0.47619047619047616,0.5575396825396826
n_neighbors,7,7,distance,minkowski,2,6,107,107,0.4888888888888889,0.5306122448979592,0.4642857142857143
n_neighbors,7,7,distance,minkowski,2,6,108,108,0.6666666666666666,0.5945945945945946,0.7243083003952568
n_neighbors,9,9,distance,minkowski,2,6,1,1,0.5111111111111111,0.5769230769230769,0.45256916996047436
n_neighbors,9,9,distance,minkowski,2,6,2,2,0.6888888888888889,0.5625,0.8774703557312253
n_neighbors,9,9,distance,minkowski,2,6,3,3,0.4222222222222222,0.4583333333333333,0.4229249011857708
n_neighbors,9,9,distance,minkowski,2,6,4,4,0.5111111111111111,0.26666666666666666,0.4703557312252965
n_neighbors,9,9,distance,minkowski,2,6,5,5,0.26666666666666666,0.26666666666666666,0.34325396825396826
n_neighbors,9,9,distance,minkowski,2,6,6,6,0.5333333333333333,0.16,0.5972222222222222
n_neighbors,9,9,distance,minkowski,2,6,7,7,0.6,0.7,0.6818181818181818
n_neighbors,9,9,distance,minkowski,2,6,8,8,0.6222222222222222,0.5142857142857142,0.6047430830039525
n_neighbors,9,9,distance,minkowski,2,6,9,9,0.4666666666666667,0.29411764705882354,0.47023809523809523
n_neighbors,9,9,distance,minkowski,2,6,10,10,0.6222222222222222,0.6530612244897959,0.6607142857142857
n_neighbors,9,9,distance,minkowski,2,6,11,11,0.5111111111111111,0.5217391304347826,0.5079051383399209
n_neighbors,9,9,distance,minkowski,2,6,12,12,0.6,0.55,0.6944444444444444
n_neighbors,9,9,distance,minkowski,2,6,13,13,0.5428571428571428,0.5,0.6503267973856209
n_neighbors,9,9,distance,minkowski,2,6,14,14,0.6444444444444445,0.6,0.6541501976284585
n_neighbors,9,9,distance,minkowski,2,6,15,15,0.6222222222222222,0.7017543859649122,0.7687747035573123
n_neighbors,9,9,distance,minkowski,2,6,16,16,0.5555555555555556,0.5833333333333334,0.5335968379446641
n_neighbors,9,9,distance,minkowski,2,6,17,17,0.5476190476190477,0.3448275862068966,0.3931818181818182
n_neighbors,9,9,distance,minkowski,2,6,18,18,0.4888888888888889,0.5964912280701754,0.37154150197628455
n_neighbors,9,9,distance,minkowski,2,6,19,19,0.6444444444444445,0.68,0.6976284584980237
n_neighbors,9,9,distance,minkowski,2,6,20,20,0.6444444444444445,0.5,0.6442687747035573
n_neighbors,9,9,distance,minkowski,2,6,21,21,0.6222222222222222,0.6222222222222222,0.6765873015873016
n_neighbors,9,9,distance,minkowski,2,6,22,22,0.4222222222222222,0.5357142857142857,0.4031620553359684
n_neighbors,9,9,distance,minkowski,2,6,23,23,0.5909090909090909,0.6666666666666666,0.6983471074380165
n_neighbors,9,9,distance,minkowski,2,6,24,24,0.5,0.3076923076923077,0.6363636363636365
n_neighbors,9,9,distance,minkowski,2,6,25,25,0.6666666666666666,0.6153846153846154,0.6897233201581028
n_neighbors,9,9,distance,minkowski,2,6,26,26,0.5333333333333333,0.5882352941176471,0.628968253968254
n_neighbors,9,9,distance,minkowski,2,6,27,27,0.5333333333333333,0.6181818181818182,0.5523715415019763
n_neighbors,9,9,distance,minkowski,2,6,28,28,0.5111111111111111,0.5217391304347826,0.5375494071146245
n_neighbors,9,9,distance,minkowski,2,6,29,29,0.6888888888888889,0.75,0.8517786561264822
n_neighbors,9,9,distance,minkowski,2,6,30,30,0.5333333333333333,0.2222222222222222,0.5912698412698413
n_neighbors,9,9,distance,minkowski,2,6,31,31,0.7111111111111111,0.7346938775510204,0.7292490118577075
n_neighbors,9,9,distance,minkowski,2,6,32,32,0.6136363636363636,0.6530612244897959,0.6604554865424431
n_neighbors,9,9,distance,minkowski,2,6,33,33,0.7333333333333333,0.6842105263157895,0.7529644268774703
n_neighbors,9,9,distance,minkowski,2,6,34,34,0.7333333333333333,0.7777777777777778,0.8432539682539683
n_neighbors,9,9,distance,minkowski,2,6,35,35,0.5333333333333333,0.46153846153846156,0.5039525691699605
n_neighbors,9,9,distance,minkowski,2,6,36,36,0.4772727272727273,0.46511627906976744,0.44628099173553715
n_neighbors,9,9,distance,minkowski,2,6,37,37,0.5111111111111111,0.0,0.48616600790513836
n_neighbors,9,9,distance,minkowski,2,6,38,38,0.4666666666666667,0.42857142857142855,0.4426877470355731
n_neighbors,9,9,distance,minkowski,2,6,39,39,0.4318181818181818,0.5283018867924528,0.42236024844720493
n_neighbors,9,9,distance,minkowski,2,6,40,40,0.5777777777777777,0.5957446808510638,0.5257936507936508
n_neighbors,9,9,distance,minkowski,2,6,41,41,0.6,0.55,0.5813492063492064
n_neighbors,9,9,distance,minkowski,2,6,42,42,0.7777777777777778,0.782608695652174,0.9209486166007904
n_neighbors,9,9,distance,minkowski,2,6,43,43,0.4888888888888889,0.43902439024390244,0.5513833992094862
n_neighbors,9,9,distance,minkowski,2,6,44,44,0.6551724137931034,0.6428571428571429,0.6904761904761906
n_neighbors,9,9,distance,minkowski,2,6,45,45,0.5777777777777777,0.5128205128205128,0.5770750988142292
n_neighbors,9,9,distance,minkowski,2,6,46,46,0.4222222222222222,0.48,0.3952569169960475
n_neighbors,9,9,distance,minkowski,2,6,47,47,0.5111111111111111,0.5769230769230769,0.5238095238095238
n_neighbors,9,9,distance,minkowski,2,6,48,48,0.6470588235294118,0.625,0.7000000000000001
n_neighbors,9,9,distance,minkowski,2,6,49,49,0.7777777777777778,0.7368421052631579,0.8932806324110673
n_neighbors,9,9,distance,minkowski,2,6,50,50,0.6222222222222222,0.6909090909090909,0.7371541501976284
n_neighbors,9,9,distance,minkowski,2,6,51,51,0.5333333333333333,0.0,0.37499999999999994
n_neighbors,9,9,distance,minkowski,2,6,52,52,0.7560975609756098,0.6875,0.7356459330143539
n_neighbors,9,9,distance,minkowski,2,6,53,53,0.46511627906976744,0.3783783783783784,0.4632034632034632
n_neighbors,9,9,distance,minkowski,2,6,54,54,0.5641025641025641,0.6222222222222222,0.7635869565217392
n_neighbors,9,9,distance,minkowski,2,6,55,55,0.6444444444444445,0.5,0.8201581027667985
n_neighbors,9,9,distance,minkowski,2,6,56,56,0.6590909090909091,0.5945945945945946,0.7603305785123966
n_neighbors,9,9,distance,minkowski,2,6,57,57,0.6444444444444445,0.6521739130434783,0.6607142857142857
n_neighbors,9,9,distance,minkowski,2,6,58,58,0.5111111111111111,0.42105263157894735,0.5178571428571429
n_neighbors,9,9,distance,minkowski,2,6,59,59,0.4,0.12903225806451613,0.37896825396825395
n_neighbors,9,9,distance,minkowski,2,6,60,60,0.7727272727272727,0.75,0.8987603305785123
n_neighbors,9,9,distance,minkowski,2,6,61,61,0.7209302325581395,0.625,0.7727272727272727
n_neighbors,9,9,distance,minkowski,2,6,62,62,0.7777777777777778,0.7222222222222222,0.8063241106719368
n_neighbors,9,9,distance,minkowski,2,6,63,63,0.5116279069767442,0.16,0.658008658008658
n_neighbors,9,9,distance,minkowski,2,6,64,64,0.6666666666666666,0.6808510638297872,0.7164031620553359
n_neighbors,9,9,distance,minkowski,2,6,65,65,0.4888888888888889,0.41025641025641024,0.49603174603174605
n_neighbors,9,9,distance,minkowski,2,6,66,66,0.4888888888888889,0.4888888888888889,0.4960474308300395
n_neighbors,9,9,distance,minkowski,2,6,67,67,0.4888888888888889,0.08,0.47233201581027673
n_neighbors,9,9,distance,minkowski,2,6,68,68,0.5333333333333333,0.27586206896551724,0.5355731225296443
n_neighbors,9,9,distance,minkowski,2,6,69,69,0.5777777777777777,0.5365853658536586,0.5575396825396826
n_neighbors,9,9,distance,minkowski,2,6,70,70,0.5555555555555556,0.5454545454545454,0.5790513833992095
n_neighbors,9,9,distance,minkowski,2,6,71,71,0.5777777777777777,0.42424242424242425,0.4861660079051384
n_neighbors,9,9,distance,minkowski,2,6,72,72,0.8222222222222222,0.8181818181818182,0.8972332015810276
n_neighbors,9,9,distance,minkowski,2,6,73,73,0.6666666666666666,0.5161290322580645,0.7351778656126483
n_neighbors,9,9,distance,minkowski,2,6,74,74,0.5555555555555556,0.5238095238095238,0.6726190476190476
n_neighbors,9,9,distance,minkowski,2,6,75,75,0.6097560975609756,0.6,0.6285714285714286
n_neighbors,9,9,distance,minkowski,2,6,76,76,0.4444444444444444,0.5454545454545454,0.4802371541501976
n_neighbors,9,9,distance,minkowski,2,6,77,77,0.5555555555555556,0.6296296296296297,0.6031746031746031
n_neighbors,9,9,distance,minkowski,2,6,78,78,0.6,0.64,0.5652173913043479
n_neighbors,9,9,distance,minkowski,2,6,79,79,0.55,0.5263157894736842,0.66
n_neighbors,9,9,distance,minkowski,2,6,80,80,0.5333333333333333,0.27586206896551724,0.5296442687747036
n_neighbors,9,9,distance,minkowski,2,6,81,81,0.4888888888888889,0.0,0.5355731225296443
n_neighbors,9,9,distance,minkowski,2,6,82,82,0.6222222222222222,0.711864406779661,0.650197628458498
n_neighbors,9,9,distance,minkowski,2,6,83,83,0.5263157894736842,0.1,0.5373961218836566
n_neighbors,9,9,distance,minkowski,2,6,84,84,0.6590909090909091,0.6511627906976745,0.6853002070393375
n_neighbors,9,9,distance,minkowski,2,6,85,85,0.6818181818181818,0.7407407407407407,0.8074534161490683
n_neighbors,9,9,distance,minkowski,2,6,86,86,0.6136363636363636,0.6382978723404256,0.7018633540372671
n_neighbors,9,9,distance,minkowski,2,6,87,87,0.5777777777777777,0.6545454545454545,0.6274703557312253
n_neighbors,9,9,distance,minkowski,2,6,88,88,0.43636363636363634,0.27906976744186046,0.5132275132275133
n_neighbors,9,9,distance,minkowski,2,6,89,89,0.5333333333333333,0.6440677966101694,0.736111111111111
n_neighbors,9,9,distance,minkowski,2,6,90,90,0.4444444444444444,0.4186046511627907,0.4525691699604743
n_neighbors,9,9,distance,minkowski,2,6,91,91,0.6818181818181818,0.7307692307692307,0.6859504132231404
n_neighbors,9,9,distance,minkowski,2,6,92,92,0.5714285714285714,0.45454545454545453,0.5
n_neighbors,9,9,distance,minkowski,2,6,93,93,0.6222222222222222,0.6792452830188679,0.7865612648221344
n_neighbors,9,9,distance,minkowski,2,6,94,94,0.8409090909090909,0.8679245283018868,0.9585921325051759
n_neighbors,9,9,distance,minkowski,2,6,95,95,0.39285714285714285,0.5142857142857142,0.5104166666666667
n_neighbors,9,9,distance,minkowski,2,6,96,96,0.4523809523809524,0.5818181818181818,0.526077097505669
n_neighbors,9,9,distance,minkowski,2,6,97,97,0.6136363636363636,0.5142857142857142,0.5661157024793388
n_neighbors,9,9,distance,minkowski,2,6,98,98,0.6,0.7,0.6146245059288538
n_neighbors,9,9,distance,minkowski,2,6,99,99,0.5581395348837209,0.45714285714285713,0.5692640692640693
n_neighbors,9,9,distance,minkowski,2,6,100,100,0.4722222222222222,0.5581395348837209,0.5154320987654322
n_neighbors,9,9,distance,minkowski,2,6,101,101,0.4444444444444444,0.24242424242424243,0.5553359683794467
n_neighbors,9,9,distance,minkowski,2,6,102,102,0.6222222222222222,0.6046511627906976,0.6719367588932806
n_neighbors,9,9,distance,minkowski,2,6,103,103,0.6046511627906976,0.6222222222222222,0.685064935064935
n_neighbors,9,9,distance,minkowski,2,6,104,104,0.3953488372093023,0.4090909090909091,0.46969696969696967
n_neighbors,9,9,distance,minkowski,2,6,105,105,0.4666666666666667,0.3684210526315789,0.45256916996047436
n_neighbors,9,9,distance,minkowski,2,6,106,106,0.5333333333333333,0.4878048780487805,0.5773809523809523
n_neighbors,9,9,distance,minkowski,2,6,107,107,0.4888888888888889,0.5106382978723404,0.5238095238095238
n_neighbors,9,9,distance,minkowski,2,6,108,108,0.6888888888888889,0.65,0.7677865612648221
n_neighbors,11,11,distance,minkowski,2,6,1,1,0.4888888888888889,0.5490196078431373,0.47035573122529645
n_neighbors,11,11,distance,minkowski,2,6,2,2,0.6888888888888889,0.5625,0.8952569169960474
n_neighbors,11,11,distance,minkowski,2,6,3,3,0.37777777777777777,0.44,0.38537549407114624
n_neighbors,11,11,distance,minkowski,2,6,4,4,0.5111111111111111,0.3125,0.5395256916996047
n_neighbors,11,11,distance,minkowski,2,6,5,5,0.3333333333333333,0.2857142857142857,0.35119047619047616
n_neighbors,11,11,distance,minkowski,2,6,6,6,0.5555555555555556,0.09090909090909091,0.5714285714285714
n_neighbors,11,11,distance,minkowski,2,6,7,7,0.6222222222222222,0.711864406779661,0.683794466403162
n_neighbors,11,11,distance,minkowski,2,6,8,8,0.6222222222222222,0.5641025641025641,0.6482213438735178
n_neighbors,11,11,distance,minkowski,2,6,9,9,0.5555555555555556,0.3333333333333333,0.5
n_neighbors,11,11,distance,minkowski,2,6,10,10,0.6,0.6086956521739131,0.6547619047619048
n_neighbors,11,11,distance,minkowski,2,6,11,11,0.4666666666666667,0.5,0.5019762845849802
n_neighbors,11,11,distance,minkowski,2,6,12,12,0.5777777777777777,0.5365853658536586,0.6726190476190477
n_neighbors,11,11,distance,minkowski,2,6,13,13,0.6285714285714286,0.6060606060606061,0.6568627450980392
n_neighbors,11,11,distance,minkowski,2,6,14,14,0.6222222222222222,0.5641025641025641,0.6620553359683795
n_neighbors,11,11,distance,minkowski,2,6,15,15,0.5555555555555556,0.6666666666666666,0.7638339920948617
n_neighbors,11,11,distance,minkowski,2,6,16,16,0.5111111111111111,0.5416666666666666,0.5474308300395258
n_neighbors,11,11,distance,minkowski,2,6,17,17,0.47619047619047616,0.3125,0.40227272727272734
n_neighbors,11,11,distance,minkowski,2,6,18,18,0.4444444444444444,0.5614035087719298,0.37747035573122534
n_neighbors,11,11,distance,minkowski,2,6,19,19,0.5777777777777777,0.6415094339622641,0.6699604743083004
n_neighbors,11,11,distance,minkowski,2,6,20,20,0.6444444444444445,0.5294117647058824,0.6373517786561264
n_neighbors,11,11,distance,minkowski,2,6,21,21,0.6,0.5909090909090909,0.6805555555555556
n_neighbors,11,11,distance,minkowski,2,6,22,22,0.4444444444444444,0.5454545454545454,0.39920948616600793
n_neighbors,11,11,distance,minkowski,2,6,23,23,0.6818181818181818,0.7307692307692307,0.7045454545454545
n_neighbors,11,11,distance,minkowski,2,6,24,24,0.5,0.3076923076923077,0.6493506493506493
n_neighbors,11,11,distance,minkowski,2,6,25,25,0.7111111111111111,0.6829268292682927,0.6620553359683795
n_neighbors,11,11,distance,minkowski,2,6,26,26,0.5777777777777777,0.6122448979591837,0.621031746031746
n_neighbors,11,11,distance,minkowski,2,6,27,27,0.4444444444444444,0.5614035087719298,0.5237154150197628
n_neighbors,11,11,distance,minkowski,2,6,28,28,0.5555555555555556,0.5833333333333334,0.5494071146245059
n_neighbors,11,11,distance,minkowski,2,6,29,29,0.6888888888888889,0.75,0.8201581027667985
n_neighbors,11,11,distance,minkowski,2,6,30,30,0.5111111111111111,0.15384615384615385,0.5178571428571428
n_neighbors,11,11,distance,minkowski,2,6,31,31,0.6888888888888889,0.7083333333333334,0.7608695652173914
n_neighbors,11,11,distance,minkowski,2,6,32,32,0.6363636363636364,0.68,0.6563146997929606
n_neighbors,11,11,distance,minkowski,2,6,33,33,0.6888888888888889,0.6111111111111112,0.7569169960474308
n_neighbors,11,11,distance,minkowski,2,6,34,34,0.7555555555555555,0.7924528301886793,0.8472222222222222
n_neighbors,11,11,distance,minkowski,2,6,35,35,0.4666666666666667,0.4,0.5217391304347825
n_neighbors,11,11,distance,minkowski,2,6,36,36,0.5,0.5,0.518595041322314
n_neighbors,11,11,distance,minkowski,2,6,37,37,0.5111111111111111,0.0,0.5276679841897234
n_neighbors,11,11,distance,minkowski,2,6,38,38,0.5111111111111111,0.42105263157894735,0.4426877470355731
n_neighbors,11,11,distance,minkowski,2,6,39,39,0.4772727272727273,0.5490196078431373,0.4057971014492754
n_neighbors,11,11,distance,minkowski,2,6,40,40,0.5111111111111111,0.5,0.4861111111111111
n_neighbors,11,11,distance,minkowski,2,6,41,41,0.5555555555555556,0.5,0.5853174603174603
n_neighbors,11,11,distance,minkowski,2,6,42,42,0.8222222222222222,0.8260869565217391,0.9150197628458497
n_neighbors,11,11,distance,minkowski,2,6,43,43,0.5555555555555556,0.5,0.5256916996047432
n_neighbors,11,11,distance,minkowski,2,6,44,44,0.7241379310344828,0.7142857142857143,0.7
n_neighbors,11,11,distance,minkowski,2,6,45,45,0.5555555555555556,0.4444444444444444,0.5691699604743082
n_neighbors,11,11,distance,minkowski,2,6,46,46,0.4444444444444444,0.5098039215686274,0.38932806324110675
n_neighbors,11,11,distance,minkowski,2,6,47,47,0.5111111111111111,0.5925925925925926,0.5595238095238095
n_neighbors,11,11,distance,minkowski,2,6,48,48,0.7058823529411765,0.7058823529411765,0.7571428571428571
n_neighbors,11,11,distance,minkowski,2,6,49,49,0.8222222222222222,0.8095238095238095,0.9110671936758893
n_neighbors,11,11,distance,minkowski,2,6,50,50,0.5333333333333333,0.631578947368421,0.66600790513834
n_neighbors,11,11,distance,minkowski,2,6,51,51,0.5333333333333333,0.0,0.49404761904761907
n_neighbors,11,11,distance,minkowski,2,6,52,52,0.7317073170731707,0.6451612903225806,0.7595693779904306
n_neighbors,11,11,distance,minkowski,2,6,53,53,0.5116279069767442,0.36363636363636365,0.4199134199134199
n_neighbors,11,11,distance,minkowski,2,6,54,54,0.6410256410256411,0.6956521739130435,0.8043478260869565
n_neighbors,11,11,distance,minkowski,2,6,55,55,0.6888888888888889,0.6111111111111112,0.808300395256917
n_neighbors,11,11,distance,minkowski,2,6,56,56,0.6363636363636364,0.5789473684210527,0.7623966942148761
n_neighbors,11,11,distance,minkowski,2,6,57,57,0.5777777777777777,0.5957446808510638,0.6468253968253969
n_neighbors,11,11,distance,minkowski,2,6,58,58,0.5333333333333333,0.46153846153846156,0.498015873015873
n_neighbors,11,11,distance,minkowski,2,6,59,59,0.37777777777777777,0.17647058823529413,0.3869047619047619
n_neighbors,11,11,distance,minkowski,2,6,60,60,0.7954545454545454,0.7804878048780488,0.9070247933884298
n_neighbors,11,11,distance,minkowski,2,6,61,61,0.6976744186046512,0.5806451612903226,0.7835497835497837
n_neighbors,11,11,distance,minkowski,2,6,62,62,0.7777777777777778,0.7222222222222222,0.8478260869565218
n_neighbors,11,11,distance,minkowski,2,6,63,63,0.5348837209302325,0.23076923076923078,0.6363636363636364
n_neighbors,11,11,distance,minkowski,2,6,64,64,0.7333333333333333,0.7272727272727273,0.7648221343873518
n_neighbors,11,11,distance,minkowski,2,6,65,65,0.5111111111111111,0.42105263157894735,0.45039682539682535
n_neighbors,11,11,distance,minkowski,2,6,66,66,0.4222222222222222,0.43478260869565216,0.47430830039525695
n_neighbors,11,11,distance,minkowski,2,6,67,67,0.4888888888888889,0.08,0.48320158102766797
n_neighbors,11,11,distance,minkowski,2,6,68,68,0.4888888888888889,0.14814814814814814,0.5790513833992095
n_neighbors,11,11,distance,minkowski,2,6,69,69,0.5777777777777777,0.5128205128205128,0.5773809523809523
n_neighbors,11,11,distance,minkowski,2,6,70,70,0.5777777777777777,0.5128205128205128,0.5770750988142292
n_neighbors,11,11,distance,minkowski,2,6,71,71,0.6222222222222222,0.41379310344827586,0.4940711462450593
n_neighbors,11,11,distance,minkowski,2,6,72,72,0.8444444444444444,0.8372093023255814,0.9565217391304348
n_neighbors,11,11,distance,minkowski,2,6,73,73,0.6888888888888889,0.5882352941176471,0.7035573122529645
n_neighbors,11,11,distance,minkowski,2,6,74,74,0.5555555555555556,0.5238095238095238,0.6884920634920635
n_neighbors,11,11,distance,minkowski,2,6,75,75,0.5365853658536586,0.5365853658536586,0.6047619047619048
n_neighbors,11,11,distance,minkowski,2,6,76,76,0.4888888888888889,0.5660377358490566,0.49604743083003955
n_neighbors,11,11,distance,minkowski,2,6,77,77,0.5333333333333333,0.6181818181818182,0.5654761904761905
n_neighbors,11,11,distance,minkowski,2,6,78,78,0.6222222222222222,0.6382978723404256,0.6126482213438736
n_neighbors,11,11,distance,minkowski,2,6,79,79,0.625,0.5945945945945946,0.6525
n_neighbors,11,11,distance,minkowski,2,6,80,80,0.5333333333333333,0.27586206896551724,0.5395256916996047
n_neighbors,11,11,distance,minkowski,2,6,81,81,0.4888888888888889,0.0,0.4980237154150198
n_neighbors,11,11,distance,minkowski,2,6,82,82,0.6444444444444445,0.7333333333333333,0.6620553359683794
n_neighbors,11,11,distance,minkowski,2,6,83,83,0.5263157894736842,0.1,0.6537396121883657
n_neighbors,11,11,distance,minkowski,2,6,84,84,0.6818181818181818,0.6818181818181818,0.7122153209109731
n_neighbors,11,11,distance,minkowski,2,6,85,85,0.6136363636363636,0.6909090909090909,0.8405797101449275
n_neighbors,11,11,distance,minkowski,2,6,86,86,0.6363636363636364,0.6521739130434783,0.6790890269151139
n_neighbors,11,11,distance,minkowski,2,6,87,87,0.5333333333333333,0.631578947368421,0.6403162055335969
n_neighbors,11,11,distance,minkowski,2,6,88,88,0.4909090909090909,0.36363636363636365,0.4894179894179894
n_neighbors,11,11,distance,minkowski,2,6,89,89,0.5555555555555556,0.6428571428571429,0.6587301587301587
n_neighbors,11,11,distance,minkowski,2,6,90,90,0.4666666666666667,0.4,0.45059288537549413
n_neighbors,11,11,distance,minkowski,2,6,91,91,0.6136363636363636,0.6909090909090909,0.6849173553719009
n_neighbors,11,11,distance,minkowski,2,6,92,92,0.5535714285714286,0.4444444444444444,0.5230769230769231
n_neighbors,11,11,distance,minkowski,2,6,93,93,0.6222222222222222,0.6792452830188679,0.7687747035573123
n_neighbors,11,11,distance,minkowski,2,6,94,94,0.8409090909090909,0.8679245283018868,0.9772256728778468
n_neighbors,11,11,distance,minkowski,2,6,95,95,0.42857142857142855,0.5555555555555556,0.5625
n_neighbors,11,11,distance,minkowski,2,6,96,96,0.38095238095238093,0.5357142857142857,0.4965986394557823
n_neighbors,11,11,distance,minkowski,2,6,97,97,0.5681818181818182,0.42424242424242425,0.5413223140495869
n_neighbors,11,11,distance,minkowski,2,6,98,98,0.5333333333333333,0.6440677966101694,0.575098814229249
n_neighbors,11,11,distance,minkowski,2,6,99,99,0.5581395348837209,0.3448275862068966,0.5757575757575758
n_neighbors,11,11,distance,minkowski,2,6,100,100,0.5,0.5714285714285714,0.5432098765432098
n_neighbors,11,11,distance,minkowski,2,6,101,101,0.5111111111111111,0.3125,0.5909090909090908
n_neighbors,11,11,distance,minkowski,2,6,102,102,0.6,0.55,0.7114624505928854
n_neighbors,11,11,distance,minkowski,2,6,103,103,0.6046511627906976,0.6046511627906976,0.6861471861471862
n_neighbors,11,11,distance,minkowski,2,6,104,104,0.4186046511627907,0.4444444444444444,0.474025974025974
n_neighbors,11,11,distance,minkowski,2,6,105,105,0.4666666666666667,0.4,0.44664031620553357
n_neighbors,11,11,distance,minkowski,2,6,106,106,0.5777777777777777,0.5365853658536586,0.5297619047619048
n_neighbors,11,11,distance,minkowski,2,6,107,107,0.5555555555555556,0.5833333333333334,0.5277777777777779
n_neighbors,11,11,distance,minkowski,2,6,108,108,0.7777777777777778,0.7368421052631579,0.8043478260869565
