parameter_name,parameter_value,temporal_filters,depth_multiplier,kernel_length,dropout_rate,learning_rate,batch_size,epochs,weight_decay,fold,subject,accuracy,f1_score,roc_auc,train_time_sec,inference_time_sec,inference_ms_per_sample,model_size_mb,num_parameters,train_memory_delta_mb,peak_gpu_memory_mb
dropout_rate,0.25,8,2,64,0.25,0.001,32,20,0.0,1,1,0.5333333333333333,0.676923076923077,0.7806324110671936,9.92560397499983,0.002291725000304723,0.05092722222899384,0.014316558837890625,1858,0.0,41.77880859375
dropout_rate,0.25,8,2,64,0.25,0.001,32,20,0.0,2,2,0.8,0.8301886792452831,0.9505928853754941,9.95043887599968,0.0021539969998229935,0.047866599996066524,0.014316558837890625,1858,0.00390625,41.77880859375
dropout_rate,0.25,8,2,64,0.25,0.001,32,20,0.0,3,3,0.5111111111111111,0.0,0.37549407114624506,9.928107040999748,0.0021245929997348867,0.047213177771886376,0.014316558837890625,1858,0.0,41.77880859375
dropout_rate,0.25,8,2,64,0.25,0.001,32,20,0.0,4,4,0.4888888888888889,0.6567164179104478,0.7984189723320159,9.914483594000103,0.002155044000119233,0.047889866669316286,0.014316558837890625,1858,0.0,41.77880859375
dropout_rate,0.25,8,2,64,0.25,0.001,32,20,0.0,5,5,0.5333333333333333,0.6956521739130435,0.4920634920634921,9.889373654999872,0.0022463280001829844,0.04991840000406632,0.014316558837890625,1858,0.0,41.77880859375
dropout_rate,0.25,8,2,64,0.25,0.001,32,20,0.0,6,6,0.4666666666666667,0.6363636363636364,0.5793650793650793,9.889102856000136,0.0022161699998832773,0.049248222219628386,0.014316558837890625,1858,0.0,41.77880859375
dropout_rate,0.25,8,2,64,0.25,0.001,32,20,0.0,7,7,0.7555555555555555,0.8,0.982213438735178,9.865823179000017,0.0020683829998233705,0.04596406666274157,0.014316558837890625,1858,0.0,41.77880859375
dropout_rate,0.25,8,2,64,0.25,0.001,32,20,0.0,8,8,0.4888888888888889,0.0,0.8320158102766799,9.882723087000159,0.002199338000082207,0.0488741777796046,0.014316558837890625,1858,0.0,41.77880859375
dropout_rate,0.25,8,2,64,0.25,0.001,32,20,0.0,9,9,0.6,0.3076923076923077,0.5853174603174603,9.879343552000137,0.0021683270006178645,0.048185044458174765,0.014316558837890625,1858,0.0,41.77880859375
dropout_rate,0.25,8,2,64,0.25,0.001,32,20,0.0,10,10,0.5333333333333333,0.0,0.7380952380952381,9.883475708000333,0.002181107999604137,0.048469066657869715,0.014316558837890625,1858,0.0,41.77880859375
dropout_rate,0.25,8,2,64,0.25,0.001,32,20,0.0,11,11,0.4888888888888889,0.6567164179104478,0.6640316205533596,9.879949295000188,0.0020762759995704982,0.04613946665712219,0.014316558837890625,1858,0.0,41.77880859375
dropout_rate,0.25,8,2,64,0.25,0.001,32,20,0.0,12,12,0.6,0.4,0.8551587301587302,9.885119352999936,0.002088107000417949,0.04640237778706553,0.014316558837890625,1858,0.0,41.77880859375
dropout_rate,0.25,8,2,64,0.25,0.001,32,20,0.0,13,13,0.4857142857142857,0.6538461538461539,0.8660130718954249,9.888149862000319,0.0019733549997908995,0.05638157142259713,0.014316558837890625,1858,0.0,41.77880859375
dropout_rate,0.25,8,2,64,0.25,0.001,32,20,0.0,14,14,0.6888888888888889,0.65,0.7332015810276679,9.877028002999396,0.0022154319995024707,0.04923182221116602,0.014316558837890625,1858,0.0,41.77880859375
dropout_rate,0.25,8,2,64,0.25,0.001,32,20,0.0,15,15,0.5333333333333333,0.676923076923077,0.9545454545454546,9.911379209999723,0.0022158510000735987,0.04924113333496886,0.014316558837890625,1858,0.0,41.77880859375
dropout_rate,0.25,8,2,64,0.25,0.001,32,20,0.0,16,16,0.4888888888888889,0.0,0.6798418972332015,9.892598395999812,0.0021772970003439696,0.048384377785421546,0.014316558837890625,1858,0.0,41.77880859375
dropout_rate,0.25,8,2,64,0.25,0.001,32,20,0.0,17,17,0.6190476190476191,0.4666666666666667,0.7204545454545455,9.91357815900028,0.002147335000699968,0.05112702382618972,0.014316558837890625,1858,0.0,41.77880859375
dropout_rate,0.25,8,2,64,0.25,0.001,32,20,0.0,18,18,0.4888888888888889,0.0,0.39920948616600793,9.912093988999914,0.002138548000402807,0.04752328889784015,0.014316558837890625,1858,0.0,41.77880859375
dropout_rate,0.25,8,2,64,0.25,0.001,32,20,0.0,19,19,0.5111111111111111,0.0,0.8853754940711462,9.905775795000409,0.002237300999695435,0.04971779999323189,0.014316558837890625,1858,0.0,41.77880859375
dropout_rate,0.25,8,2,64,0.25,0.001,32,20,0.0,20,20,0.4888888888888889,0.6567164179104478,0.4347826086956522,9.914416937999704,0.0021845020000910154,0.04854448889091145,0.014316558837890625,1858,0.0,41.77880859375
dropout_rate,0.25,8,2,64,0.25,0.001,32,20,0.0,21,21,0.5333333333333333,0.0,0.876984126984127,9.894838742000502,0.002183540000260109,0.04852311111689131,0.014316558837890625,1858,0.0,41.77880859375
dropout_rate,0.25,8,2,64,0.25,0.001,32,20,0.0,22,22,0.5333333333333333,0.5714285714285714,0.5691699604743083,9.893101032999766,0.002147850999790535,0.04773002221756744,0.014316558837890625,1858,0.0,41.77880859375
dropout_rate,0.25,8,2,64,0.25,0.001,32,20,0.0,23,23,0.5681818181818182,0.2962962962962963,0.7975206611570248,9.92129051899974,0.0022045630003049155,0.05010370455238444,0.014316558837890625,1858,0.0,41.77880859375
dropout_rate,0.25,8,2,64,0.25,0.001,32,20,0.0,24,24,0.5,0.47058823529411764,0.6493506493506493,9.941100504000133,0.000971710999692732,0.053983944427374,0.014316558837890625,1858,0.0,41.77880859375
dropout_rate,0.25,8,2,64,0.25,0.001,32,20,0.0,25,25,0.4888888888888889,0.0,0.8893280632411067,9.953653878000296,0.002386035999734304,0.05302302221631787,0.014316558837890625,1858,0.0,41.77880859375
dropout_rate,0.25,8,2,64,0.25,0.001,32,20,0.0,26,26,0.4666666666666667,0.6363636363636364,0.8670634920634921,9.958576072000142,0.00214968799991766,0.04777084444261466,0.014316558837890625,1858,0.0,41.77880859375
dropout_rate,0.25,8,2,64,0.25,0.001,32,20,0.0,27,27,0.4666666666666667,0.6363636363636364,0.6482213438735178,9.998445553000238,0.0023528609999630135,0.05228579999917808,0.014316558837890625,1858,0.0,41.77880859375
dropout_rate,0.25,8,2,64,0.25,0.001,32,20,0.0,28,28,0.5555555555555556,0.5652173913043478,0.5652173913043478,9.94718598899999,0.0022823190001872717,0.05071820000416159,0.014316558837890625,1858,0.00390625,41.77880859375
dropout_rate,0.25,8,2,64,0.25,0.001,32,20,0.0,29,29,0.9333333333333333,0.9361702127659575,0.9901185770750988,9.916966879000029,0.0021174200001041754,0.04705377778009279,0.014316558837890625,1858,0.00390625,41.77880859375
dropout_rate,0.25,8,2,64,0.25,0.001,32,20,0.0,30,30,0.4666666666666667,0.6363636363636364,0.744047619047619,9.941396101000464,0.002098283000123047,0.046628511113845486,0.014316558837890625,1858,0.0,41.77880859375
dropout_rate,0.25,8,2,64,0.25,0.001,32,20,0.0,31,31,0.5555555555555556,0.23076923076923078,0.891304347826087,9.94589354100026,0.0022111970001787995,0.049137711115084436,0.014316558837890625,1858,0.00390625,41.77880859375
dropout_rate,0.25,8,2,64,0.25,0.001,32,20,0.0,32,32,0.5,0.15384615384615385,0.7784679089026915,9.935343568000462,0.0020554499997160747,0.04671477272081988,0.014316558837890625,1858,0.0,41.77880859375
dropout_rate,0.25,8,2,64,0.25,0.001,32,20,0.0,33,33,0.5555555555555556,0.6875,0.8241106719367589,9.919190790999892,0.0022642779995294404,0.05031728887843201,0.014316558837890625,1858,0.0,41.77880859375
dropout_rate,0.25,8,2,64,0.25,0.001,32,20,0.0,34,34,0.5333333333333333,0.2222222222222222,0.9821428571428572,9.948637014999804,0.0021153739999135723,0.047008311109190494,0.014316558837890625,1858,0.00390625,41.77880859375
dropout_rate,0.25,8,2,64,0.25,0.001,32,20,0.0,35,35,0.5555555555555556,0.696969696969697,0.8814229249011858,9.959087751999505,0.0020919070002491935,0.04648682222775986,0.014316558837890625,1858,0.00390625,41.77880859375
dropout_rate,0.25,8,2,64,0.25,0.001,32,20,0.0,36,36,0.38636363636363635,0.4489795918367347,0.3822314049586777,9.951073242999882,0.0022259340003074612,0.050589409097896845,0.014316558837890625,1858,0.0,41.77880859375
dropout_rate,0.25,8,2,64,0.25,0.001,32,20,0.0,37,37,0.4888888888888889,0.6567164179104478,0.4624505928853755,9.958041378999951,0.0022598080004172516,0.05021795556482782,0.014316558837890625,1858,0.00390625,41.77880859375
dropout_rate,0.25,8,2,64,0.25,0.001,32,20,0.0,38,38,0.5333333333333333,0.6440677966101694,0.5711462450592886,9.961527333000049,0.0021238949993858114,0.04719766665301803,0.014316558837890625,1858,0.00390625,41.77880859375
dropout_rate,0.25,8,2,64,0.25,0.001,32,20,0.0,39,39,0.5454545454545454,0.2857142857142857,0.6169772256728778,9.941642896999838,0.002105806000145094,0.04785922727602486,0.014316558837890625,1858,0.0,41.77880859375
dropout_rate,0.25,8,2,64,0.25,0.001,32,20,0.0,40,40,0.4666666666666667,0.0,0.636904761904762,9.95896252500006,0.0021363969999583787,0.047475488887963976,0.014316558837890625,1858,0.00390625,41.77880859375
dropout_rate,0.25,8,2,64,0.25,0.001,32,20,0.0,41,41,0.4666666666666667,0.6363636363636364,0.6646825396825397,9.960963567999897,0.0021215910001046723,0.04714646666899271,0.014316558837890625,1858,0.00390625,41.77880859375
dropout_rate,0.25,8,2,64,0.25,0.001,32,20,0.0,42,42,0.8888888888888888,0.8888888888888888,0.9446640316205533,9.962667642999804,0.002127597000253445,0.04727993333896545,0.014316558837890625,1858,0.0078125,41.77880859375
dropout_rate,0.25,8,2,64,0.25,0.001,32,20,0.0,43,43,0.6,0.3076923076923077,0.9545454545454546,9.982076174999747,0.0023076499992384925,0.05128111109418872,0.014316558837890625,1858,0.00390625,41.77880859375
dropout_rate,0.25,8,2,64,0.25,0.001,32,20,0.0,44,44,0.4827586206896552,0.0,0.9190476190476191,9.97818960800032,0.0013622679998661624,0.04697475861607457,0.014316558837890625,1858,0.0,41.77880859375
dropout_rate,0.25,8,2,64,0.25,0.001,32,20,0.0,45,45,0.5777777777777777,0.24,0.8043478260869565,9.962539133999599,0.002105317000314244,0.04678482222920542,0.014316558837890625,1858,0.0,41.77880859375
dropout_rate,0.25,8,2,64,0.25,0.001,32,20,0.0,46,46,0.5555555555555556,0.375,0.7628458498023717,9.976975544000197,0.0023369130003629834,0.0519314000080663,0.014316558837890625,1858,0.0078125,41.77880859375
dropout_rate,0.25,8,2,64,0.25,0.001,32,20,0.0,47,47,0.4666666666666667,0.6363636363636364,0.5892857142857143,9.968664555999567,0.002251636000437429,0.050036355565276205,0.014316558837890625,1858,0.00390625,41.77880859375
dropout_rate,0.25,8,2,64,0.25,0.001,32,20,0.0,48,48,0.5294117647058824,0.3333333333333333,0.9571428571428572,10.008245832000284,0.0010030710000137333,0.05900417647139607,0.014316558837890625,1858,0.00390625,41.77880859375
dropout_rate,0.25,8,2,64,0.25,0.001,32,20,0.0,49,49,0.5111111111111111,0.6666666666666666,0.9090909090909091,9.972742980000476,0.002317776999916532,0.05150615555370071,0.014316558837890625,1858,0.0,41.77880859375
dropout_rate,0.25,8,2,64,0.25,0.001,32,20,0.0,50,50,0.5111111111111111,0.0,0.5948616600790514,9.98679358299978,0.0023749070005578687,0.05277571112350819,0.014316558837890625,1858,0.01171875,41.77880859375
dropout_rate,0.25,8,2,64,0.25,0.001,32,20,0.0,51,51,0.5333333333333333,0.0,0.6884920634920635,9.974521726000603,0.002122782999322226,0.04717295554049391,0.014316558837890625,1858,0.0,41.77880859375
dropout_rate,0.25,8,2,64,0.25,0.001,32,20,0.0,52,52,0.6585365853658537,0.4166666666666667,0.8851674641148325,9.982293732000471,0.002047423000476556,0.04993714635308673,0.014316558837890625,1858,0.0,41.77880859375
dropout_rate,0.25,8,2,64,0.25,0.001,32,20,0.0,53,53,0.5116279069767442,0.676923076923077,0.4264069264069264,9.97239786299997,0.0020721470000353293,0.04818946511710068,0.014316558837890625,1858,0.0,41.77880859375
dropout_rate,0.25,8,2,64,0.25,0.001,32,20,0.0,54,54,0.6923076923076923,0.5384615384615384,0.7934782608695653,9.996002355999735,0.002149533000192605,0.055116230774169356,0.014316558837890625,1858,0.00390625,41.77880859375
dropout_rate,0.25,8,2,64,0.25,0.001,32,20,0.0,55,55,0.5111111111111111,0.0,0.9150197628458498,9.992418055999224,0.002078642999549629,0.046192066656658426,0.014316558837890625,1858,0.0,41.77880859375
dropout_rate,0.25,8,2,64,0.25,0.001,32,20,0.0,56,56,0.8636363636363636,0.88,0.921487603305785,9.955561914999635,0.002150719999917783,0.04887999999813143,0.014316558837890625,1858,0.0,41.77880859375
dropout_rate,0.25,8,2,64,0.25,0.001,32,20,0.0,57,57,0.6444444444444445,0.42857142857142855,0.5317460317460317,9.967513947999578,0.002183339999646705,0.04851866665881567,0.014316558837890625,1858,0.0,41.77880859375
dropout_rate,0.25,8,2,64,0.25,0.001,32,20,0.0,58,58,0.6222222222222222,0.32,0.6706349206349206,9.986938457999713,0.002211555999565462,0.04914568887923249,0.014316558837890625,1858,0.00390625,41.77880859375
dropout_rate,0.25,8,2,64,0.25,0.001,32,20,0.0,59,59,0.6,0.4,0.6309523809523809,10.010904836000009,0.0021905329995206557,0.04867851110045902,0.014316558837890625,1858,0.00390625,41.77880859375
dropout_rate,0.25,8,2,64,0.25,0.001,32,20,0.0,60,60,0.8863636363636364,0.8936170212765957,0.9214876033057852,10.004481232000217,0.00212341499991453,0.04825943181623932,0.014316558837890625,1858,0.00390625,41.77880859375
dropout_rate,0.25,8,2,64,0.25,0.001,32,20,0.0,61,61,0.7674418604651163,0.7368421052631579,0.8506493506493507,10.0267774010008,0.002473045000442653,0.0575126744288989,0.014316558837890625,1858,0.0,41.77880859375
dropout_rate,0.25,8,2,64,0.25,0.001,32,20,0.0,62,62,0.8666666666666667,0.88,0.9565217391304348,10.446692363000693,0.0025014010006998433,0.05558668890444096,0.014316558837890625,1858,0.0078125,41.77880859375
dropout_rate,0.25,8,2,64,0.25,0.001,32,20,0.0,63,63,0.4883720930232558,0.0,0.5541125541125541,10.03545271999974,0.002343207999729202,0.05449320929602796,0.014316558837890625,1858,0.0,41.77880859375
dropout_rate,0.25,8,2,64,0.25,0.001,32,20,0.0,64,64,0.4888888888888889,0.6461538461538462,0.8023715415019762,10.021517923999454,0.0021902620001128525,0.04867248889139673,0.014316558837890625,1858,0.0,41.77880859375
dropout_rate,0.25,8,2,64,0.25,0.001,32,20,0.0,65,65,0.6666666666666666,0.4827586206896552,0.871031746031746,10.002848780999557,0.0025063690000024508,0.05569708888894335,0.014316558837890625,1858,0.0,41.77880859375
dropout_rate,0.25,8,2,64,0.25,0.001,32,20,0.0,66,66,0.5333333333333333,0.676923076923077,0.6205533596837944,10.004522278999502,0.0022451579998232774,0.049892399996072825,0.014316558837890625,1858,0.00390625,41.77880859375
dropout_rate,0.25,8,2,64,0.25,0.001,32,20,0.0,67,67,0.5111111111111111,0.08333333333333333,0.6640316205533596,9.985543963000055,0.002286994999849412,0.05082211110776472,0.014316558837890625,1858,0.0,41.77880859375
dropout_rate,0.25,8,2,64,0.25,0.001,32,20,0.0,68,68,0.5111111111111111,0.6764705882352942,0.7569169960474308,10.003106989000116,0.0023134640005082474,0.051410311122405496,0.014316558837890625,1858,0.0,41.77880859375
dropout_rate,0.25,8,2,64,0.25,0.001,32,20,0.0,69,69,0.5333333333333333,0.0,0.6349206349206349,9.998874112000522,0.002250257000014244,0.05000571111142765,0.014316558837890625,1858,0.00390625,41.77880859375
dropout_rate,0.25,8,2,64,0.25,0.001,32,20,0.0,70,70,0.5333333333333333,0.16,0.7608695652173914,9.98498957100037,0.002108757000314654,0.046861266673658974,0.014316558837890625,1858,0.0,41.77880859375
dropout_rate,0.25,8,2,64,0.25,0.001,32,20,0.0,71,71,0.7333333333333333,0.6470588235294118,0.9762845849802371,9.993478547999985,0.0022867170000608894,0.05081593333468643,0.014316558837890625,1858,0.00390625,41.77880859375
dropout_rate,0.25,8,2,64,0.25,0.001,32,20,0.0,72,72,0.5111111111111111,0.6764705882352942,0.9466403162055336,10.004095878999578,0.002124821000506927,0.04721824445570949,0.014316558837890625,1858,0.00390625,41.77880859375
dropout_rate,0.25,8,2,64,0.25,0.001,32,20,0.0,73,73,0.4888888888888889,0.6567164179104478,0.691699604743083,9.976857685999676,0.0021884480001972406,0.048632177782160904,0.014316558837890625,1858,0.0,41.77880859375
dropout_rate,0.25,8,2,64,0.25,0.001,32,20,0.0,74,74,0.6,0.47058823529411764,0.5337301587301587,9.972844809999515,0.0021563199998126947,0.04791822221805988,0.014316558837890625,1858,0.0078125,41.77880859375
dropout_rate,0.25,8,2,64,0.25,0.001,32,20,0.0,75,75,0.8048780487804879,0.8333333333333334,0.9595238095238096,9.99939163199997,0.0020577029999913066,0.05018787804856845,0.014316558837890625,1858,0.0,41.77880859375
dropout_rate,0.25,8,2,64,0.25,0.001,32,20,0.0,76,76,0.5111111111111111,0.0,0.7292490118577076,10.01403616799962,0.00210728299953189,0.04682851110070867,0.014316558837890625,1858,0.0,41.77880859375
dropout_rate,0.25,8,2,64,0.25,0.001,32,20,0.0,77,77,0.5777777777777777,0.6984126984126984,0.625,10.012291459000153,0.002156382999601192,0.047919622213359825,0.014316558837890625,1858,0.0,41.77880859375
dropout_rate,0.25,8,2,64,0.25,0.001,32,20,0.0,78,78,0.5111111111111111,0.0,0.6067193675889329,9.989096325999526,0.0021593849996861536,0.047986333326358974,0.014316558837890625,1858,0.00390625,41.77880859375
dropout_rate,0.25,8,2,64,0.25,0.001,32,20,0.0,79,79,0.6,0.6190476190476191,0.625,10.01217265700052,0.0022121860001789173,0.05530465000447293,0.014316558837890625,1858,0.0,41.77880859375
dropout_rate,0.25,8,2,64,0.25,0.001,32,20,0.0,80,80,0.5111111111111111,0.08333333333333333,0.6640316205533596,10.015105965999282,0.002274695999403775,0.05054879998675056,0.014316558837890625,1858,0.0,41.77880859375
dropout_rate,0.25,8,2,64,0.25,0.001,32,20,0.0,81,81,0.4888888888888889,0.0,0.8596837944664031,10.01074703500035,0.002258630999676825,0.05019179999281834,0.014316558837890625,1858,0.00390625,41.77880859375
dropout_rate,0.25,8,2,64,0.25,0.001,32,20,0.0,82,82,0.4888888888888889,0.6567164179104478,0.8241106719367589,10.012688302999777,0.002130191999640374,0.04733759999200831,0.014316558837890625,1858,0.0,41.77880859375
dropout_rate,0.25,8,2,64,0.25,0.001,32,20,0.0,83,83,0.5526315789473685,0.19047619047619047,0.8448753462603877,10.017122709999967,0.0020514119996732916,0.05398452630719188,0.014316558837890625,1858,0.00390625,41.77880859375
dropout_rate,0.25,8,2,64,0.25,0.001,32,20,0.0,84,84,0.6818181818181818,0.5,0.7991718426501035,10.001309864000177,0.0021524039993892075,0.048918272713391074,0.014316558837890625,1858,0.00390625,41.77880859375
dropout_rate,0.25,8,2,64,0.25,0.001,32,20,0.0,85,85,0.7954545454545454,0.7272727272727273,0.9875776397515528,10.003259305000029,0.002236004999758734,0.050818295449062134,0.014316558837890625,1858,0.0,41.77880859375
dropout_rate,0.25,8,2,64,0.25,0.001,32,20,0.0,86,86,0.5681818181818182,0.6984126984126984,0.8240165631469979,10.020379149999826,0.00206140000045707,0.04685000001038795,0.014316558837890625,1858,0.01171875,41.77880859375
dropout_rate,0.25,8,2,64,0.25,0.001,32,20,0.0,87,87,0.5333333333333333,0.27586206896551724,0.5454545454545454,10.0185528410002,0.0020986949994039605,0.046637666653421346,0.014316558837890625,1858,0.0,41.77880859375
dropout_rate,0.25,8,2,64,0.25,0.001,32,20,0.0,88,88,0.4909090909090909,0.0,0.6481481481481481,9.956664839999576,0.002480244000253151,0.0450953454591482,0.014316558837890625,1858,0.0,41.77880859375
dropout_rate,0.25,8,2,64,0.25,0.001,32,20,0.0,89,89,0.5555555555555556,0.2857142857142857,0.5595238095238095,10.015474593999897,0.0022514310003316496,0.05003180000736999,0.014316558837890625,1858,0.0,41.77880859375
dropout_rate,0.25,8,2,64,0.25,0.001,32,20,0.0,90,90,0.6444444444444445,0.7419354838709677,0.8181818181818181,9.994008826999561,0.0022498939997603884,0.04999764443911974,0.014316558837890625,1858,0.00390625,41.77880859375
dropout_rate,0.25,8,2,64,0.25,0.001,32,20,0.0,91,91,0.7045454545454546,0.7111111111111111,0.7913223140495868,10.026898387999609,0.002301157999681891,0.05229904544731571,0.014316558837890625,1858,0.0,41.77880859375
dropout_rate,0.25,8,2,64,0.25,0.001,32,20,0.0,92,92,0.6607142857142857,0.6122448979591837,0.7564102564102564,9.940841584999362,0.002486518999830878,0.044402124996979965,0.014316558837890625,1858,0.0,41.77880859375
dropout_rate,0.25,8,2,64,0.25,0.001,32,20,0.0,93,93,0.7111111111111111,0.6976744186046512,0.8043478260869565,10.020390011000018,0.0023265099998752703,0.051700222219450455,0.014316558837890625,1858,0.00390625,41.77880859375
dropout_rate,0.25,8,2,64,0.25,0.001,32,20,0.0,94,94,0.8636363636363636,0.8846153846153846,0.979296066252588,10.01522085600027,0.002315824999641336,0.05263238635548491,0.014316558837890625,1858,0.0,41.77880859375
dropout_rate,0.25,8,2,64,0.25,0.001,32,20,0.0,95,95,0.7142857142857143,0.6363636363636364,0.7135416666666666,9.997918729000048,0.0013635269997394062,0.04869739284783593,0.014316558837890625,1858,0.00390625,41.77880859375
dropout_rate,0.25,8,2,64,0.25,0.001,32,20,0.0,96,96,0.47619047619047616,0.6451612903225806,0.7210884353741496,9.99288904200057,0.002225283999905514,0.052982952378702715,0.014316558837890625,1858,0.00390625,41.77880859375
dropout_rate,0.25,8,2,64,0.25,0.001,32,20,0.0,97,97,0.5227272727272727,0.676923076923077,0.5743801652892562,10.006594651000341,0.0020976850000806735,0.04767465909274258,0.014316558837890625,1858,0.0,41.77880859375
dropout_rate,0.25,8,2,64,0.25,0.001,32,20,0.0,98,98,0.4888888888888889,0.6567164179104478,0.5770750988142292,10.015359877000265,0.0023398240000460646,0.05199608888991255,0.014316558837890625,1858,0.0078125,41.77880859375
dropout_rate,0.25,8,2,64,0.25,0.001,32,20,0.0,99,99,0.4883720930232558,0.0,0.5151515151515151,10.008733401999962,0.002076662000035867,0.04829446511711319,0.014316558837890625,1858,0.0,41.77880859375
dropout_rate,0.25,8,2,64,0.25,0.001,32,20,0.0,100,100,0.5555555555555556,0.6,0.595679012345679,10.005948828000328,0.0021687130001737387,0.06024202778260385,0.014316558837890625,1858,0.0,41.77880859375
dropout_rate,0.25,8,2,64,0.25,0.001,32,20,0.0,101,101,0.4888888888888889,0.0,0.4841897233201581,10.005886877999728,0.0022602750004807604,0.05022833334401689,0.014316558837890625,1858,0.0,41.77880859375
dropout_rate,0.25,8,2,64,0.25,0.001,32,20,0.0,102,102,0.5111111111111111,0.6764705882352942,0.7450592885375494,10.019162368000252,0.002310930999556149,0.05135402221235886,0.014316558837890625,1858,0.00390625,41.77880859375
dropout_rate,0.25,8,2,64,0.25,0.001,32,20,0.0,103,103,0.7209302325581395,0.6842105263157895,0.8398268398268398,10.02941815200029,0.0022797810006522923,0.05301816280586726,0.014316558837890625,1858,0.0,41.77880859375
dropout_rate,0.25,8,2,64,0.25,0.001,32,20,0.0,104,104,0.4883720930232558,0.65625,0.7380952380952381,10.010278520000611,0.0020529349994831136,0.047742674406584036,0.014316558837890625,1858,0.0,41.77880859375
dropout_rate,0.25,8,2,64,0.25,0.001,32,20,0.0,105,105,0.6666666666666666,0.7058823529411765,0.8023715415019763,10.025162261999867,0.002279712000017753,0.05066026666706117,0.014316558837890625,1858,0.00390625,41.77880859375
dropout_rate,0.25,8,2,64,0.25,0.001,32,20,0.0,106,106,0.5333333333333333,0.631578947368421,0.626984126984127,10.031594357999893,0.0023698770000919467,0.0526639333353766,0.014316558837890625,1858,0.0,41.77880859375
dropout_rate,0.25,8,2,64,0.25,0.001,32,20,0.0,107,107,0.5777777777777777,0.45714285714285713,0.5535714285714286,10.019797631000074,0.002276707999953942,0.0505935111100876,0.014316558837890625,1858,0.00390625,41.77880859375
dropout_rate,0.25,8,2,64,0.25,0.001,32,20,0.0,108,108,0.5111111111111111,0.08333333333333333,0.9150197628458498,9.99826290799956,0.0022055399995224434,0.04901199998938763,0.014316558837890625,1858,0.00390625,41.77880859375
dropout_rate,0.5,8,2,64,0.5,0.001,32,20,0.0,1,1,0.6,0.7,0.7707509881422926,10.019276191000245,0.0023566070003653294,0.05236904445256287,0.014316558837890625,1858,0.04296875,41.77880859375
dropout_rate,0.5,8,2,64,0.5,0.001,32,20,0.0,2,2,0.8444444444444444,0.8627450980392157,0.9604743083003953,10.004077530999893,0.0021440079999592854,0.047644622221317455,0.014316558837890625,1858,0.0078125,41.77880859375
dropout_rate,0.5,8,2,64,0.5,0.001,32,20,0.0,3,3,0.4666666666666667,0.14285714285714285,0.29841897233201575,10.02210444100001,0.0023767920001773746,0.05281760000394166,0.014316558837890625,1858,0.0078125,41.77880859375
dropout_rate,0.5,8,2,64,0.5,0.001,32,20,0.0,4,4,0.6888888888888889,0.5625,0.7430830039525691,9.995644113999333,0.0023042960001475876,0.051206577781057507,0.014316558837890625,1858,0.00390625,41.77880859375
dropout_rate,0.5,8,2,64,0.5,0.001,32,20,0.0,5,5,0.4222222222222222,0.07142857142857142,0.42261904761904756,10.00354016700021,0.0022246760008783895,0.04943724446396421,0.014316558837890625,1858,0.0,41.77880859375
dropout_rate,0.5,8,2,64,0.5,0.001,32,20,0.0,6,6,0.4888888888888889,0.6229508196721312,0.5317460317460317,10.128305993999675,0.002732776999437192,0.06072837776527094,0.014316558837890625,1858,0.00390625,41.77880859375
dropout_rate,0.5,8,2,64,0.5,0.001,32,20,0.0,7,7,0.6222222222222222,0.37037037037037035,0.9960474308300395,10.008779298000263,0.002178794000428752,0.04841764445397227,0.014316558837890625,1858,0.0,41.77880859375
dropout_rate,0.5,8,2,64,0.5,0.001,32,20,0.0,8,8,0.5777777777777777,0.3448275862068966,0.7964426877470356,10.018643872000212,0.0023617799997737166,0.05248399999497148,0.014316558837890625,1858,0.00390625,41.77880859375
dropout_rate,0.5,8,2,64,0.5,0.001,32,20,0.0,9,9,0.5111111111111111,0.0,0.5853174603174602,10.004079210999407,0.002365831000133767,0.05257402222519482,0.014316558837890625,1858,0.00390625,41.77880859375
dropout_rate,0.5,8,2,64,0.5,0.001,32,20,0.0,10,10,0.6222222222222222,0.5641025641025641,0.7103174603174602,9.996770026000377,0.0023838500001147622,0.052974444446994715,0.014316558837890625,1858,0.00390625,41.77880859375
dropout_rate,0.5,8,2,64,0.5,0.001,32,20,0.0,11,11,0.4444444444444444,0.6153846153846154,0.5079051383399209,10.008115245999761,0.002325391999875137,0.05167537777500305,0.014316558837890625,1858,0.00390625,41.77880859375
dropout_rate,0.5,8,2,64,0.5,0.001,32,20,0.0,12,12,0.7111111111111111,0.7796610169491526,0.8511904761904762,9.998672106000413,0.002155467000193312,0.04789926667096248,0.014316558837890625,1858,0.00390625,41.77880859375
dropout_rate,0.5,8,2,64,0.5,0.001,32,20,0.0,13,13,0.5428571428571428,0.68,0.7777777777777778,9.998945258000276,0.0020137569999860716,0.057535914285316334,0.014316558837890625,1858,0.0078125,41.77880859375
dropout_rate,0.5,8,2,64,0.5,0.001,32,20,0.0,14,14,0.5777777777777777,0.6274509803921569,0.6245059288537549,9.980325145999814,0.0022909609997441294,0.05091024443875843,0.014316558837890625,1858,0.00390625,41.77880859375
dropout_rate,0.5,8,2,64,0.5,0.001,32,20,0.0,15,15,0.6,0.7096774193548387,0.9486166007905138,9.996998410000742,0.0023064659999363357,0.05125479999858524,0.014316558837890625,1858,0.0078125,41.77880859375
dropout_rate,0.5,8,2,64,0.5,0.001,32,20,0.0,16,16,0.4888888888888889,0.0,0.6106719367588933,9.983210112999586,0.0022883769997861236,0.050852822217469416,0.014316558837890625,1858,0.0078125,41.77880859375
dropout_rate,0.5,8,2,64,0.5,0.001,32,20,0.0,17,17,0.5476190476190477,0.24,0.7,10.00456042299993,0.002234528000371938,0.05320304762790329,0.014316558837890625,1858,0.0,41.77880859375
dropout_rate,0.5,8,2,64,0.5,0.001,32,20,0.0,18,18,0.4888888888888889,0.0,0.49011857707509887,10.005819466000503,0.0021706230008931016,0.04823606668651337,0.014316558837890625,1858,0.00390625,41.77880859375
dropout_rate,0.5,8,2,64,0.5,0.001,32,20,0.0,19,19,0.7777777777777778,0.7058823529411765,0.8300395256916997,10.004914295999697,0.0021115350000400213,0.046923000000889364,0.014316558837890625,1858,0.00390625,41.77880859375
dropout_rate,0.5,8,2,64,0.5,0.001,32,20,0.0,20,20,0.5333333333333333,0.08695652173913043,0.5098814229249012,9.99198654599968,0.002197021999563731,0.048822711101416234,0.014316558837890625,1858,0.00390625,41.77880859375
dropout_rate,0.5,8,2,64,0.5,0.001,32,20,0.0,21,21,0.5333333333333333,0.6666666666666666,0.861111111111111,9.979543485999784,0.002204495000114548,0.04898877778032329,0.014316558837890625,1858,0.0078125,41.77880859375
dropout_rate,0.5,8,2,64,0.5,0.001,32,20,0.0,22,22,0.6444444444444445,0.68,0.6027667984189723,9.998478853000051,0.00219422800000757,0.04876062222239044,0.014316558837890625,1858,0.00390625,41.77880859375
dropout_rate,0.5,8,2,64,0.5,0.001,32,20,0.0,23,23,0.6590909090909091,0.5161290322580645,0.8037190082644627,9.98960849299965,0.002133396000317589,0.04848627273449065,0.014316558837890625,1858,0.00390625,41.77880859375
dropout_rate,0.5,8,2,64,0.5,0.001,32,20,0.0,24,24,0.3888888888888889,0.0,0.7792207792207793,10.01250145999984,0.0010264680004183901,0.0570260000232439,0.014316558837890625,1858,0.00390625,41.77880859375
dropout_rate,0.5,8,2,64,0.5,0.001,32,20,0.0,25,25,0.4888888888888889,0.0,0.883399209486166,9.995811446000516,0.0022584819998883177,0.05018848888640706,0.014316558837890625,1858,0.00390625,41.77880859375
dropout_rate,0.5,8,2,64,0.5,0.001,32,20,0.0,26,26,0.4666666666666667,0.6363636363636364,0.75,10.009025492000546,0.0022365519998857053,0.04970115555301568,0.014316558837890625,1858,0.00390625,41.77880859375
dropout_rate,0.5,8,2,64,0.5,0.001,32,20,0.0,27,27,0.5555555555555556,0.5833333333333334,0.6304347826086957,10.002441410999381,0.002168037000046752,0.04817860000103893,0.014316558837890625,1858,0.0078125,41.77880859375
dropout_rate,0.5,8,2,64,0.5,0.001,32,20,0.0,28,28,0.5333333333333333,0.5714285714285714,0.4980237154150197,10.006809821999923,0.0021796299997731694,0.04843622221718154,0.014316558837890625,1858,0.00390625,41.77880859375
dropout_rate,0.5,8,2,64,0.5,0.001,32,20,0.0,29,29,0.5777777777777777,0.6984126984126984,0.9624505928853755,10.013933152999925,0.002178793000894075,0.04841762224209055,0.014316558837890625,1858,0.00390625,41.77880859375
dropout_rate,0.5,8,2,64,0.5,0.001,32,20,0.0,30,30,0.4666666666666667,0.6363636363636364,0.7281746031746031,10.014265739999246,0.002172646999497374,0.04828104443327498,0.014316558837890625,1858,0.00390625,41.77880859375
dropout_rate,0.5,8,2,64,0.5,0.001,32,20,0.0,31,31,0.7111111111111111,0.7636363636363637,0.8616600790513834,10.037774295999952,0.0023306990005949046,0.05179331112433122,0.014316558837890625,1858,0.0078125,41.77880859375
dropout_rate,0.5,8,2,64,0.5,0.001,32,20,0.0,32,32,0.5227272727272727,0.6865671641791045,0.6749482401656315,10.020044695999786,0.0023223090001920355,0.05277975000436445,0.014316558837890625,1858,0.0,41.77880859375
dropout_rate,0.5,8,2,64,0.5,0.001,32,20,0.0,33,33,0.6222222222222222,0.7213114754098361,0.865612648221344,10.0234919479999,0.0023202140000648797,0.05156031111255288,0.014316558837890625,1858,0.0078125,41.77880859375
dropout_rate,0.5,8,2,64,0.5,0.001,32,20,0.0,34,34,0.5111111111111111,0.15384615384615385,0.9464285714285714,10.014362577000611,0.0023737129995424766,0.05274917776761059,0.014316558837890625,1858,0.0078125,41.77880859375
dropout_rate,0.5,8,2,64,0.5,0.001,32,20,0.0,35,35,0.6,0.7096774193548387,0.9150197628458497,10.006763999000214,0.0023064560000420897,0.051254577778713103,0.014316558837890625,1858,0.0,41.77880859375
dropout_rate,0.5,8,2,64,0.5,0.001,32,20,0.0,36,36,0.45454545454545453,0.6129032258064516,0.4049586776859504,10.00879290299963,0.0020720669999718666,0.04709243181754243,0.014316558837890625,1858,0.00390625,41.77880859375
dropout_rate,0.5,8,2,64,0.5,0.001,32,20,0.0,37,37,0.4888888888888889,0.6567164179104478,0.5988142292490118,9.999495772000046,0.0022514900001624483,0.05003311111472108,0.014316558837890625,1858,0.00390625,41.77880859375
dropout_rate,0.5,8,2,64,0.5,0.001,32,20,0.0,38,38,0.5555555555555556,0.23076923076923078,0.5889328063241107,10.002768628999547,0.002328176000446547,0.051737244454367705,0.014316558837890625,1858,0.0,41.77880859375
dropout_rate,0.5,8,2,64,0.5,0.001,32,20,0.0,39,39,0.6590909090909091,0.6511627906976745,0.6645962732919254,10.020706866999717,0.002340607999940403,0.05319563636228188,0.014316558837890625,1858,0.00390625,41.77880859375
dropout_rate,0.5,8,2,64,0.5,0.001,32,20,0.0,40,40,0.5333333333333333,0.6956521739130435,0.5357142857142857,10.01316325300013,0.0021067779998702463,0.04681728888600547,0.014316558837890625,1858,0.0078125,41.77880859375
dropout_rate,0.5,8,2,64,0.5,0.001,32,20,0.0,41,41,0.4666666666666667,0.6363636363636364,0.6904761904761906,10.003177063999829,0.0021200479995968635,0.04711217776881919,0.014316558837890625,1858,0.0,41.77880859375
dropout_rate,0.5,8,2,64,0.5,0.001,32,20,0.0,42,42,0.5555555555555556,0.23076923076923078,0.9565217391304347,10.021371759999965,0.0023857960004534107,0.05301768889896468,0.014316558837890625,1858,0.01953125,41.77880859375
dropout_rate,0.5,8,2,64,0.5,0.001,32,20,0.0,43,43,0.6222222222222222,0.37037037037037035,0.9407114624505928,10.014208157000212,0.002283896999870194,0.05075326666378209,0.014316558837890625,1858,0.00390625,41.77880859375
dropout_rate,0.5,8,2,64,0.5,0.001,32,20,0.0,44,44,0.896551724137931,0.896551724137931,0.9047619047619048,10.041932627000278,0.0014596239998354577,0.05033186206329165,0.014316558837890625,1858,0.0078125,41.77880859375
dropout_rate,0.5,8,2,64,0.5,0.001,32,20,0.0,45,45,0.7111111111111111,0.6666666666666666,0.8260869565217391,10.019176087000233,0.0023079960001268773,0.0512888000028195,0.014316558837890625,1858,0.0,41.77880859375
dropout_rate,0.5,8,2,64,0.5,0.001,32,20,0.0,46,46,0.5333333333333333,0.676923076923077,0.8221343873517787,10.005216305000431,0.0022665800006507197,0.050368444458904885,0.014316558837890625,1858,0.00390625,41.77880859375
dropout_rate,0.5,8,2,64,0.5,0.001,32,20,0.0,47,47,0.4666666666666667,0.6363636363636364,0.6329365079365079,10.016868800000339,0.0021311559994501295,0.04735902221000288,0.014316558837890625,1858,0.0,41.77880859375
dropout_rate,0.5,8,2,64,0.5,0.001,32,20,0.0,48,48,0.7058823529411765,0.6666666666666666,0.9285714285714286,10.029571648000456,0.0010069110003314563,0.05923005884302684,0.014316558837890625,1858,0.00390625,41.77880859375
dropout_rate,0.5,8,2,64,0.5,0.001,32,20,0.0,49,49,0.7333333333333333,0.76,0.8122529644268774,10.019982073999927,0.0022820150006737094,0.050711444459415764,0.014316558837890625,1858,0.00390625,41.77880859375
dropout_rate,0.5,8,2,64,0.5,0.001,32,20,0.0,50,50,0.4888888888888889,0.6567164179104478,0.5849802371541503,10.016977614000098,0.002127105999534251,0.04726902221187224,0.014316558837890625,1858,0.0,41.77880859375
dropout_rate,0.5,8,2,64,0.5,0.001,32,20,0.0,51,51,0.4666666666666667,0.6363636363636364,0.7599206349206349,10.03408001400021,0.0023523459994976292,0.05227435554439176,0.014316558837890625,1858,0.00390625,41.77880859375
dropout_rate,0.5,8,2,64,0.5,0.001,32,20,0.0,52,52,0.8048780487804879,0.8181818181818182,0.8995215311004785,10.038246085000537,0.0020716509998237598,0.050528073166433166,0.014316558837890625,1858,0.00390625,41.77880859375
dropout_rate,0.5,8,2,64,0.5,0.001,32,20,0.0,53,53,0.5116279069767442,0.6440677966101694,0.41774891774891776,10.014270121999289,0.002088062999973772,0.04855960465055284,0.014316558837890625,1858,0.0,41.77880859375
dropout_rate,0.5,8,2,64,0.5,0.001,32,20,0.0,54,54,0.7435897435897436,0.7058823529411765,0.782608695652174,10.016850293000061,0.0020620830000552814,0.05287392307834055,0.014316558837890625,1858,0.00390625,41.77880859375
dropout_rate,0.5,8,2,64,0.5,0.001,32,20,0.0,55,55,0.5111111111111111,0.0,0.9624505928853756,10.026097013000253,0.002346199999919918,0.05213777777599817,0.014316558837890625,1858,0.00390625,41.77880859375
dropout_rate,0.5,8,2,64,0.5,0.001,32,20,0.0,56,56,0.7045454545454546,0.7547169811320755,0.884297520661157,10.024427790999653,0.0021754359995611594,0.04944172726275362,0.014316558837890625,1858,0.0,41.77880859375
dropout_rate,0.5,8,2,64,0.5,0.001,32,20,0.0,57,57,0.6,0.25,0.5396825396825397,10.020834214999923,0.0021377920002123574,0.04750648889360794,0.014316558837890625,1858,0.0,41.77880859375
dropout_rate,0.5,8,2,64,0.5,0.001,32,20,0.0,58,58,0.5333333333333333,0.0,0.6984126984126984,9.990020005000588,0.00215546599974914,0.047899244438869774,0.014316558837890625,1858,0.0,41.77880859375
dropout_rate,0.5,8,2,64,0.5,0.001,32,20,0.0,59,59,0.5555555555555556,0.09090909090909091,0.5376984126984128,10.006030603,0.002154279000023962,0.04787286666719915,0.014316558837890625,1858,0.0,41.77880859375
dropout_rate,0.5,8,2,64,0.5,0.001,32,20,0.0,60,60,0.5,0.6666666666666666,0.9028925619834711,10.026264525999977,0.0022030270001778263,0.05006879545858696,0.014316558837890625,1858,0.0,41.77880859375
dropout_rate,0.5,8,2,64,0.5,0.001,32,20,0.0,61,61,0.6976744186046512,0.7719298245614035,0.8722943722943723,10.022381920000043,0.0021511360000658897,0.05002641860618348,0.014316558837890625,1858,0.00390625,41.77880859375
dropout_rate,0.5,8,2,64,0.5,0.001,32,20,0.0,62,62,0.8666666666666667,0.88,0.9841897233201581,10.010573474000012,0.0021428950003610225,0.04761988889691161,0.014316558837890625,1858,0.0,41.77880859375
dropout_rate,0.5,8,2,64,0.5,0.001,32,20,0.0,63,63,0.4883720930232558,0.0,0.6233766233766235,10.020511959000032,0.0020658610001191846,0.04804327907253917,0.014316558837890625,1858,0.00390625,41.77880859375
dropout_rate,0.5,8,2,64,0.5,0.001,32,20,0.0,64,64,0.4888888888888889,0.6567164179104478,0.7075098814229249,10.024666997000168,0.002163488999940455,0.048077533332010106,0.014316558837890625,1858,0.00390625,41.77880859375
dropout_rate,0.5,8,2,64,0.5,0.001,32,20,0.0,65,65,0.5555555555555556,0.09090909090909091,0.9146825396825397,10.026429827999891,0.002422880000267469,0.05384177778372153,0.014316558837890625,1858,0.0,41.77880859375
dropout_rate,0.5,8,2,64,0.5,0.001,32,20,0.0,66,66,0.5555555555555556,0.4117647058823529,0.6067193675889329,10.028644580999753,0.002354506000301626,0.05232235556225836,0.014316558837890625,1858,0.00390625,41.77880859375
dropout_rate,0.5,8,2,64,0.5,0.001,32,20,0.0,67,67,0.4888888888888889,0.0,0.6600790513833992,10.0259463149996,0.00217312699987815,0.04829171110840333,0.014316558837890625,1858,0.0,41.77880859375
dropout_rate,0.5,8,2,64,0.5,0.001,32,20,0.0,68,68,0.5555555555555556,0.2857142857142857,0.6758893280632411,10.017511594000098,0.0021734760002800613,0.04829946667289025,0.014316558837890625,1858,0.0,41.77880859375
dropout_rate,0.5,8,2,64,0.5,0.001,32,20,0.0,69,69,0.4888888888888889,0.6461538461538462,0.5317460317460317,9.99650291099988,0.0021658630003003054,0.04813028889556234,0.014316558837890625,1858,0.00390625,41.77880859375
dropout_rate,0.5,8,2,64,0.5,0.001,32,20,0.0,70,70,0.7555555555555555,0.7843137254901961,0.8458498023715415,10.004995669999516,0.002152033999664127,0.04782297777031393,0.014316558837890625,1858,0.0078125,41.77880859375
dropout_rate,0.5,8,2,64,0.5,0.001,32,20,0.0,71,71,0.9111111111111111,0.9166666666666666,0.9861660079051383,10.023006835999695,0.002141562999895541,0.04759028888656758,0.014316558837890625,1858,0.0,41.77880859375
dropout_rate,0.5,8,2,64,0.5,0.001,32,20,0.0,72,72,0.7333333333333333,0.7931034482758621,0.9486166007905138,10.027230498999415,0.0023012210003798828,0.05113824445288628,0.014316558837890625,1858,0.0078125,41.77880859375
dropout_rate,0.5,8,2,64,0.5,0.001,32,20,0.0,73,73,0.5111111111111111,0.0,0.6758893280632411,10.029050860000098,0.0021359060001486796,0.04746457778108176,0.014316558837890625,1858,0.00390625,41.77880859375
dropout_rate,0.5,8,2,64,0.5,0.001,32,20,0.0,74,74,0.4444444444444444,0.6153846153846154,0.5833333333333334,10.015308622999328,0.0021345790000850684,0.0474350888907793,0.014316558837890625,1858,0.00390625,41.77880859375
dropout_rate,0.5,8,2,64,0.5,0.001,32,20,0.0,75,75,0.8048780487804879,0.8333333333333334,0.9523809523809523,10.043351971999982,0.0023412410000673844,0.057103439026033764,0.014316558837890625,1858,0.0,41.77880859375
dropout_rate,0.5,8,2,64,0.5,0.001,32,20,0.0,76,76,0.5111111111111111,0.0,0.6027667984189724,10.046881922000466,0.002116769000167551,0.04703931111483446,0.014316558837890625,1858,0.00390625,41.77880859375
dropout_rate,0.5,8,2,64,0.5,0.001,32,20,0.0,77,77,0.6222222222222222,0.6909090909090909,0.6646825396825397,9.9998666649999,0.002179278999392409,0.0484284222087202,0.014316558837890625,1858,0.00390625,41.77880859375
dropout_rate,0.5,8,2,64,0.5,0.001,32,20,0.0,78,78,0.5111111111111111,0.0,0.567193675889328,10.026536616000158,0.0023133059994506766,0.051406799987792816,0.014316558837890625,1858,0.0,41.77880859375
dropout_rate,0.5,8,2,64,0.5,0.001,32,20,0.0,79,79,0.6,0.6666666666666666,0.6425,10.027596957000242,0.0020909290005874936,0.05227322501468734,0.014316558837890625,1858,0.0078125,41.77880859375
dropout_rate,0.5,8,2,64,0.5,0.001,32,20,0.0,80,80,0.5111111111111111,0.0,0.6956521739130435,10.02390266600014,0.0021176090003791614,0.04705797778620359,0.014316558837890625,1858,0.0078125,41.77880859375
dropout_rate,0.5,8,2,64,0.5,0.001,32,20,0.0,81,81,0.4888888888888889,0.0,0.7430830039525692,10.024660451000273,0.002172573999814631,0.04827942221810291,0.014316558837890625,1858,0.0,41.77880859375
dropout_rate,0.5,8,2,64,0.5,0.001,32,20,0.0,82,82,0.5111111111111111,0.6666666666666666,0.8695652173913043,10.015341645999797,0.00219555199964816,0.04879004443662577,0.014316558837890625,1858,0.00390625,41.77880859375
dropout_rate,0.5,8,2,64,0.5,0.001,32,20,0.0,83,83,0.5,0.0,0.8448753462603878,10.019885112999873,0.002289281000230403,0.06024423684816851,0.014316558837890625,1858,0.0078125,41.77880859375
dropout_rate,0.5,8,2,64,0.5,0.001,32,20,0.0,84,84,0.6818181818181818,0.72,0.7784679089026915,10.042866378000326,0.002126897999914945,0.04833859090715784,0.014316558837890625,1858,0.0,41.77880859375
dropout_rate,0.5,8,2,64,0.5,0.001,32,20,0.0,85,85,0.8409090909090909,0.8571428571428571,1.0,10.037546583999756,0.002163424999707786,0.049168749993358775,0.014316558837890625,1858,0.00390625,41.77880859375
dropout_rate,0.5,8,2,64,0.5,0.001,32,20,0.0,86,86,0.5227272727272727,0.16,0.7681159420289855,10.026464964999832,0.002083736000713543,0.047357636379853255,0.014316558837890625,1858,0.0078125,41.77880859375
dropout_rate,0.5,8,2,64,0.5,0.001,32,20,0.0,87,87,0.4444444444444444,0.5901639344262295,0.5039525691699605,10.03910014900066,0.0023494850001952727,0.05221077778211717,0.014316558837890625,1858,0.0,41.77880859375
dropout_rate,0.5,8,2,64,0.5,0.001,32,20,0.0,88,88,0.5636363636363636,0.5384615384615384,0.6428571428571429,9.976616220999858,0.002505650999410136,0.04555729089836611,0.014316558837890625,1858,0.0078125,41.77880859375
dropout_rate,0.5,8,2,64,0.5,0.001,32,20,0.0,89,89,0.5333333333333333,0.0,0.5773809523809523,10.021916155999861,0.0023255289997905493,0.051678422217567764,0.014316558837890625,1858,0.00390625,41.77880859375
dropout_rate,0.5,8,2,64,0.5,0.001,32,20,0.0,90,90,0.6666666666666666,0.7540983606557377,0.7114624505928854,10.003482722000626,0.002177114000005531,0.048380311111234024,0.014316558837890625,1858,0.00390625,41.77880859375
dropout_rate,0.5,8,2,64,0.5,0.001,32,20,0.0,91,91,0.5681818181818182,0.6885245901639344,0.7458677685950413,10.000409983000281,0.0023068809996402706,0.05242911362818797,0.014316558837890625,1858,0.0078125,41.77880859375
dropout_rate,0.5,8,2,64,0.5,0.001,32,20,0.0,92,92,0.625,0.7341772151898734,0.7423076923076923,9.952208254999277,0.002563899000051606,0.04578391071520725,0.014316558837890625,1858,0.0078125,41.77880859375
dropout_rate,0.5,8,2,64,0.5,0.001,32,20,0.0,93,93,0.4888888888888889,0.6567164179104478,0.7826086956521738,10.005325810000613,0.0021844479997525923,0.04854328888339094,0.014316558837890625,1858,0.0,41.77880859375
dropout_rate,0.5,8,2,64,0.5,0.001,32,20,0.0,94,94,0.9318181818181818,0.9387755102040817,0.9813664596273292,10.008412896000664,0.0021997430003466434,0.04999415909878735,0.014316558837890625,1858,0.00390625,41.77880859375
dropout_rate,0.5,8,2,64,0.5,0.001,32,20,0.0,95,95,0.7142857142857143,0.6666666666666666,0.7395833333333334,10.061389860999952,0.00162843599991902,0.05815842856853643,0.014316558837890625,1858,0.00390625,41.77880859375
dropout_rate,0.5,8,2,64,0.5,0.001,32,20,0.0,96,96,0.5,0.6666666666666666,0.7052154195011338,12.911309937000624,0.0022423480004363228,0.053389238105626735,0.014316558837890625,1858,0.0,41.77880859375
dropout_rate,0.5,8,2,64,0.5,0.001,32,20,0.0,97,97,0.5,0.0,0.4318181818181818,9.919761254999685,0.0021226870003374643,0.048242886371306005,0.014316558837890625,1858,0.0,41.77880859375
dropout_rate,0.5,8,2,64,0.5,0.001,32,20,0.0,98,98,0.5111111111111111,0.0,0.6482213438735178,10.012914664000164,0.002231732000836928,0.04959404446304284,0.014316558837890625,1858,0.00390625,41.77880859375
dropout_rate,0.5,8,2,64,0.5,0.001,32,20,0.0,99,99,0.4883720930232558,0.5925925925925926,0.49134199134199136,9.924147016999996,0.0025455309996686992,0.05919839534113255,0.014316558837890625,1858,0.00390625,41.77880859375
dropout_rate,0.5,8,2,64,0.5,0.001,32,20,0.0,100,100,0.4722222222222222,0.45714285714285713,0.5524691358024691,11.131424402999983,0.0025621539998610388,0.07117094444058442,0.014316558837890625,1858,0.00390625,41.77880859375
dropout_rate,0.5,8,2,64,0.5,0.001,32,20,0.0,101,101,0.35555555555555557,0.2564102564102564,0.3616600790513834,10.925984969000638,0.0026715970006989664,0.05936882223775481,0.014316558837890625,1858,0.00390625,41.77880859375
dropout_rate,0.5,8,2,64,0.5,0.001,32,20,0.0,102,102,0.4888888888888889,0.0,0.7747035573122529,12.108395459000349,0.00245543499931955,0.05456522220710111,0.014316558837890625,1858,0.0,41.77880859375
dropout_rate,0.5,8,2,64,0.5,0.001,32,20,0.0,103,103,0.6744186046511628,0.631578947368421,0.7683982683982683,12.073764562000179,0.0030259799996201764,0.07037162789814365,0.014316558837890625,1858,0.0078125,41.77880859375
dropout_rate,0.5,8,2,64,0.5,0.001,32,20,0.0,104,104,0.4883720930232558,0.65625,0.7077922077922078,12.753715742000168,0.0030100559997663368,0.07000130232014735,0.014316558837890625,1858,0.0078125,41.77880859375
dropout_rate,0.5,8,2,64,0.5,0.001,32,20,0.0,105,105,0.5777777777777777,0.24,0.7490118577075099,11.728175455999917,0.002488825000000361,0.05530722222223024,0.014316558837890625,1858,0.00390625,41.77880859375
dropout_rate,0.5,8,2,64,0.5,0.001,32,20,0.0,106,106,0.5111111111111111,0.6206896551724138,0.621031746031746,12.026540854999439,0.0032117609998749685,0.07137246666388819,0.014316558837890625,1858,0.00390625,41.77880859375
dropout_rate,0.5,8,2,64,0.5,0.001,32,20,0.0,107,107,0.5555555555555556,0.6666666666666666,0.5912698412698413,11.937726590999773,0.002407598999525362,0.05350219998945249,0.014316558837890625,1858,0.0078125,41.77880859375
dropout_rate,0.5,8,2,64,0.5,0.001,32,20,0.0,108,108,0.6444444444444445,0.7333333333333333,0.8399209486166007,11.759933413999534,0.00276422599927173,0.06142724442826066,0.014316558837890625,1858,0.0,41.77880859375
dropout_rate,0.75,8,2,64,0.75,0.001,32,20,0.0,1,1,0.6444444444444445,0.6190476190476191,0.699604743083004,11.98784243099999,0.0024150829995051026,0.05366851110011339,0.014316558837890625,1858,0.0,41.77880859375
dropout_rate,0.75,8,2,64,0.75,0.001,32,20,0.0,2,2,0.6,0.35714285714285715,0.891304347826087,12.248335428000246,0.00311860700003308,0.06930237777851289,0.014316558837890625,1858,0.0,41.77880859375
dropout_rate,0.75,8,2,64,0.75,0.001,32,20,0.0,3,3,0.5111111111111111,0.0,0.3913043478260869,12.806607393999911,0.0031879600001047947,0.07084355555788432,0.014316558837890625,1858,0.0,41.77880859375
dropout_rate,0.75,8,2,64,0.75,0.001,32,20,0.0,4,4,0.4888888888888889,0.6567164179104478,0.8221343873517787,12.289575742000125,0.0023499200005971943,0.052220444457715426,0.014316558837890625,1858,0.0,41.77880859375
dropout_rate,0.75,8,2,64,0.75,0.001,32,20,0.0,5,5,0.4888888888888889,0.14814814814814814,0.4285714285714286,11.846080420000362,0.003857838999465457,0.08572975554367682,0.014316558837890625,1858,0.0,41.77880859375
dropout_rate,0.75,8,2,64,0.75,0.001,32,20,0.0,6,6,0.4666666666666667,0.6363636363636364,0.5456349206349207,11.618251312999746,0.002421590000267315,0.05381311111705145,0.014316558837890625,1858,0.0,41.77880859375
dropout_rate,0.75,8,2,64,0.75,0.001,32,20,0.0,7,7,0.5555555555555556,0.16666666666666666,0.966403162055336,11.367366110000148,0.0023597800000061397,0.052439555555692,0.014316558837890625,1858,0.0,41.77880859375
dropout_rate,0.75,8,2,64,0.75,0.001,32,20,0.0,8,8,0.5555555555555556,0.696969696969697,0.7727272727272727,11.984476773000097,0.003147955999338592,0.06995457776307983,0.014316558837890625,1858,0.0,41.77880859375
dropout_rate,0.75,8,2,64,0.75,0.001,32,20,0.0,9,9,0.5555555555555556,0.5238095238095238,0.5753968253968254,12.552428005000365,0.0030458450000878656,0.06768544444639701,0.014316558837890625,1858,0.0,41.77880859375
dropout_rate,0.75,8,2,64,0.75,0.001,32,20,0.0,10,10,0.5555555555555556,0.6666666666666666,0.7182539682539683,12.381925257000148,0.0025593899999876157,0.05687533333305813,0.014316558837890625,1858,0.0,41.77880859375
dropout_rate,0.75,8,2,64,0.75,0.001,32,20,0.0,11,11,0.5111111111111111,0.0,0.5790513833992095,12.582387424000444,0.0031031509997774265,0.06895891110616503,0.014316558837890625,1858,0.0,41.77880859375
dropout_rate,0.75,8,2,64,0.75,0.001,32,20,0.0,12,12,0.5333333333333333,0.6956521739130435,0.753968253968254,12.593534064999403,0.0030625030003648135,0.0680556222303292,0.014316558837890625,1858,0.0,41.77880859375
dropout_rate,0.75,8,2,64,0.75,0.001,32,20,0.0,13,13,0.7714285714285715,0.7894736842105263,0.761437908496732,12.162179240000114,0.002209102999586321,0.06311722855960918,0.014316558837890625,1858,0.0,41.77880859375
dropout_rate,0.75,8,2,64,0.75,0.001,32,20,0.0,14,14,0.4888888888888889,0.0,0.541501976284585,11.617978541999946,0.003135138999823539,0.0696697555516342,0.014316558837890625,1858,0.0,41.77880859375
dropout_rate,0.75,8,2,64,0.75,0.001,32,20,0.0,15,15,0.8222222222222222,0.8333333333333334,0.9150197628458498,12.708820358999219,0.0030786369998168084,0.06841415555148463,0.014316558837890625,1858,0.0,41.77880859375
dropout_rate,0.75,8,2,64,0.75,0.001,32,20,0.0,16,16,0.4888888888888889,0.0,0.5454545454545455,12.505319290999978,0.0030546889993274817,0.06788197776283292,0.014316558837890625,1858,0.0,41.77880859375
dropout_rate,0.75,8,2,64,0.75,0.001,32,20,0.0,17,17,0.5238095238095238,0.5833333333333334,0.6204545454545454,12.695763948000604,0.0030268909995356807,0.07206883332227812,0.014316558837890625,1858,0.0,41.77880859375
dropout_rate,0.75,8,2,64,0.75,0.001,32,20,0.0,18,18,0.4888888888888889,0.0,0.4525691699604743,12.391597681999883,0.002455163999911747,0.05455919999803882,0.014316558837890625,1858,0.0,41.77880859375
dropout_rate,0.75,8,2,64,0.75,0.001,32,20,0.0,19,19,0.5111111111111111,0.0,0.841897233201581,11.974608513000021,0.0031583350000801147,0.07018522222400256,0.014316558837890625,1858,0.0,41.77880859375
dropout_rate,0.75,8,2,64,0.75,0.001,32,20,0.0,20,20,0.4888888888888889,0.6567164179104478,0.5375494071146245,11.701868519000527,0.0023923749995446997,0.053163888878771104,0.014316558837890625,1858,0.0,41.77880859375
dropout_rate,0.75,8,2,64,0.75,0.001,32,20,0.0,21,21,0.4666666666666667,0.6363636363636364,0.875,11.433795242999622,0.0030643969994343934,0.06809771109854208,0.014316558837890625,1858,0.0,41.77880859375
dropout_rate,0.75,8,2,64,0.75,0.001,32,20,0.0,22,22,0.5333333333333333,0.6865671641791045,0.6304347826086956,12.380923976000304,0.0025917040002241265,0.05759342222720281,0.014316558837890625,1858,0.0,41.77880859375
dropout_rate,0.75,8,2,64,0.75,0.001,32,20,0.0,23,23,0.6136363636363636,0.6666666666666666,0.7128099173553719,11.727549152000392,0.0030546890002369764,0.06942475000538584,0.014316558837890625,1858,0.0,41.77880859375
dropout_rate,0.75,8,2,64,0.75,0.001,32,20,0.0,24,24,0.3888888888888889,0.0,0.4155844155844156,12.798885070000324,0.001518928999757918,0.08438494443099544,0.014316558837890625,1858,0.0,41.77880859375
dropout_rate,0.75,8,2,64,0.75,0.001,32,20,0.0,25,25,0.4888888888888889,0.0,0.8023715415019763,12.682389163999687,0.00304449199938972,0.067655377764216,0.014316558837890625,1858,0.0,41.77880859375
dropout_rate,0.75,8,2,64,0.75,0.001,32,20,0.0,26,26,0.6444444444444445,0.6,0.7440476190476191,12.82682237500012,0.003988759000094433,0.0886390888909874,0.014316558837890625,1858,0.0,41.77880859375
dropout_rate,0.75,8,2,64,0.75,0.001,32,20,0.0,27,27,0.5777777777777777,0.3448275862068966,0.5770750988142292,12.807884658999683,0.003038275999642792,0.06751724443650649,0.014316558837890625,1858,0.0,41.77880859375
dropout_rate,0.75,8,2,64,0.75,0.001,32,20,0.0,28,28,0.4666666666666667,0.6129032258064516,0.4683794466403162,12.287977328000125,0.0023717710000710213,0.05270602222380047,0.014316558837890625,1858,0.0,41.77880859375
dropout_rate,0.75,8,2,64,0.75,0.001,32,20,0.0,29,29,0.5111111111111111,0.0,0.974308300395257,11.35583841100015,0.002475068000421743,0.055001511120483175,0.014316558837890625,1858,0.0,41.77880859375
dropout_rate,0.75,8,2,64,0.75,0.001,32,20,0.0,30,30,0.4666666666666667,0.6363636363636364,0.7420634920634921,12.688169445000312,0.0031589639993399032,0.0701991999853312,0.014316558837890625,1858,0.0,41.77880859375
dropout_rate,0.75,8,2,64,0.75,0.001,32,20,0.0,31,31,0.5111111111111111,0.08333333333333333,0.8913043478260871,12.83269261300029,0.0031037180006023846,0.06897151112449744,0.014316558837890625,1858,0.0,41.77880859375
dropout_rate,0.75,8,2,64,0.75,0.001,32,20,0.0,32,32,0.5454545454545454,0.5454545454545454,0.5983436853002071,12.777941485000156,0.003119503000561963,0.07089779546731734,0.014316558837890625,1858,0.0,41.77880859375
dropout_rate,0.75,8,2,64,0.75,0.001,32,20,0.0,33,33,0.6444444444444445,0.42857142857142855,0.8498023715415021,12.468935363000128,0.003055946000131371,0.06790991111403047,0.014316558837890625,1858,0.0,41.77880859375
dropout_rate,0.75,8,2,64,0.75,0.001,32,20,0.0,34,34,0.5333333333333333,0.6956521739130435,0.9583333333333333,12.569526171000689,0.0027000299996871036,0.06000066665971341,0.014316558837890625,1858,0.0,41.77880859375
dropout_rate,0.75,8,2,64,0.75,0.001,32,20,0.0,35,35,0.4888888888888889,0.0,0.8438735177865612,11.357591938999576,0.0025796219997573644,0.05732493332794143,0.014316558837890625,1858,0.0,41.77880859375
dropout_rate,0.75,8,2,64,0.75,0.001,32,20,0.0,36,36,0.5,0.6451612903225806,0.365702479338843,12.600832244999765,0.003028846999768575,0.06883743181292216,0.014316558837890625,1858,0.0,41.77880859375
dropout_rate,0.75,8,2,64,0.75,0.001,32,20,0.0,37,37,0.4888888888888889,0.6567164179104478,0.5691699604743083,12.640837866000766,0.0030597180002587265,0.06799373333908282,0.014316558837890625,1858,0.0,41.77880859375
dropout_rate,0.75,8,2,64,0.75,0.001,32,20,0.0,38,38,0.5333333333333333,0.5531914893617021,0.5770750988142292,12.7163974340001,0.003057273000194982,0.06793940000433293,0.014316558837890625,1858,0.0,41.77880859375
dropout_rate,0.75,8,2,64,0.75,0.001,32,20,0.0,39,39,0.4772727272727273,0.6101694915254238,0.45548654244306414,12.734161801000482,0.00305748200025846,0.06948822727860138,0.014316558837890625,1858,0.0,41.77880859375
dropout_rate,0.75,8,2,64,0.75,0.001,32,20,0.0,40,40,0.5333333333333333,0.6956521739130435,0.5099206349206349,12.176647302000674,0.0024026420005611726,0.05339204445691495,0.014316558837890625,1858,0.0,41.77880859375
dropout_rate,0.75,8,2,64,0.75,0.001,32,20,0.0,41,41,0.5333333333333333,0.0,0.6587301587301586,11.35847963299966,0.0026304670000172337,0.058454822222605195,0.014316558837890625,1858,0.0,41.77880859375
dropout_rate,0.75,8,2,64,0.75,0.001,32,20,0.0,42,42,0.5555555555555556,0.23076923076923078,0.950592885375494,11.802071259000513,0.0030199020002328325,0.06710893333850738,0.014316558837890625,1858,0.0,41.77880859375
dropout_rate,0.75,8,2,64,0.75,0.001,32,20,0.0,43,43,0.6888888888888889,0.7586206896551724,0.9288537549407114,13.017276796999795,0.0029193979999035946,0.06487551110896876,0.014316558837890625,1858,0.0,41.77880859375
dropout_rate,0.75,8,2,64,0.75,0.001,32,20,0.0,44,44,0.5172413793103449,0.6818181818181818,0.8476190476190477,13.326774195000326,0.0020438579995243344,0.07047786205256325,0.014316558837890625,1858,0.0,41.77880859375
dropout_rate,0.75,8,2,64,0.75,0.001,32,20,0.0,45,45,0.6444444444444445,0.7241379310344828,0.766798418972332,12.012351390999356,0.0024888230000215117,0.05530717777825582,0.014316558837890625,1858,0.0,41.77880859375
dropout_rate,0.75,8,2,64,0.75,0.001,32,20,0.0,46,46,0.6888888888888889,0.6956521739130435,0.7865612648221345,12.63637656300034,0.0033670170005279942,0.0748226000117332,0.014316558837890625,1858,0.0,41.77880859375
dropout_rate,0.75,8,2,64,0.75,0.001,32,20,0.0,47,47,0.5333333333333333,0.0,0.621031746031746,11.76944107700001,0.00298840300001757,0.06640895555594599,0.014316558837890625,1858,0.0,41.77880859375
dropout_rate,0.75,8,2,64,0.75,0.001,32,20,0.0,48,48,0.5294117647058824,0.3333333333333333,0.8857142857142857,12.869349607999538,0.00173522699969908,0.10207217645288706,0.014316558837890625,1858,0.0,41.77880859375
dropout_rate,0.75,8,2,64,0.75,0.001,32,20,0.0,49,49,0.7333333333333333,0.6842105263157895,0.8201581027667985,13.406016103999718,0.002741790000072797,0.06092866666828438,0.014316558837890625,1858,0.0,41.77880859375
dropout_rate,0.75,8,2,64,0.75,0.001,32,20,0.0,50,50,0.5111111111111111,0.0,0.575098814229249,12.985782003000168,0.003032263999557472,0.06738364443461048,0.014316558837890625,1858,0.0,41.77880859375
dropout_rate,0.75,8,2,64,0.75,0.001,32,20,0.0,51,51,0.5333333333333333,0.0,0.5476190476190477,12.877778707999823,0.0032084750000649365,0.07129944444588748,0.014316558837890625,1858,0.0,41.77880859375
dropout_rate,0.75,8,2,64,0.75,0.001,32,20,0.0,52,52,0.5853658536585366,0.19047619047619047,0.8684210526315789,13.054685328999767,0.003047628999411245,0.07433241461978646,0.014316558837890625,1858,0.0,41.77880859375
dropout_rate,0.75,8,2,64,0.75,0.001,32,20,0.0,53,53,0.46511627906976744,0.0,0.4696969696969697,12.120107724000263,0.002572003999375738,0.05981404649711019,0.014316558837890625,1858,0.0,41.77880859375
dropout_rate,0.75,8,2,64,0.75,0.001,32,20,0.0,54,54,0.6666666666666666,0.6829268292682927,0.8125,11.452845280000474,0.002275175000249874,0.058337820519227535,0.014316558837890625,1858,0.0,41.77880859375
dropout_rate,0.75,8,2,64,0.75,0.001,32,20,0.0,55,55,0.4888888888888889,0.6567164179104478,0.9802371541501976,12.516017718000512,0.0029669609994016355,0.06593246665336967,0.014316558837890625,1858,0.0,41.77880859375
dropout_rate,0.75,8,2,64,0.75,0.001,32,20,0.0,56,56,0.7727272727272727,0.782608695652174,0.8615702479338843,12.694094682000468,0.0030812229997536633,0.07002779544894688,0.014316558837890625,1858,0.0,41.77880859375
dropout_rate,0.75,8,2,64,0.75,0.001,32,20,0.0,57,57,0.4666666666666667,0.5555555555555556,0.5396825396825397,12.51785726900016,0.002512627999749384,0.055836177772208534,0.014316558837890625,1858,0.0,41.77880859375
dropout_rate,0.75,8,2,64,0.75,0.001,32,20,0.0,58,58,0.4666666666666667,0.6363636363636364,0.6488095238095238,12.23229770099988,0.0026151560005018837,0.05811457778893075,0.014316558837890625,1858,0.0,41.77880859375
dropout_rate,0.75,8,2,64,0.75,0.001,32,20,0.0,59,59,0.4666666666666667,0.625,0.5456349206349206,12.678528525999354,0.0031146639994403813,0.06921475554311958,0.014316558837890625,1858,0.0,41.77880859375
dropout_rate,0.75,8,2,64,0.75,0.001,32,20,0.0,60,60,0.5454545454545454,0.16666666666666666,0.8719008264462811,13.038944540000557,0.003417916999751469,0.07767993181253338,0.014316558837890625,1858,0.0,41.77880859375
dropout_rate,0.75,8,2,64,0.75,0.001,32,20,0.0,61,61,0.6976744186046512,0.5806451612903226,0.8658008658008658,12.056340334999732,0.002608729999337811,0.06066813951948397,0.014316558837890625,1858,0.0,41.77880859375
dropout_rate,0.75,8,2,64,0.75,0.001,32,20,0.0,62,62,0.9111111111111111,0.9047619047619048,0.9762845849802371,12.27676799100027,0.0034139360004701302,0.07586524445489179,0.014316558837890625,1858,0.0,41.77880859375
dropout_rate,0.75,8,2,64,0.75,0.001,32,20,0.0,63,63,0.4883720930232558,0.0,0.525974025974026,12.296676950999426,0.0029923009997219197,0.06958839534237023,0.014316558837890625,1858,0.0,41.77880859375
dropout_rate,0.75,8,2,64,0.75,0.001,32,20,0.0,64,64,0.4888888888888889,0.6567164179104478,0.6403162055335968,11.965764339999623,0.0024434850001853192,0.05429966667078487,0.014316558837890625,1858,0.0,41.77880859375
dropout_rate,0.75,8,2,64,0.75,0.001,32,20,0.0,65,65,0.5555555555555556,0.09090909090909091,0.9226190476190477,11.960264440000174,0.0030621429996244842,0.06804762221387742,0.014316558837890625,1858,0.0,41.77880859375
dropout_rate,0.75,8,2,64,0.75,0.001,32,20,0.0,66,66,0.5333333333333333,0.5882352941176471,0.6067193675889329,12.550514472000032,0.0031980559997464297,0.07106791110547621,0.014316558837890625,1858,0.0,41.77880859375
dropout_rate,0.75,8,2,64,0.75,0.001,32,20,0.0,67,67,0.4888888888888889,0.08,0.6403162055335968,11.688080738999815,0.0030951090002417914,0.06878020000537315,0.014316558837890625,1858,0.0,41.77880859375
dropout_rate,0.75,8,2,64,0.75,0.001,32,20,0.0,68,68,0.5111111111111111,0.08333333333333333,0.6363636363636364,11.57046380400061,0.004909821000183001,0.10910713333740002,0.014316558837890625,1858,0.0,41.77880859375
dropout_rate,0.75,8,2,64,0.75,0.001,32,20,0.0,69,69,0.5333333333333333,0.27586206896551724,0.6408730158730159,12.893731447000391,0.0032814550004331977,0.07292122223184884,0.014316558837890625,1858,0.0,41.77880859375
dropout_rate,0.75,8,2,64,0.75,0.001,32,20,0.0,70,70,0.6222222222222222,0.45161290322580644,0.733201581027668,13.298118507999789,0.003093999000157055,0.06875553333682345,0.014316558837890625,1858,0.0,41.77880859375
dropout_rate,0.75,8,2,64,0.75,0.001,32,20,0.0,71,71,0.8,0.7567567567567568,0.950592885375494,11.81565323399991,0.002512774999559042,0.055839444434645384,0.014316558837890625,1858,0.0,41.77880859375
dropout_rate,0.75,8,2,64,0.75,0.001,32,20,0.0,72,72,0.4888888888888889,0.0,0.8873517786561264,12.044573717000276,0.00313367000035214,0.06963711111893645,0.014316558837890625,1858,0.0,41.77880859375
dropout_rate,0.75,8,2,64,0.75,0.001,32,20,0.0,73,73,0.5111111111111111,0.0,0.6086956521739131,12.304730953999751,0.0026009149996752967,0.05779811110389548,0.014316558837890625,1858,0.0,41.77880859375
dropout_rate,0.75,8,2,64,0.75,0.001,32,20,0.0,74,74,0.5333333333333333,0.0,0.5694444444444444,12.834856757000125,0.0032042800003182492,0.07120622222929443,0.014316558837890625,1858,0.0,41.77880859375
dropout_rate,0.75,8,2,64,0.75,0.001,32,20,0.0,75,75,0.7073170731707317,0.75,0.9238095238095239,12.77020089800044,0.003010747999724117,0.07343287804205163,0.014316558837890625,1858,0.0,41.77880859375
dropout_rate,0.75,8,2,64,0.75,0.001,32,20,0.0,76,76,0.5111111111111111,0.0,0.5256916996047432,12.462168524000845,0.0030404300005102414,0.06756511112244981,0.014316558837890625,1858,0.0,41.77880859375
dropout_rate,0.75,8,2,64,0.75,0.001,32,20,0.0,77,77,0.5333333333333333,0.6956521739130435,0.6726190476190477,12.840335999999297,0.0031880070000624983,0.07084460000138885,0.014316558837890625,1858,0.0,41.77880859375
dropout_rate,0.75,8,2,64,0.75,0.001,32,20,0.0,78,78,0.4888888888888889,0.6567164179104478,0.5434782608695652,12.522550263000085,0.002618933999656292,0.058198533325695384,0.014316558837890625,1858,0.0,41.77880859375
dropout_rate,0.75,8,2,64,0.75,0.001,32,20,0.0,79,79,0.525,0.3870967741935484,0.6024999999999999,12.061577094000313,0.0029379030002019135,0.07344757500504784,0.014316558837890625,1858,0.0,41.77880859375
dropout_rate,0.75,8,2,64,0.75,0.001,32,20,0.0,80,80,0.5111111111111111,0.0,0.6897233201581028,11.969054567000057,0.0030516750002789195,0.06781500000619821,0.014316558837890625,1858,0.0,41.77880859375
dropout_rate,0.75,8,2,64,0.75,0.001,32,20,0.0,81,81,0.4888888888888889,0.0,0.7411067193675889,13.012857761000305,0.0030527930002790526,0.06783984445064561,0.014316558837890625,1858,0.0,41.77880859375
dropout_rate,0.75,8,2,64,0.75,0.001,32,20,0.0,82,82,0.6666666666666666,0.6666666666666666,0.7687747035573123,12.570540151000387,0.0031432379992111237,0.06984973331580276,0.014316558837890625,1858,0.0,41.77880859375
dropout_rate,0.75,8,2,64,0.75,0.001,32,20,0.0,83,83,0.5526315789473685,0.5853658536585366,0.6537396121883656,11.937692780999896,0.0030906460006008274,0.08133278948949545,0.014316558837890625,1858,0.0,41.77880859375
dropout_rate,0.75,8,2,64,0.75,0.001,32,20,0.0,84,84,0.5681818181818182,0.24,0.6935817805383022,11.681305533999875,0.00248267200004193,0.05642436363731659,0.014316558837890625,1858,0.0,41.77880859375
dropout_rate,0.75,8,2,64,0.75,0.001,32,20,0.0,85,85,0.9772727272727273,0.975609756097561,1.0,12.346773248000318,0.0030401499998333747,0.06909431817803124,0.014316558837890625,1858,0.0,41.77880859375
dropout_rate,0.75,8,2,64,0.75,0.001,32,20,0.0,86,86,0.5681818181818182,0.6984126984126984,0.7142857142857144,12.053531696000391,0.002397324999947159,0.05448465908970816,0.014316558837890625,1858,0.0,41.77880859375
dropout_rate,0.75,8,2,64,0.75,0.001,32,20,0.0,87,87,0.5111111111111111,0.08333333333333333,0.5039525691699605,12.706670348999978,0.003509139000016148,0.07798086666702553,0.014316558837890625,1858,0.0,41.77880859375
dropout_rate,0.75,8,2,64,0.75,0.001,32,20,0.0,88,88,0.5818181818181818,0.46511627906976744,0.656084656084656,12.747439205000774,0.0032496629992238013,0.05908478180406911,0.014316558837890625,1858,0.0,41.77880859375
dropout_rate,0.75,8,2,64,0.75,0.001,32,20,0.0,89,89,0.5333333333333333,0.0,0.7857142857142857,12.728748830000768,0.0031011099999886937,0.06891355555530432,0.014316558837890625,1858,0.0,41.77880859375
dropout_rate,0.75,8,2,64,0.75,0.001,32,20,0.0,90,90,0.6444444444444445,0.7241379310344828,0.7114624505928854,12.968642388000262,0.003564579000340018,0.07921286667422263,0.014316558837890625,1858,0.0,41.77880859375
dropout_rate,0.75,8,2,64,0.75,0.001,32,20,0.0,91,91,0.6136363636363636,0.45161290322580644,0.6921487603305785,11.940672489000463,0.0023554800000056275,0.05353363636376426,0.014316558837890625,1858,0.0,41.77880859375
dropout_rate,0.75,8,2,64,0.75,0.001,32,20,0.0,92,92,0.5535714285714286,0.6987951807228916,0.7025641025641025,14.29925090099914,0.0034037340001304983,0.060780964288044616,0.014316558837890625,1858,0.0,41.77880859375
dropout_rate,0.75,8,2,64,0.75,0.001,32,20,0.0,93,93,0.4888888888888889,0.6567164179104478,0.8181818181818182,11.941311888999735,0.002429232999929809,0.05398295555399576,0.014316558837890625,1858,0.0,41.77880859375
dropout_rate,0.75,8,2,64,0.75,0.001,32,20,0.0,94,94,0.5909090909090909,0.35714285714285715,0.9627329192546584,11.51988984899981,0.002321607000340009,0.05276379546227293,0.014316558837890625,1858,0.0,41.77880859375
dropout_rate,0.75,8,2,64,0.75,0.001,32,20,0.0,95,95,0.6785714285714286,0.47058823529411764,0.6614583333333333,12.270489778999945,0.001694080000561371,0.060502857162906105,0.014316558837890625,1858,0.0,41.77880859375
dropout_rate,0.75,8,2,64,0.75,0.001,32,20,0.0,96,96,0.6904761904761905,0.7450980392156863,0.7709750566893424,12.69984303900037,0.003041394999854674,0.07241416666320652,0.014316558837890625,1858,0.0,41.77880859375
dropout_rate,0.75,8,2,64,0.75,0.001,32,20,0.0,97,97,0.4772727272727273,0.0,0.39462809917355374,12.287687033000111,0.0030696809999426478,0.06976547727142382,0.014316558837890625,1858,0.0,41.77880859375
dropout_rate,0.75,8,2,64,0.75,0.001,32,20,0.0,98,98,0.5111111111111111,0.0,0.5988142292490118,12.66564326200023,0.003063345000555273,0.06807433334567273,0.014316558837890625,1858,0.0,41.77880859375
dropout_rate,0.75,8,2,64,0.75,0.001,32,20,0.0,99,99,0.46511627906976744,0.6101694915254238,0.4155844155844156,12.796290407000015,0.0030609690002165735,0.07118532558643194,0.014316558837890625,1858,0.0,41.77880859375
dropout_rate,0.75,8,2,64,0.75,0.001,32,20,0.0,100,100,0.4722222222222222,0.6415094339622641,0.558641975308642,12.70498087499982,0.002913323000029777,0.08092563888971603,0.014316558837890625,1858,0.0,41.77880859375
dropout_rate,0.75,8,2,64,0.75,0.001,32,20,0.0,101,101,0.4888888888888889,0.0,0.5138339920948617,13.52506091000032,0.004123407000406587,0.09163126667570194,0.014316558837890625,1858,0.0,41.77880859375
dropout_rate,0.75,8,2,64,0.75,0.001,32,20,0.0,102,102,0.5111111111111111,0.65625,0.717391304347826,13.821545849000358,0.0024033359995883075,0.053407466657517944,0.014316558837890625,1858,0.0,41.77880859375
dropout_rate,0.75,8,2,64,0.75,0.001,32,20,0.0,103,103,0.627906976744186,0.38461538461538464,0.7510822510822511,12.895162127999356,0.0031218029998854036,0.07260006976477683,0.014316558837890625,1858,0.0,41.77880859375
dropout_rate,0.75,8,2,64,0.75,0.001,32,20,0.0,104,104,0.5116279069767442,0.0,0.4978354978354978,12.820870431000003,0.004166292000263638,0.0968905116340381,0.014316558837890625,1858,0.0,41.77880859375
dropout_rate,0.75,8,2,64,0.75,0.001,32,20,0.0,105,105,0.5333333333333333,0.16,0.6660079051383399,12.630104589999974,0.0032800649996715947,0.07289033332603544,0.014316558837890625,1858,0.0,41.77880859375
dropout_rate,0.75,8,2,64,0.75,0.001,32,20,0.0,106,106,0.5555555555555556,0.09090909090909091,0.5515873015873016,12.728473576000397,0.004327207999267557,0.09616017776150126,0.014316558837890625,1858,0.0,41.77880859375
dropout_rate,0.75,8,2,64,0.75,0.001,32,20,0.0,107,107,0.5555555555555556,0.09090909090909091,0.6349206349206349,12.785006995000003,0.003540575999977591,0.0786794666661687,0.014316558837890625,1858,0.0,41.77880859375
dropout_rate,0.75,8,2,64,0.75,0.001,32,20,0.0,108,108,0.6,0.71875,0.8280632411067194,13.097602687999824,0.004090860000360408,0.09090800000800905,0.014316558837890625,1858,0.0,41.77880859375
