trial_number,f1,depth_multiplier,f2,kernel_length,dropout_rate,learning_rate,batch_size,epochs,weight_decay,validation_fraction,early_stopping_patience,lr_scheduler_patience,lr_scheduler_factor,use_class_weight,seed,fold,subject,accuracy,f1_score,roc_auc,support,train_time_sec,inference_time_sec,inference_ms_per_sample,model_size_mb,num_parameters,train_memory_delta_mb,peak_gpu_memory_mb,final_train_loss,best_train_loss,best_val_loss,best_epoch,stopped_epoch
11,8,6,48,32,0.5,0.0007030098539133861,64,75,0.0,0.2,5,3,0.7,False,42,1,1,0.7111111111111111,0.6666666666666667,0.774703557312253,45,9.059316541010048,0.0015174869913607836,0.033721933141350746,0.02210235595703125,5794,0.02734375,60.765625,0.5914720933316118,0.6029259926181728,0.6038327018419901,18,23
11,8,6,48,32,0.5,0.0007030098539133861,64,75,0.0,0.2,5,3,0.7,False,42,2,2,0.7777777777777778,0.7222222222222223,0.9268774703557313,45,16.5067839549738,0.0021406009909696877,0.0475689109104375,0.02210235595703125,5794,0.0,60.765625,0.5756445011850131,0.5781322172132589,0.5961710135142009,35,40
11,8,6,48,32,0.5,0.0007030098539133861,64,75,0.0,0.2,5,3,0.7,False,42,3,3,0.37777777777777777,0.41666666666666663,0.2984189723320158,45,13.392862621985842,0.0013966640108264983,0.03103697801836663,0.02210235595703125,5794,0.0,60.765625,0.5835327354528136,0.5757673069582148,0.5989934146404267,30,35
11,8,6,48,32,0.5,0.0007030098539133861,64,75,0.0,0.2,5,3,0.7,False,42,4,4,0.5111111111111111,0.65625,0.7608695652173912,45,18.57665238302434,0.0014515589573420584,0.032256865718712405,0.02210235595703125,5794,0.0,60.765625,0.5612805137189768,0.5639528899879779,0.5947827219963073,38,43
11,8,6,48,32,0.5,0.0007030098539133861,64,75,0.0,0.2,5,3,0.7,False,42,5,5,0.4888888888888889,0.6461538461538462,0.4821428571428572,45,6.845144585007802,0.0022197309881448746,0.04932735529210833,0.02210235595703125,5794,0.0,60.765625,0.6035842410588669,0.6194284780550812,0.6153743028640747,10,15
11,8,6,48,32,0.5,0.0007030098539133861,64,75,0.0,0.2,5,3,0.7,False,42,6,6,0.5333333333333333,0.08695652173913042,0.5317460317460317,45,19.114962539984845,0.0014413620228879154,0.03203026717528701,0.02210235595703125,5794,0.0,60.765625,0.5707208009089454,0.5745864555997363,0.5884546637535095,40,45
11,8,6,48,32,0.5,0.0007030098539133861,64,75,0.0,0.2,5,3,0.7,False,42,7,7,0.9111111111111111,0.9166666666666666,0.9881422924901186,45,13.974680938001256,0.0013285009772516787,0.029522243938926194,0.02210235595703125,5794,0.0,60.765625,0.5898088176371687,0.5930223656912982,0.5969802021980286,25,30
11,8,6,48,32,0.5,0.0007030098539133861,64,75,0.0,0.2,5,3,0.7,False,42,8,8,0.7111111111111111,0.711111111111111,0.7588932806324111,45,8.095037983031943,0.0020485539571382105,0.04552342126973801,0.02210235595703125,5794,0.0,60.765625,0.5932914412627786,0.6052915484218274,0.6060101946194967,15,20
11,8,6,48,32,0.5,0.0007030098539133861,64,75,0.0,0.2,5,3,0.7,False,42,9,9,0.5333333333333333,0.3225806451612903,0.5753968253968254,45,13.501866781967692,0.0019891909905709326,0.04420424423490961,0.02210235595703125,5794,0.0,60.765625,0.5672941743317297,0.5820770789000947,0.5920154134432475,28,33
11,8,6,48,32,0.5,0.0007030098539133861,64,75,0.0,0.2,5,3,0.7,False,42,10,10,0.5555555555555556,0.5652173913043478,0.6825396825396826,45,14.040200485964306,0.0014857819769531488,0.03301737726562553,0.02210235595703125,5794,0.0546875,60.765625,0.5771055969141298,0.5773046617790804,0.5998258193333944,30,35
11,8,6,48,32,0.5,0.0007030098539133861,64,75,0.0,0.2,5,3,0.7,False,42,11,11,0.6,0.5909090909090909,0.5928853754940712,45,9.911307838046923,0.0021448649931699038,0.047663666514886745,0.02210235595703125,5794,0.0,60.765625,0.5869741146847353,0.6002042424880852,0.5981668710708619,20,25
11,8,6,48,32,0.5,0.0007030098539133861,64,75,0.0,0.2,5,3,0.7,False,42,12,12,0.7777777777777778,0.75,0.8452380952380952,45,9.054914365988225,0.0012548210215754807,0.02788491159056624,0.02210235595703125,5794,0.0,60.765625,0.594922376891314,0.6036682972463511,0.6041210214296977,15,20
11,8,6,48,32,0.5,0.0007030098539133861,64,75,0.0,0.2,5,3,0.7,False,42,13,13,0.6857142857142857,0.717948717948718,0.7745098039215687,35,17.285874795983545,0.0015775520005263388,0.04507291430075254,0.02210235595703125,5794,0.0,60.765625,0.5769749516147679,0.5799535048210015,0.5989653666814169,32,37
11,8,6,48,32,0.5,0.0007030098539133861,64,75,0.0,0.2,5,3,0.7,False,42,14,14,0.6666666666666666,0.7272727272727273,0.7015810276679841,45,11.1622697810526,0.002327219001017511,0.051715977800389126,0.02210235595703125,5794,0.0,60.765625,0.5860534062830068,0.5864369404517998,0.6060411254564921,21,26
11,8,6,48,32,0.5,0.0007030098539133861,64,75,0.0,0.2,5,3,0.7,False,42,15,15,0.6666666666666666,0.7457627118644068,0.9940711462450593,45,13.49396438500844,0.0021633729920722544,0.04807495537938344,0.02210235595703125,5794,0.0,60.765625,0.585801362991333,0.5927489046323098,0.5993513703346253,26,31
11,8,6,48,32,0.5,0.0007030098539133861,64,75,0.0,0.2,5,3,0.7,False,42,16,16,0.7333333333333333,0.7777777777777777,0.7549407114624506,45,11.392204075993504,0.00153718504589051,0.034159667686455786,0.02210235595703125,5794,0.0,60.765625,0.5780806637416451,0.5874325931072235,0.603423277537028,24,29
11,8,6,48,32,0.5,0.0007030098539133861,64,75,0.0,0.2,5,3,0.7,False,42,17,17,0.5,0.16000000000000003,0.5931818181818181,42,12.097527618985623,0.00220017897663638,0.05238521372943762,0.02210235595703125,5794,0.0,60.765625,0.575915137589988,0.5806860246900785,0.626272706190745,27,32
11,8,6,48,32,0.5,0.0007030098539133861,64,75,0.0,0.2,5,3,0.7,False,42,18,18,0.4444444444444444,0.4186046511627907,0.40711462450592883,45,11.74411206698278,0.0012587320525199175,0.0279718233893315,0.02210235595703125,5794,0.0,60.765625,0.5855909141443544,0.6022532708564047,0.5993768731753032,23,28
11,8,6,48,32,0.5,0.0007030098539133861,64,75,0.0,0.2,5,3,0.7,False,42,19,19,0.7111111111111111,0.7636363636363637,0.808300395256917,45,11.129420485987794,0.0013756449916400015,0.030569888703111146,0.02210235595703125,5794,0.0,60.765625,0.5868140469163151,0.5993892459546105,0.5984954913457234,20,25
11,8,6,48,32,0.5,0.0007030098539133861,64,75,0.0,0.2,5,3,0.7,False,42,20,20,0.5333333333333333,0.6557377049180326,0.4268774703557312,45,11.962061648955569,0.0013936639879830182,0.03097031084406707,0.02210235595703125,5794,0.0,60.765625,0.5748457403506263,0.5961460551973117,0.6043030063311259,22,27
11,8,6,48,32,0.5,0.0007030098539133861,64,75,0.0,0.2,5,3,0.7,False,42,21,21,0.5555555555555556,0.6774193548387097,0.8452380952380952,45,9.728353596990928,0.002179158036597073,0.048425734146601625,0.02210235595703125,5794,0.0,60.765625,0.5893962524705014,0.595239711514974,0.6009842177232106,19,24
11,8,6,48,32,0.5,0.0007030098539133861,64,75,0.0,0.2,5,3,0.7,False,42,22,22,0.6666666666666666,0.6666666666666666,0.6620553359683794,45,9.99786021001637,0.0015239159693010151,0.033864799317800336,0.02210235595703125,5794,0.0,60.765625,0.5779866904525434,0.5860769041513992,0.5996648947397868,21,26
11,8,6,48,32,0.5,0.0007030098539133861,64,75,0.0,0.2,5,3,0.7,False,42,23,23,0.6136363636363636,0.7017543859649122,0.8099173553719008,44,7.162818492972292,0.002135229005943984,0.04852793195327236,0.02210235595703125,5794,0.0,60.765625,0.5965488563149662,0.6142119007595515,0.6223208983739217,14,19
11,8,6,48,32,0.5,0.0007030098539133861,64,75,0.0,0.2,5,3,0.7,False,42,24,24,0.6666666666666666,0.7272727272727273,0.7012987012987013,18,6.684074396034703,0.0020466719870455563,0.11370399928030868,0.02210235595703125,5794,0.0,60.765625,0.5923244735952151,0.6091678172855054,0.6183668335278829,12,17
11,8,6,48,32,0.5,0.0007030098539133861,64,75,0.0,0.2,5,3,0.7,False,42,25,25,0.7333333333333333,0.7272727272727272,0.849802371541502,45,10.793051942018792,0.002215965010691434,0.049243666904254094,0.02210235595703125,5794,0.0,60.765625,0.5923710687685821,0.6097960259954808,0.6046958565711975,19,24
11,8,6,48,32,0.5,0.0007030098539133861,64,75,0.0,0.2,5,3,0.7,False,42,26,26,0.7555555555555555,0.7441860465116279,0.8869047619047619,45,12.431268084037583,0.0022172920289449394,0.049273156198776424,0.02210235595703125,5794,0.0,60.765625,0.5754377357030319,0.5810304516452854,0.5984400848547617,28,33
11,8,6,48,32,0.5,0.0007030098539133861,64,75,0.0,0.2,5,3,0.7,False,42,27,27,0.4888888888888889,0.5964912280701754,0.6996047430830039,45,8.717356936016586,0.0013879379839636385,0.030843066310303077,0.02210235595703125,5794,0.0,60.765625,0.5921175939551855,0.6080621571864112,0.6026955048243204,18,23
11,8,6,48,32,0.5,0.0007030098539133861,64,75,0.0,0.2,5,3,0.7,False,42,28,28,0.5777777777777777,0.5365853658536586,0.5632411067193676,45,8.269806071009953,0.0014301920309662819,0.031782045132584036,0.02210235595703125,5794,0.0,60.765625,0.5874090012857469,0.5960892398478621,0.5969104131062826,17,22
11,8,6,48,32,0.5,0.0007030098539133861,64,75,0.0,0.2,5,3,0.7,False,42,29,29,0.8888888888888888,0.8979591836734693,0.9822134387351779,45,13.225577044009697,0.0013775319675914943,0.03061182150203321,0.02210235595703125,5794,0.0,60.765625,0.5806230710724652,0.5841398905899565,0.6054374416669209,30,35
11,8,6,48,32,0.5,0.0007030098539133861,64,75,0.0,0.2,5,3,0.7,False,42,30,30,0.6,0.5,0.75,45,11.478032935992815,0.0014176900149323046,0.03150422255405121,0.02210235595703125,5794,0.0,60.765625,0.5800812380798792,0.5913376196966333,0.5894062379995982,25,30
11,8,6,48,32,0.5,0.0007030098539133861,64,75,0.0,0.2,5,3,0.7,False,42,31,31,0.8222222222222222,0.8181818181818182,0.8814229249011858,45,11.777355190948583,0.0013928969856351614,0.03095326634744803,0.02210235595703125,5794,0.0,60.765625,0.5928952552504458,0.5948466921256761,0.6070090055465698,22,27
11,8,6,48,32,0.5,0.0007030098539133861,64,75,0.0,0.2,5,3,0.7,False,42,32,32,0.8181818181818182,0.84,0.8964803312629399,44,9.206556525023188,0.0022660410031676292,0.05150093189017339,0.02210235595703125,5794,0.0,60.765625,0.5917451826192565,0.6073712110519409,0.5864276965459188,19,24
11,8,6,48,32,0.5,0.0007030098539133861,64,75,0.0,0.2,5,3,0.7,False,42,33,33,0.7111111111111111,0.6486486486486486,0.8675889328063242,45,14.20019886502996,0.0013448470272123814,0.029885489493608475,0.02210235595703125,5794,0.0,60.765625,0.583788438873776,0.5848310862557363,0.5930023233095805,26,31
11,8,6,48,32,0.5,0.0007030098539133861,64,75,0.0,0.2,5,3,0.7,False,42,34,34,0.9111111111111111,0.9166666666666666,0.9623015873015872,45,14.337086301995441,0.0013340919977054,0.029646488837897778,0.02210235595703125,5794,0.0,60.765625,0.5820083880828599,0.592396719981048,0.5945901314417521,31,36
11,8,6,48,32,0.5,0.0007030098539133861,64,75,0.0,0.2,5,3,0.7,False,42,35,35,0.8222222222222222,0.7894736842105263,0.8853754940711462,45,10.448004044010304,0.002219529007561505,0.04932286683470011,0.02210235595703125,5794,0.0,60.765625,0.5860617918483282,0.5905091009907804,0.5956823746363322,21,26
11,8,6,48,32,0.5,0.0007030098539133861,64,75,0.0,0.2,5,3,0.7,False,42,36,36,0.5227272727272727,0.6037735849056604,0.5826446280991735,44,11.493513512948994,0.0012710249866358936,0.028886931514452124,0.02210235595703125,5794,0.0,60.765625,0.5803973215111231,0.5854307392896232,0.5930452466011047,25,30
11,8,6,48,32,0.5,0.0007030098539133861,64,75,0.0,0.2,5,3,0.7,False,42,37,37,0.5111111111111111,0.0,0.5039525691699605,45,10.88431648799451,0.003479939012322575,0.07733197805161277,0.02210235595703125,5794,0.0,60.765625,0.5920047426627855,0.606069406210366,0.5912964701652527,19,24
11,8,6,48,32,0.5,0.0007030098539133861,64,75,0.0,0.2,5,3,0.7,False,42,38,38,0.6222222222222222,0.4848484848484849,0.6225296442687748,45,15.143916591012385,0.0014255130081437528,0.03167806684763895,0.02210235595703125,5794,0.0,60.765625,0.5725365922612659,0.5822741808527607,0.5904732942581177,31,36
11,8,6,48,32,0.5,0.0007030098539133861,64,75,0.0,0.2,5,3,0.7,False,42,39,39,0.5454545454545454,0.5454545454545454,0.6563146997929608,44,9.821409058989957,0.0016161769744940102,0.03673129487486387,0.02210235595703125,5794,0.0,60.765625,0.5966653424804493,0.5907764838913739,0.5935160239537557,21,26
11,8,6,48,32,0.5,0.0007030098539133861,64,75,0.0,0.2,5,3,0.7,False,42,40,40,0.5111111111111111,0.45,0.5575396825396826,45,10.491341518994886,0.0014631570084020495,0.03251460018671221,0.02210235595703125,5794,0.0,60.765625,0.5898995071144427,0.5928200048915411,0.597859122355779,23,28
11,8,6,48,32,0.5,0.0007030098539133861,64,75,0.0,0.2,5,3,0.7,False,42,41,41,0.6222222222222222,0.4848484848484849,0.6349206349206349,45,16.487838554021437,0.0014212529640644789,0.03158339920143286,0.02210235595703125,5794,0.0,60.765625,0.5589378072043597,0.5699768248250929,0.605052399635315,38,43
11,8,6,48,32,0.5,0.0007030098539133861,64,75,0.0,0.2,5,3,0.7,False,42,42,42,0.8444444444444444,0.8205128205128205,0.9426877470355731,45,9.014614059007727,0.002141308970749378,0.04758464379443063,0.02210235595703125,5794,0.0,60.765625,0.5911286220712176,0.6010717749595642,0.6008952220280965,19,24
11,8,6,48,32,0.5,0.0007030098539133861,64,75,0.0,0.2,5,3,0.7,False,42,43,43,0.8888888888888888,0.8837209302325582,0.9545454545454546,45,9.789065554970875,0.001338910951744765,0.029753576705439225,0.02210235595703125,5794,0.0,60.765625,0.5870648920536041,0.5956017718476764,0.6024157603581747,20,25
11,8,6,48,32,0.5,0.0007030098539133861,64,75,0.0,0.2,5,3,0.7,False,42,44,44,0.896551724137931,0.896551724137931,0.9142857142857143,29,8.604418364993762,0.0014021869865246117,0.0483512753974004,0.02210235595703125,5794,0.0,60.765625,0.5970181019629462,0.6073006174321902,0.6097351988156636,15,20
11,8,6,48,32,0.5,0.0007030098539133861,64,75,0.0,0.2,5,3,0.7,False,42,45,45,0.7111111111111111,0.6060606060606061,0.8695652173913044,45,12.392289904993959,0.0022126149851828814,0.04916922189295292,0.02210235595703125,5794,0.0,60.765625,0.5906027681746725,0.6047553490784209,0.5942281723022461,23,28
11,8,6,48,32,0.5,0.0007030098539133861,64,75,0.0,0.2,5,3,0.7,False,42,46,46,0.7777777777777778,0.7368421052631579,0.8241106719367589,45,8.52779856196139,0.0014340339694172144,0.03186742154260476,0.02210235595703125,5794,0.0,60.765625,0.6015104328171682,0.6111588144706468,0.5949222524960835,15,20
11,8,6,48,32,0.5,0.0007030098539133861,64,75,0.0,0.2,5,3,0.7,False,42,47,47,0.4888888888888889,0.6101694915254237,0.5992063492063492,45,14.158790349960327,0.0018836669623851776,0.04185926583078172,0.02210235595703125,5794,0.0,60.765625,0.5685417813769842,0.5796262460239863,0.5960913360118866,26,31
11,8,6,48,32,0.5,0.0007030098539133861,64,75,0.0,0.2,5,3,0.7,False,42,48,48,0.8235294117647058,0.8421052631578948,0.9285714285714286,17,8.68836711999029,0.0022791040246374905,0.13406494262573473,0.02210235595703125,5794,0.0,60.765625,0.5940521612005719,0.6000340838553542,0.6091562151908875,18,23
11,8,6,48,32,0.5,0.0007030098539133861,64,75,0.0,0.2,5,3,0.7,False,42,49,49,0.6666666666666666,0.7457627118644068,0.9703557312252964,45,11.795949824969284,0.0017819799832068384,0.03959955518237419,0.02210235595703125,5794,0.0,60.765625,0.5803183610156432,0.5959140203766904,0.5946462710698446,24,29
11,8,6,48,32,0.5,0.0007030098539133861,64,75,0.0,0.2,5,3,0.7,False,42,50,50,0.5333333333333333,0.16,0.5652173913043478,45,11.393207640969194,0.0014880209928378463,0.03306713317417436,0.02210235595703125,5794,0.0,60.765625,0.5866527789730137,0.5945551112546759,0.5911757210890453,24,29
11,8,6,48,32,0.5,0.0007030098539133861,64,75,0.0,0.2,5,3,0.7,False,42,51,51,0.5777777777777777,0.17391304347826084,0.6666666666666666,45,12.864569740951993,0.0021690360154025257,0.048200800342278353,0.02210235595703125,5794,0.0,60.765625,0.5759759242251768,0.5862920759087902,0.5984344045321147,25,30
11,8,6,48,32,0.5,0.0007030098539133861,64,75,0.0,0.2,5,3,0.7,False,42,52,52,0.8292682926829268,0.7741935483870968,0.9162679425837321,41,11.715158210019581,0.004260478017386049,0.10391409798502559,0.02210235595703125,5794,0.0,60.765625,0.5849115186828678,0.6006252472683534,0.6096649368604025,20,25
11,8,6,48,32,0.5,0.0007030098539133861,64,75,0.0,0.2,5,3,0.7,False,42,53,53,0.5348837209302325,0.47368421052631576,0.5822510822510824,43,8.974311561963987,0.0012426020111888647,0.02889772119043871,0.02210235595703125,5794,0.0,60.765625,0.5956134088968826,0.6027174218226288,0.6014446218808492,18,23
11,8,6,48,32,0.5,0.0007030098539133861,64,75,0.0,0.2,5,3,0.7,False,42,54,54,0.717948717948718,0.6666666666666667,0.8396739130434783,39,12.234988790005445,0.0015381670091301203,0.039440179721285135,0.02210235595703125,5794,0.0,60.765625,0.5906607584427979,0.5902086849940025,0.618475882212321,24,29
11,8,6,48,32,0.5,0.0007030098539133861,64,75,0.0,0.2,5,3,0.7,False,42,55,55,0.8222222222222222,0.846153846153846,0.9604743083003953,45,8.921759968972765,0.0023295989958569407,0.051768866574598685,0.02210235595703125,5794,0.0,60.765625,0.5852362811565399,0.6005277502334724,0.6027041077613831,19,24
11,8,6,48,32,0.5,0.0007030098539133861,64,75,0.0,0.2,5,3,0.7,False,42,56,56,0.8636363636363636,0.8695652173913043,0.9049586776859504,44,10.240336135029793,0.0019134200410917401,0.043486819115721366,0.02210235595703125,5794,0.0,60.765625,0.5820715306168895,0.6017688361264891,0.6090142766634623,24,29
11,8,6,48,32,0.5,0.0007030098539133861,64,75,0.0,0.2,5,3,0.7,False,42,57,57,0.5333333333333333,0.5333333333333333,0.6488095238095238,45,7.0021471150103025,0.001923686999361962,0.04274859998582138,0.02210235595703125,5794,0.0,60.765625,0.6015665728156849,0.6106083534531674,0.6043036381403605,14,19
11,8,6,48,32,0.5,0.0007030098539133861,64,75,0.0,0.2,5,3,0.7,False,42,58,58,0.6666666666666666,0.6153846153846153,0.7400793650793651,45,8.84025681996718,0.0019346520421095192,0.04299226760243376,0.02210235595703125,5794,0.0,60.765625,0.5877934926647251,0.6005407440460334,0.6050928036371866,20,25
11,8,6,48,32,0.5,0.0007030098539133861,64,75,0.0,0.2,5,3,0.7,False,42,59,59,0.6,0.4,0.5357142857142857,45,8.499210729030892,0.0013114649918861687,0.029143666486359306,0.02210235595703125,5794,0.0,60.765625,0.5759876011791876,0.6017098164154311,0.6058394948641459,19,24
11,8,6,48,32,0.5,0.0007030098539133861,64,75,0.0,0.2,5,3,0.7,False,42,60,60,0.8181818181818182,0.8333333333333333,0.9214876033057852,44,6.670116980036255,0.0014704920467920601,0.033420273790728636,0.02210235595703125,5794,0.0,60.765625,0.6026700947244289,0.6168092054835821,0.6099175333976745,14,19
11,8,6,48,32,0.5,0.0007030098539133861,64,75,0.0,0.2,5,3,0.7,False,42,61,61,0.7209302325581395,0.76,0.854978354978355,43,7.876988123985939,0.002865835966076702,0.0666473480482954,0.02210235595703125,5794,0.0,60.765625,0.5948931327310659,0.6090263320227801,0.6004573861757915,17,22
11,8,6,48,32,0.5,0.0007030098539133861,64,75,0.0,0.2,5,3,0.7,False,42,62,62,0.8666666666666667,0.8421052631578948,0.9841897233201582,45,12.545885648985859,0.0012345699942670763,0.027434888761490583,0.02210235595703125,5794,0.0,60.765625,0.5789212246062392,0.57716556979438,0.6094749808311463,31,36
11,8,6,48,32,0.5,0.0007030098539133861,64,75,0.0,0.2,5,3,0.7,False,42,63,63,0.4883720930232558,0.15384615384615385,0.43939393939393945,43,9.906939013977535,0.0018766840221360326,0.04364381446827983,0.02210235595703125,5794,0.0,60.765625,0.5873841936305418,0.5933838224006911,0.6001091519991557,21,26
11,8,6,48,32,0.5,0.0007030098539133861,64,75,0.0,0.2,5,3,0.7,False,42,64,64,0.6222222222222222,0.41379310344827586,0.7944664031620553,45,11.110797741042916,0.0028764510061591864,0.06392113347020414,0.02210235595703125,5794,0.0,60.765625,0.5808561161413031,0.5850006862212036,0.6034060517946879,24,29
11,8,6,48,32,0.5,0.0007030098539133861,64,75,0.0,0.2,5,3,0.7,False,42,65,65,0.7777777777777778,0.7727272727272727,0.8988095238095237,45,7.893476705008652,0.0012520310119725764,0.027822911377168365,0.02210235595703125,5794,0.0,60.765625,0.5948204160746882,0.6002598516011642,0.6111347317695618,16,21
11,8,6,48,32,0.5,0.0007030098539133861,64,75,0.0,0.2,5,3,0.7,False,42,66,66,0.5777777777777777,0.6122448979591837,0.6422924901185771,45,7.701701491023414,0.0012377839884720743,0.027506310854934983,0.02210235595703125,5794,0.0,60.765625,0.5934675750085863,0.6000222897125502,0.6017374157905578,17,22
11,8,6,48,32,0.5,0.0007030098539133861,64,75,0.0,0.2,5,3,0.7,False,42,67,67,0.6,0.4,0.658102766798419,45,13.124370057019405,0.0019265500013716519,0.04281222225270337,0.02210235595703125,5794,0.0,60.765625,0.5754938277147584,0.5806927958787498,0.5977665940920512,32,37
11,8,6,48,32,0.5,0.0007030098539133861,64,75,0.0,0.2,5,3,0.7,False,42,68,68,0.6,0.5263157894736841,0.691699604743083,45,13.123361716978252,0.0020424160175025463,0.0453870226111677,0.02210235595703125,5794,0.0,60.765625,0.5697754404302371,0.5824404323505143,0.5997835834821065,32,37
11,8,6,48,32,0.5,0.0007030098539133861,64,75,0.0,0.2,5,3,0.7,False,42,69,69,0.5555555555555556,0.6000000000000001,0.5833333333333334,45,5.68746592401294,0.0012673260062001646,0.028162800137781437,0.02210235595703125,5794,0.0,60.765625,0.604351263935283,0.6207272167933189,0.616065529982249,11,16
11,8,6,48,32,0.5,0.0007030098539133861,64,75,0.0,0.2,5,3,0.7,False,42,70,70,0.7333333333333333,0.7142857142857143,0.8221343873517787,45,8.08055507199606,0.0013050400302745402,0.02900088956165645,0.02210235595703125,5794,0.0,60.765625,0.5918568766723245,0.6033203359377586,0.6116385618845622,18,23
11,8,6,48,32,0.5,0.0007030098539133861,64,75,0.0,0.2,5,3,0.7,False,42,71,71,0.9333333333333333,0.9302325581395349,0.984189723320158,45,5.29358845599927,0.0012402980355545878,0.02756217856787973,0.02210235595703125,5794,0.0,60.765625,0.6117272973060608,0.6305185313952171,0.6193038860956828,10,15
11,8,6,48,32,0.5,0.0007030098539133861,64,75,0.0,0.2,5,3,0.7,False,42,72,72,0.9111111111111111,0.9130434782608695,0.942687747035573,45,7.596949017024599,0.0012993129785172641,0.028873621744828094,0.02210235595703125,5794,0.0,60.765625,0.5958089555724192,0.6048590156991603,0.6067427158355713,15,20
11,8,6,48,32,0.5,0.0007030098539133861,64,75,0.0,0.2,5,3,0.7,False,42,73,73,0.6,0.5714285714285713,0.6778656126482213,45,7.769279616011772,0.0018642530194483697,0.04142784487663044,0.02210235595703125,5794,0.0,60.765625,0.5924813883789515,0.6099493402545735,0.6073097507158915,16,21
11,8,6,48,32,0.5,0.0007030098539133861,64,75,0.0,0.2,5,3,0.7,False,42,74,74,0.7111111111111111,0.6976744186046512,0.6428571428571428,45,8.883774533984251,0.0018727039569057524,0.041615643486794494,0.02210235595703125,5794,0.0,60.765625,0.5896539364830923,0.5926198772454666,0.6029384136199951,19,24
11,8,6,48,32,0.5,0.0007030098539133861,64,75,0.0,0.2,5,3,0.7,False,42,75,75,0.8536585365853658,0.8571428571428572,0.9142857142857143,41,9.403624243976083,0.0018698410131037235,0.0456058783683835,0.02210235595703125,5794,0.0,60.765625,0.5798693481138197,0.5938509263224521,0.6045096556345622,22,27
11,8,6,48,32,0.5,0.0007030098539133861,64,75,0.0,0.2,5,3,0.7,False,42,76,76,0.6222222222222222,0.41379310344827586,0.5928853754940712,45,10.510944288980681,0.001845815044362098,0.04101811209693551,0.02210235595703125,5794,0.0,60.765625,0.5839409717058731,0.5971041028782472,0.605092187722524,24,29
11,8,6,48,32,0.5,0.0007030098539133861,64,75,0.0,0.2,5,3,0.7,False,42,77,77,0.6,0.7000000000000001,0.6865079365079365,45,6.582802215998527,0.00196440500440076,0.04365344454223911,0.02210235595703125,5794,0.0,60.765625,0.6019693926229315,0.6094891489562342,0.6136441032091776,12,17
11,8,6,48,32,0.5,0.0007030098539133861,64,75,0.0,0.2,5,3,0.7,False,42,78,78,0.5555555555555556,0.6,0.5691699604743083,45,7.418970516009722,0.0014057500520721078,0.031238890046046842,0.02210235595703125,5794,0.0,60.765625,0.5886957408007929,0.608507971642381,0.6076788306236267,16,21
11,8,6,48,32,0.5,0.0007030098539133861,64,75,0.0,0.2,5,3,0.7,False,42,79,79,0.575,0.5853658536585366,0.6375,40,10.55861912999535,0.0018795490032061934,0.046988725080154836,0.02210235595703125,5794,0.0,60.765625,0.576297272059877,0.5874969393520032,0.6063211361567179,25,30
11,8,6,48,32,0.5,0.0007030098539133861,64,75,0.0,0.2,5,3,0.7,False,42,80,80,0.6,0.5000000000000001,0.6640316205533596,45,13.044729038025253,0.00288273801561445,0.06406084479143222,0.02210235595703125,5794,0.0,60.765625,0.5771275238465454,0.5785152801012589,0.602663254737854,31,36
11,8,6,48,32,0.5,0.0007030098539133861,64,75,0.0,0.2,5,3,0.7,False,42,81,81,0.4888888888888889,0.0,0.9051383399209485,45,8.776588873006403,0.001285066013224423,0.028557022516098287,0.02210235595703125,5794,0.0,60.765625,0.587910677921974,0.5997406582711107,0.604351278146108,20,25
11,8,6,48,32,0.5,0.0007030098539133861,64,75,0.0,0.2,5,3,0.7,False,42,82,82,0.5777777777777777,0.6885245901639344,0.8517786561264823,45,8.322887532995082,0.001989896991290152,0.044219933139781155,0.02210235595703125,5794,0.0,60.765625,0.58979044122211,0.5975439134290663,0.6024498621622721,17,22
11,8,6,48,32,0.5,0.0007030098539133861,64,75,0.0,0.2,5,3,0.7,False,42,83,83,0.7105263157894737,0.5925925925925926,0.8670360110803323,38,6.719930155028123,0.0013525310205295682,0.035592921592883374,0.02210235595703125,5794,0.0,60.765625,0.5946770472041631,0.6096117870282318,0.614137065410614,14,19
11,8,6,48,32,0.5,0.0007030098539133861,64,75,0.0,0.2,5,3,0.7,False,42,84,84,0.6590909090909091,0.6511627906976744,0.7639751552795031,44,12.320452736981679,0.0019613319891504943,0.044575727026147594,0.02210235595703125,5794,0.0546875,60.765625,0.5737627269858021,0.5775754471956673,0.5977377971013387,30,35
11,8,6,48,32,0.5,0.0007030098539133861,64,75,0.0,0.2,5,3,0.7,False,42,85,85,0.9318181818181818,0.923076923076923,0.9730848861283643,44,8.087229503958952,0.0020209060166962445,0.045929682197641916,0.02210235595703125,5794,0.0,60.765625,0.5964165956287061,0.6105270527176938,0.6097461422284444,18,23
11,8,6,48,32,0.5,0.0007030098539133861,64,75,0.0,0.2,5,3,0.7,False,42,86,86,0.7727272727272727,0.7727272727272727,0.8488612836438924,44,9.897014600981493,0.002039065002463758,0.046342386419630864,0.02210235595703125,5794,0.0546875,60.765625,0.5808100331637819,0.5872576812566337,0.5975400328636169,23,28
11,8,6,48,32,0.5,0.0007030098539133861,64,75,0.0,0.2,5,3,0.7,False,42,87,87,0.5555555555555556,0.6428571428571429,0.5355731225296443,45,9.163827521027997,0.0017164010205306113,0.03814224490068025,0.02210235595703125,5794,0.0,60.765625,0.600241216562562,0.60344543598466,0.590611990292867,19,24
11,8,6,48,32,0.5,0.0007030098539133861,64,75,0.0,0.2,5,3,0.7,False,42,88,88,0.6545454545454545,0.5777777777777777,0.7447089947089948,55,6.763487716030795,0.0016919570043683052,0.03076285462487828,0.02210235595703125,5794,0.0703125,60.765625,0.5954166090084334,0.6164805272878227,0.5875113288561503,14,19
11,8,6,48,32,0.5,0.0007030098539133861,64,75,0.0,0.2,5,3,0.7,False,42,89,89,0.5111111111111111,0.47619047619047616,0.5714285714285714,45,10.424493398983032,0.0019000120228156447,0.042222489395903215,0.02210235595703125,5794,0.0546875,60.765625,0.5759617413504649,0.5748210923146393,0.6036279042561848,25,30
11,8,6,48,32,0.5,0.0007030098539133861,64,75,0.0,0.2,5,3,0.7,False,42,90,90,0.7111111111111111,0.6976744186046512,0.8023715415019762,45,8.761303555977065,0.001282762037590146,0.028505823057558805,0.02210235595703125,5794,0.0,60.765625,0.5857704539420241,0.6009886234493579,0.5990950226783752,19,24
11,8,6,48,32,0.5,0.0007030098539133861,64,75,0.0,0.2,5,3,0.7,False,42,91,91,0.6136363636363636,0.7213114754098361,0.7706611570247934,44,9.839585417008493,0.001412665005773306,0.032106022858484226,0.02210235595703125,5794,0.0,60.765625,0.5919604756064334,0.5940841123209162,0.596092959245046,21,26
11,8,6,48,32,0.5,0.0007030098539133861,64,75,0.0,0.2,5,3,0.7,False,42,92,92,0.5714285714285714,0.5862068965517241,0.7128205128205128,56,10.022755854995921,0.001961052999831736,0.03501880356842386,0.02210235595703125,5794,0.0,60.765625,0.5821418211621753,0.5974487566341788,0.5985360503196716,22,27
11,8,6,48,32,0.5,0.0007030098539133861,64,75,0.0,0.2,5,3,0.7,False,42,93,93,0.8,0.7692307692307693,0.857707509881423,45,5.657408086990472,0.0018986850045621395,0.04219300010138088,0.02210235595703125,5794,0.0,60.765625,0.6075593465465611,0.6237552610494322,0.6112140218416849,10,15
11,8,6,48,32,0.5,0.0007030098539133861,64,75,0.0,0.2,5,3,0.7,False,42,94,94,0.9090909090909091,0.92,0.9917184265010353,44,7.411076115036849,0.002043324988335371,0.046439204280349346,0.02210235595703125,5794,0.0,60.765625,0.5990528464317322,0.6108056498786151,0.6120785713195801,16,21
11,8,6,48,32,0.5,0.0007030098539133861,64,75,0.0,0.2,5,3,0.7,False,42,95,95,0.6428571428571429,0.5833333333333334,0.7083333333333334,28,9.189470422978047,0.001862997014541179,0.06653560766218496,0.02210235595703125,5794,0.0,60.765625,0.5824056575864048,0.5855560610860081,0.5927103877067565,21,26
11,8,6,48,32,0.5,0.0007030098539133861,64,75,0.0,0.2,5,3,0.7,False,42,96,96,0.8095238095238095,0.8333333333333334,0.7732426303854875,42,5.9358678460121155,0.001265370985493064,0.030127880606977714,0.02210235595703125,5794,0.0,60.765625,0.606364177950358,0.6325403573149342,0.6014842232068379,12,17
11,8,6,48,32,0.5,0.0007030098539133861,64,75,0.0,0.2,5,3,0.7,False,42,97,97,0.4772727272727273,0.14814814814814814,0.4855371900826446,44,6.6872072870028205,0.0019555349717848003,0.04444397663147274,0.02210235595703125,5794,0.0,60.765625,0.5913095630831637,0.6130826442928637,0.5951947291692098,14,19
11,8,6,48,32,0.5,0.0007030098539133861,64,75,0.0,0.2,5,3,0.7,False,42,98,98,0.5555555555555556,0.6,0.5770750988142292,45,8.483475373010151,0.0019848690135404468,0.04410820030089882,0.02210235595703125,5794,0.0,60.765625,0.5893868864592859,0.5955277166124118,0.599851644039154,19,24
11,8,6,48,32,0.5,0.0007030098539133861,64,75,0.0,0.2,5,3,0.7,False,42,99,99,0.3953488372093023,0.2777777777777778,0.4458874458874459,43,7.425143831991591,0.0019561639637686312,0.045492185203921655,0.02210235595703125,5794,0.0,60.765625,0.5909999715069593,0.6062985739465487,0.6108362873395284,16,21
11,8,6,48,32,0.5,0.0007030098539133861,64,75,0.0,0.2,5,3,0.7,False,42,100,100,0.5277777777777778,0.5641025641025642,0.5462962962962964,36,4.87082388199633,0.0013266209862194955,0.03685058295054155,0.02210235595703125,5794,0.0,60.765625,0.6095007910566815,0.6207147533610716,0.6105309804280599,9,14
11,8,6,48,32,0.5,0.0007030098539133861,64,75,0.0,0.2,5,3,0.7,False,42,101,101,0.5555555555555556,0.37500000000000006,0.5810276679841897,45,12.745958511019126,0.001857688999734819,0.041281977771884866,0.02210235595703125,5794,0.203125,60.765625,0.574470108343383,0.5795837529635025,0.592121160030365,28,33
11,8,6,48,32,0.5,0.0007030098539133861,64,75,0.0,0.2,5,3,0.7,False,42,102,102,0.6888888888888889,0.65,0.7371541501976284,45,9.050711521995254,0.0019873830024152994,0.044164066720339984,0.02210235595703125,5794,0.0,60.765625,0.5834581427654978,0.5934100125805807,0.5957606434822083,19,24
11,8,6,48,32,0.5,0.0007030098539133861,64,75,0.0,0.2,5,3,0.7,False,42,103,103,0.7209302325581395,0.6470588235294118,0.8138528138528137,43,7.432235305022914,0.0016504019731655717,0.03838144123640864,0.02210235595703125,5794,0.0,60.765625,0.5984128572173038,0.6103903873492096,0.6058517813682556,15,20
11,8,6,48,32,0.5,0.0007030098539133861,64,75,0.0,0.2,5,3,0.7,False,42,104,104,0.5581395348837209,0.6666666666666666,0.6753246753246754,43,13.64963285002159,0.001902945979963988,0.044254557673581114,0.02210235595703125,5794,0.0,60.765625,0.5609886565450894,0.5785432361950309,0.6001154681046804,34,39
11,8,6,48,32,0.5,0.0007030098539133861,64,75,0.0,0.2,5,3,0.7,False,42,105,105,0.6666666666666666,0.4827586206896552,0.7707509881422925,45,12.258219718991313,0.0020576579845510423,0.045725732990023166,0.02210235595703125,5794,0.0,60.765625,0.572606096328315,0.5777090297917188,0.6089918851852417,30,35
11,8,6,48,32,0.5,0.0007030098539133861,64,75,0.0,0.2,5,3,0.7,False,42,106,106,0.6444444444444445,0.68,0.6547619047619048,45,7.06641990999924,0.001890730985905975,0.04201624413124389,0.02210235595703125,5794,0.0,60.765625,0.5944993263584072,0.6115522056312884,0.6022699515024821,14,19
11,8,6,48,32,0.5,0.0007030098539133861,64,75,0.0,0.2,5,3,0.7,False,42,107,107,0.5555555555555556,0.6000000000000001,0.5932539682539683,45,11.803763518983033,0.0018584619974717498,0.04129915549937222,0.02210235595703125,5794,0.015625,60.765625,0.5878891692323199,0.584651879839978,0.6038830796877543,28,33
11,8,6,48,32,0.5,0.0007030098539133861,64,75,0.0,0.2,5,3,0.7,False,42,108,108,0.8888888888888888,0.8936170212765957,0.9288537549407115,45,9.212982302997261,0.0019042770145460963,0.042317266989913255,0.02210235595703125,5794,0.0,60.765625,0.596314572681815,0.6011901917093891,0.6024818658828736,19,24
