parameter_name,parameter_value,temporal_filters,depth_multiplier,kernel_length,dropout_rate,learning_rate,batch_size,epochs,weight_decay,validation_fraction,early_stopping_patience,lr_scheduler_patience,lr_scheduler_factor,use_class_weight,seed,fold,subject,accuracy,f1_score,roc_auc,support,train_time_sec,inference_time_sec,inference_ms_per_sample,model_size_mb,num_parameters,train_memory_delta_mb,peak_gpu_memory_mb,final_train_loss,best_train_loss,best_val_loss,best_epoch,stopped_epoch
depth_multiplier,1,8,1,64,0.5,0.001,32,50,0.0,0.1,10,5,0.5,True,42,1,1,0.8,0.7906976744186046,0.8399209486166007,45,13.08794644428417,0.0013968641869723797,0.031041426377163995,0.00431060791015625,1130,0.0,40.75146484375,0.6075924070495548,0.6168200423320135,0.5734794398148855,39,49
depth_multiplier,1,8,1,64,0.5,0.001,32,50,0.0,0.1,10,5,0.5,True,42,2,2,0.8222222222222222,0.7894736842105263,0.9644268774703557,45,14.440682850778103,0.0014151837676763535,0.03144852817058563,0.00431060791015625,1130,0.0,40.75146484375,0.6222067147944913,0.6222067147944913,0.5793675820032755,50,50
depth_multiplier,1,8,1,64,0.5,0.001,32,50,0.0,0.1,10,5,0.5,True,42,3,3,0.37777777777777777,0.36363636363636365,0.2924901185770751,45,10.376081144902855,0.001398895401507616,0.031086564477947023,0.00431060791015625,1130,0.0,40.75146484375,0.6216131390044184,0.6238690957878575,0.592448212703069,28,38
depth_multiplier,1,8,1,64,0.5,0.001,32,50,0.0,0.1,10,5,0.5,True,42,4,4,0.5777777777777777,0.6984126984126984,0.7707509881422925,45,12.14758760528639,0.001438903622329235,0.03197563605176078,0.00431060791015625,1130,0.0,40.75146484375,0.6149776045120123,0.6230222151586504,0.5801132082939148,38,48
depth_multiplier,1,8,1,64,0.5,0.001,32,50,0.0,0.1,10,5,0.5,True,42,5,5,0.4888888888888889,0.6567164179104478,0.40476190476190477,45,12.889806081075221,0.0014625326730310917,0.03250072606735759,0.00431060791015625,1130,0.0,40.75146484375,0.6096886879566944,0.6094683907700308,0.5885588169097901,48,50
depth_multiplier,1,8,1,64,0.5,0.001,32,50,0.0,0.1,10,5,0.5,True,42,6,6,0.5111111111111111,0.42105263157894735,0.5297619047619048,45,9.273641223087907,0.001473673153668642,0.032748292303747595,0.00431060791015625,1130,0.0,40.75146484375,0.6140602865453922,0.61642814811432,0.6019348462422689,27,37
depth_multiplier,1,8,1,64,0.5,0.001,32,50,0.0,0.1,10,5,0.5,True,42,7,7,0.8888888888888888,0.8936170212765957,0.9841897233201581,45,9.276411733124405,0.001356624998152256,0.030147222181161244,0.00431060791015625,1130,0.0,40.75146484375,0.6141512721325412,0.6242255241130338,0.5865158061186473,26,36
depth_multiplier,1,8,1,64,0.5,0.001,32,50,0.0,0.1,10,5,0.5,True,42,8,8,0.6,0.6538461538461539,0.7509881422924901,45,12.89524606987834,0.0014438931830227375,0.03208651517828305,0.00431060791015625,1130,0.0,40.75146484375,0.6124518967487595,0.6168773093006827,0.5834996501604716,40,50
depth_multiplier,1,8,1,64,0.5,0.001,32,50,0.0,0.1,10,5,0.5,True,42,9,9,0.6,0.625,0.5892857142857143,45,7.310377182904631,0.0013237562961876392,0.02941680658194754,0.00431060791015625,1130,0.0,40.75146484375,0.61183975546649,0.6236941100973071,0.601766844590505,22,32
depth_multiplier,1,8,1,64,0.5,0.001,32,50,0.0,0.1,10,5,0.5,True,42,10,10,0.6666666666666666,0.6666666666666666,0.7420634920634921,45,11.783195535186678,0.001550390850752592,0.03445313001672427,0.00431060791015625,1130,0.0,40.75146484375,0.6203013425975135,0.6139929831931086,0.592503430445989,34,44
depth_multiplier,1,8,1,64,0.5,0.001,32,50,0.0,0.1,10,5,0.5,True,42,11,11,0.5111111111111111,0.6206896551724138,0.6086956521739131,45,12.450321419164538,0.0014209835790097713,0.03157741286688381,0.00431060791015625,1130,0.0,40.75146484375,0.6101885900804491,0.6115415039839167,0.57519651055336,49,50
depth_multiplier,1,8,1,64,0.5,0.001,32,50,0.0,0.1,10,5,0.5,True,42,12,12,0.6444444444444445,0.5,0.8373015873015873,45,5.19460145290941,0.0014781528152525425,0.03284784033894539,0.00431060791015625,1130,0.0,40.75146484375,0.6268590810624036,0.6390106014230035,0.5981792291005452,12,22
depth_multiplier,1,8,1,64,0.5,0.001,32,50,0.0,0.1,10,5,0.5,True,42,13,13,0.7428571428571429,0.7692307692307693,0.869281045751634,35,12.630160877946764,0.0026797009631991386,0.07656288466283254,0.00431060791015625,1130,0.0,40.75146484375,0.6054941090670499,0.6181145870324337,0.6097628434499105,41,50
depth_multiplier,1,8,1,64,0.5,0.001,32,50,0.0,0.1,10,5,0.5,True,42,14,14,0.6666666666666666,0.7457627118644068,0.6897233201581028,45,14.235311420634389,0.0015651709400117397,0.03478157644470533,0.00431060791015625,1130,0.0,40.75146484375,0.6135603934526443,0.6190744071747317,0.5965236445267995,47,50
depth_multiplier,1,8,1,64,0.5,0.001,32,50,0.0,0.1,10,5,0.5,True,42,15,15,0.7777777777777778,0.8148148148148148,0.9683794466403162,45,13.700053626205772,0.0015536118298768997,0.03452470733059777,0.00431060791015625,1130,0.0,40.75146484375,0.6096655525492899,0.6128385945251493,0.5815046846866607,49,50
depth_multiplier,1,8,1,64,0.5,0.001,32,50,0.0,0.1,10,5,0.5,True,42,16,16,0.7333333333333333,0.7142857142857143,0.7905138339920948,45,12.601334296166897,0.0012786961160600185,0.02841546924577819,0.00431060791015625,1130,0.0,40.75146484375,0.6139398822278688,0.6148601754596739,0.591126141945521,46,50
depth_multiplier,1,8,1,64,0.5,0.001,32,50,0.0,0.1,10,5,0.5,True,42,17,17,0.5714285714285714,0.18181818181818182,0.6681818181818182,42,9.593718307092786,0.001286855898797512,0.030639426161845527,0.00431060791015625,1130,0.0,40.75146484375,0.6234486845858169,0.6191019912560781,0.6214906771977743,26,36
depth_multiplier,1,8,1,64,0.5,0.001,32,50,0.0,0.1,10,5,0.5,True,42,18,18,0.4222222222222222,0.38095238095238093,0.43675889328063244,45,7.458107969723642,0.0017188391648232937,0.03819642588496208,0.00431060791015625,1130,0.0,40.75146484375,0.6220302572756102,0.6251193630424413,0.6025179962317149,20,30
depth_multiplier,1,8,1,64,0.5,0.001,32,50,0.0,0.1,10,5,0.5,True,42,19,19,0.6,0.6666666666666666,0.8063241106719368,45,12.284258276224136,0.001502912025898695,0.033398045019971,0.00431060791015625,1130,0.0,40.75146484375,0.6168817855191954,0.6135892301346316,0.5847410082817077,47,50
depth_multiplier,1,8,1,64,0.5,0.001,32,50,0.0,0.1,10,5,0.5,True,42,20,20,0.4444444444444444,0.46808510638297873,0.5375494071146245,45,13.449999107979238,0.0014808331616222858,0.03290740359160635,0.00431060791015625,1130,0.0,40.75146484375,0.6141572739138748,0.6141572739138748,0.5791241228580475,50,50
depth_multiplier,1,8,1,64,0.5,0.001,32,50,0.0,0.1,10,5,0.5,True,42,21,21,0.5333333333333333,0.6440677966101694,0.8472222222222222,45,13.5072181369178,0.0014056041836738586,0.031235648526085746,0.00431060791015625,1130,0.0,40.75146484375,0.6066764344771703,0.6168119424220287,0.5987571080525717,41,50
depth_multiplier,1,8,1,64,0.5,0.001,32,50,0.0,0.1,10,5,0.5,True,42,22,22,0.7111111111111111,0.723404255319149,0.7193675889328063,45,12.894641070626676,0.0012270971201360226,0.027268824891911615,0.00431060791015625,1130,0.0,40.75146484375,0.6104614915269794,0.6105564358559522,0.5986000855763753,38,48
depth_multiplier,1,8,1,64,0.5,0.001,32,50,0.0,0.1,10,5,0.5,True,42,23,23,0.5909090909090909,0.6896551724137931,0.8181818181818181,44,13.60562490997836,0.0012315069325268269,0.027988793921064247,0.00431060791015625,1130,0.0,40.75146484375,0.618096214352232,0.6147339262745597,0.6050958673159281,47,50
depth_multiplier,1,8,1,64,0.5,0.001,32,50,0.0,0.1,10,5,0.5,True,42,24,24,0.5555555555555556,0.6363636363636364,0.5324675324675325,18,9.772826719097793,0.0007549962028861046,0.04194423349367248,0.00431060791015625,1130,0.0,40.75146484375,0.6173427517252758,0.6161209822149205,0.6053965806961059,30,40
depth_multiplier,1,8,1,64,0.5,0.001,32,50,0.0,0.1,10,5,0.5,True,42,25,25,0.8,0.7906976744186046,0.8715415019762845,45,12.094582678284496,0.002849746961146593,0.06332771024770206,0.00431060791015625,1130,0.0,40.75146484375,0.6126314902847464,0.6126314902847464,0.5922926604747772,50,50
depth_multiplier,1,8,1,64,0.5,0.001,32,50,0.0,0.1,10,5,0.5,True,42,26,26,0.6666666666666666,0.7368421052631579,0.9027777777777779,45,10.585883604362607,0.0015186122618615627,0.03374693915247917,0.00431060791015625,1130,0.0,40.75146484375,0.6166177333304377,0.6236862276088108,0.5939667065938313,31,41
depth_multiplier,1,8,1,64,0.5,0.001,32,50,0.0,0.1,10,5,0.5,True,42,27,27,0.5555555555555556,0.6296296296296297,0.6521739130434783,45,8.810949675738811,0.001399025321006775,0.03108945157792833,0.00431060791015625,1130,0.0,40.75146484375,0.6217381577148582,0.6239508814883955,0.5880021691322327,24,34
depth_multiplier,1,8,1,64,0.5,0.001,32,50,0.0,0.1,10,5,0.5,True,42,28,28,0.5333333333333333,0.4878048780487805,0.5059288537549407,45,8.241088626906276,0.0013110563158988953,0.029134584797753226,0.00431060791015625,1130,0.0,40.75146484375,0.6209362763347048,0.6241818564859304,0.598428072532018,25,35
depth_multiplier,1,8,1,64,0.5,0.001,32,50,0.0,0.1,10,5,0.5,True,42,29,29,0.9333333333333333,0.9361702127659575,0.9901185770750989,45,11.401797647122294,0.0015495321713387966,0.034434048251973264,0.00431060791015625,1130,0.0,40.75146484375,0.6155021940216874,0.6222958795048974,0.5861325860023499,35,45
depth_multiplier,1,8,1,64,0.5,0.001,32,50,0.0,0.1,10,5,0.5,True,42,30,30,0.6222222222222222,0.37037037037037035,0.7698412698412698,45,8.550427028909326,0.00138186477124691,0.03070810602770911,0.00431060791015625,1130,0.0,40.75146484375,0.6234508942474019,0.6200849874453112,0.5912728250026703,23,33
depth_multiplier,1,8,1,64,0.5,0.001,32,50,0.0,0.1,10,5,0.5,True,42,31,31,0.7777777777777778,0.7916666666666666,0.8478260869565217,45,12.67533748690039,0.0013673650100827217,0.03038588911294937,0.00431060791015625,1130,0.0,40.75146484375,0.6166737991752047,0.6142876836838145,0.6000145852565766,41,50
depth_multiplier,1,8,1,64,0.5,0.001,32,50,0.0,0.1,10,5,0.5,True,42,32,32,0.7045454545454546,0.723404255319149,0.8426501035196687,44,13.222575372084975,0.0014937827363610268,0.033949607644568794,0.00431060791015625,1130,0.0,40.75146484375,0.6111028158303463,0.6115466936519651,0.5857280770937602,46,50
depth_multiplier,1,8,1,64,0.5,0.001,32,50,0.0,0.1,10,5,0.5,True,42,33,33,0.7555555555555555,0.717948717948718,0.8853754940711462,45,11.11123103974387,0.0014477642253041267,0.032172538340091705,0.00431060791015625,1130,0.0,40.75146484375,0.6190715621818196,0.622349237176505,0.5881913701693217,29,39
depth_multiplier,1,8,1,64,0.5,0.001,32,50,0.0,0.1,10,5,0.5,True,42,34,34,0.7555555555555555,0.8135593220338984,0.9642857142857142,45,13.165001037996262,0.0017136679962277412,0.03808151102728313,0.00431060791015625,1130,0.0,40.75146484375,0.6197655975367083,0.6167855547233061,0.6135131577650706,43,50
depth_multiplier,1,8,1,64,0.5,0.001,32,50,0.0,0.1,10,5,0.5,True,42,35,35,0.6222222222222222,0.41379310344827586,0.9110671936758893,45,11.816986955236644,0.0013985452242195606,0.03107878276043468,0.00431060791015625,1130,0.0,40.75146484375,0.613068341757312,0.6110751247315696,0.594677605231603,36,46
depth_multiplier,1,8,1,64,0.5,0.001,32,50,0.0,0.1,10,5,0.5,True,42,36,36,0.5454545454545454,0.6296296296296297,0.5103305785123967,44,11.132351103238761,0.0012499759905040264,0.02840854523872787,0.00431060791015625,1130,0.0,40.75146484375,0.6137965359922611,0.6152447976849296,0.5985909124215444,35,45
depth_multiplier,1,8,1,64,0.5,0.001,32,50,0.0,0.1,10,5,0.5,True,42,37,37,0.5111111111111111,0.0,0.48023715415019763,45,11.249837425071746,0.00145287299528718,0.03228606656193733,0.00431060791015625,1130,0.0,40.75146484375,0.6116406450217421,0.6117434199109222,0.5933351635932922,35,45
depth_multiplier,1,8,1,64,0.5,0.001,32,50,0.0,0.1,10,5,0.5,True,42,38,38,0.7111111111111111,0.6666666666666666,0.7470355731225297,45,14.023136866278946,0.0015696617774665356,0.03488137283258968,0.00431060791015625,1130,0.0,40.75146484375,0.6165703605070258,0.6059807236447479,0.5826322197914123,48,50
depth_multiplier,1,8,1,64,0.5,0.001,32,50,0.0,0.1,10,5,0.5,True,42,39,39,0.5454545454545454,0.5652173913043478,0.5921325051759835,44,15.134574823081493,0.0015519307926297188,0.03527115437794816,0.00431060791015625,1130,0.0,40.75146484375,0.6161791111032168,0.6150541906103943,0.5765758216381073,48,50
depth_multiplier,1,8,1,64,0.5,0.001,32,50,0.0,0.1,10,5,0.5,True,42,40,40,0.5555555555555556,0.6,0.5694444444444445,45,13.630397784989327,0.0015134718269109726,0.03363270726468828,0.00431060791015625,1130,0.0,40.75146484375,0.612988149352146,0.6123131974176927,0.6009509901205699,47,50
depth_multiplier,1,8,1,64,0.5,0.001,32,50,0.0,0.1,10,5,0.5,True,42,41,41,0.5333333333333333,0.0,0.7420634920634921,45,13.096852359827608,0.0015175919979810715,0.033724266621801585,0.00431060791015625,1130,0.0,40.75146484375,0.6108621444666025,0.6101129233385577,0.5946908116340637,46,50
depth_multiplier,1,8,1,64,0.5,0.001,32,50,0.0,0.1,10,5,0.5,True,42,42,42,0.9111111111111111,0.9047619047619048,0.9505928853754941,45,12.535957407206297,0.0014922418631613255,0.033160930292473904,0.00431060791015625,1130,0.0,40.75146484375,0.6098310728416299,0.6133390301556298,0.6021760265032451,48,50
depth_multiplier,1,8,1,64,0.5,0.001,32,50,0.0,0.1,10,5,0.5,True,42,43,43,0.8888888888888888,0.8717948717948718,0.9644268774703557,45,14.744061312172562,0.001473013311624527,0.03273362914721171,0.00431060791015625,1130,0.0,40.75146484375,0.6083358720396504,0.614779505314249,0.5961567123730978,43,50
depth_multiplier,1,8,1,64,0.5,0.001,32,50,0.0,0.1,10,5,0.5,True,42,44,44,0.896551724137931,0.896551724137931,0.9,29,13.558371227700263,0.0010471101850271225,0.03610724775955595,0.00431060791015625,1130,0.0,40.75146484375,0.6142998030691436,0.6149617754148714,0.6028723021348318,47,50
depth_multiplier,1,8,1,64,0.5,0.001,32,50,0.0,0.1,10,5,0.5,True,42,45,45,0.7333333333333333,0.6842105263157895,0.8300395256916996,45,14.409707329701632,0.001211108174175024,0.026913514981667202,0.00431060791015625,1130,0.0,40.75146484375,0.616562743530129,0.6099406013434584,0.5876582443714142,46,50
depth_multiplier,1,8,1,64,0.5,0.001,32,50,0.0,0.1,10,5,0.5,True,42,46,46,0.7111111111111111,0.7346938775510204,0.7984189723320159,45,13.484756108839065,0.0014730030670762062,0.032733401490582355,0.00431060791015625,1130,0.0,40.75146484375,0.610958675317692,0.610958675317692,0.5846706887086233,50,50
depth_multiplier,1,8,1,64,0.5,0.001,32,50,0.0,0.1,10,5,0.5,True,42,47,47,0.4444444444444444,0.6031746031746031,0.6170634920634921,45,13.212739223148674,0.001479653175920248,0.03288118168711662,0.00431060791015625,1130,0.0,40.75146484375,0.6138318088470083,0.6096016762383056,0.5949764390786488,47,50
depth_multiplier,1,8,1,64,0.5,0.001,32,50,0.0,0.1,10,5,0.5,True,42,48,48,0.6470588235294118,0.5714285714285714,0.9142857142857144,17,14.237087680026889,0.0007373369298875332,0.0433727605816196,0.00431060791015625,1130,0.0,40.75146484375,0.6126348309050825,0.6117658473943409,0.603480464220047,49,50
depth_multiplier,1,8,1,64,0.5,0.001,32,50,0.0,0.1,10,5,0.5,True,42,49,49,0.6222222222222222,0.7213114754098361,0.9604743083003954,45,7.787324811797589,0.0013777450658380985,0.030616557018624414,0.00431060791015625,1130,0.0,40.75146484375,0.6214937588030641,0.6280370612036098,0.6015802264213562,16,26
depth_multiplier,1,8,1,64,0.5,0.001,32,50,0.0,0.1,10,5,0.5,True,42,50,50,0.5777777777777777,0.3448275862068966,0.6185770750988142,45,9.360313210170716,0.0014436636120080948,0.03208141360017988,0.00431060791015625,1130,0.0,40.75146484375,0.6169961846687577,0.6272731924598868,0.5961896260579427,23,33
depth_multiplier,1,8,1,64,0.5,0.001,32,50,0.0,0.1,10,5,0.5,True,42,51,51,0.4888888888888889,0.6461538461538462,0.6726190476190477,45,11.599715860094875,0.0012550568208098412,0.027890151573552024,0.00431060791015625,1130,0.0,40.75146484375,0.6129049247864521,0.6173344412536332,0.6040012439092001,29,39
depth_multiplier,1,8,1,64,0.5,0.001,32,50,0.0,0.1,10,5,0.5,True,42,52,52,0.8048780487804879,0.75,0.8971291866028708,41,11.605354906991124,0.00130548607558012,0.03184112379463707,0.00431060791015625,1130,0.0,40.75146484375,0.6095510784423712,0.617459057858496,0.5933216452598572,34,44
depth_multiplier,1,8,1,64,0.5,0.001,32,50,0.0,0.1,10,5,0.5,True,42,53,53,0.5116279069767442,0.6037735849056604,0.538961038961039,43,9.040173309855163,0.00163639010861516,0.0380555839212828,0.00431060791015625,1130,0.0,40.75146484375,0.6127886361244953,0.6100159854148374,0.5984072387218475,30,40
depth_multiplier,1,8,1,64,0.5,0.001,32,50,0.0,0.1,10,5,0.5,True,42,54,54,0.7435897435897436,0.6875,0.8125,39,9.724995255004615,0.001730969175696373,0.04438382501785572,0.00431060791015625,1130,0.0078125,40.75146484375,0.6209591563903925,0.6211983240915068,0.5949554125467936,30,40
depth_multiplier,1,8,1,64,0.5,0.001,32,50,0.0,0.1,10,5,0.5,True,42,55,55,0.8888888888888888,0.8780487804878049,0.9802371541501976,45,12.627758833114058,0.0016417703591287136,0.036483785758415856,0.00431060791015625,1130,0.0,40.75146484375,0.6084725547469023,0.6129071809577219,0.5985935727755228,45,50
depth_multiplier,1,8,1,64,0.5,0.001,32,50,0.0,0.1,10,5,0.5,True,42,56,56,0.8636363636363636,0.8695652173913043,0.9111570247933883,44,13.856459734030068,0.0014185942709445953,0.03224077888510444,0.00431060791015625,1130,0.0,40.75146484375,0.6149563909028516,0.6166603610371099,0.6035804828008016,42,50
depth_multiplier,1,8,1,64,0.5,0.001,32,50,0.0,0.1,10,5,0.5,True,42,57,57,0.5555555555555556,0.5652173913043478,0.6488095238095237,45,8.086625534109771,0.001365545205771923,0.030345449017153848,0.00431060791015625,1130,0.0,40.75146484375,0.6211641424081542,0.626690687103705,0.6021152416865031,20,30
depth_multiplier,1,8,1,64,0.5,0.001,32,50,0.0,0.1,10,5,0.5,True,42,58,58,0.5333333333333333,0.6440677966101694,0.7103174603174602,45,8.854657814837992,0.0012349467724561691,0.027443261610137094,0.00431060791015625,1130,0.0,40.75146484375,0.6176596518718835,0.6152451708912849,0.6095086614290873,22,32
depth_multiplier,1,8,1,64,0.5,0.001,32,50,0.0,0.1,10,5,0.5,True,42,59,59,0.5777777777777777,0.3448275862068966,0.5674603174603174,45,5.747495887801051,0.0013442449271678925,0.029872109492619835,0.00431060791015625,1130,0.0,40.75146484375,0.6292582795475469,0.6345231431451711,0.6136821349461873,13,23
depth_multiplier,1,8,1,64,0.5,0.001,32,50,0.0,0.1,10,5,0.5,True,42,60,60,0.8181818181818182,0.8333333333333334,0.9235537190082646,44,12.49085087934509,0.0013502947986125946,0.030688518150286243,0.00431060791015625,1130,0.0,40.75146484375,0.6101477268067274,0.6142994111234491,0.6047484517097473,41,50
depth_multiplier,1,8,1,64,0.5,0.001,32,50,0.0,0.1,10,5,0.5,True,42,61,61,0.7906976744186046,0.7906976744186046,0.8528138528138528,43,10.183120840229094,0.001567611936479807,0.03645609154604202,0.00431060791015625,1130,0.0,40.75146484375,0.6226171205441157,0.6200377216393297,0.6023329099019369,32,42
depth_multiplier,1,8,1,64,0.5,0.001,32,50,0.0,0.1,10,5,0.5,True,42,62,62,0.8222222222222222,0.7777777777777778,0.9881422924901186,45,9.498707047197968,0.0014273840934038162,0.0317196465200848,0.00431060791015625,1130,0.0,40.75146484375,0.6216716089031913,0.6280766233350291,0.6162742455800374,28,38
depth_multiplier,1,8,1,64,0.5,0.001,32,50,0.0,0.1,10,5,0.5,True,42,63,63,0.46511627906976744,0.3783783783783784,0.45670995670995673,43,13.819004510063678,0.0015510423108935356,0.036070751416128734,0.00431060791015625,1130,0.0,40.75146484375,0.6115371934843786,0.6143238740888509,0.6126197477181753,41,50
depth_multiplier,1,8,1,64,0.5,0.001,32,50,0.0,0.1,10,5,0.5,True,42,64,64,0.6222222222222222,0.6909090909090909,0.7964426877470356,45,13.120707449968904,0.001258667092770338,0.027970379839340847,0.00431060791015625,1130,0.0,40.75146484375,0.6069152517752214,0.6249049777785937,0.6038196325302124,43,50
depth_multiplier,1,8,1,64,0.5,0.001,32,50,0.0,0.1,10,5,0.5,True,42,65,65,0.8444444444444444,0.8444444444444444,0.9384920634920635,45,11.560692494735122,0.0013500652275979519,0.03000144950217671,0.00431060791015625,1130,0.0,40.75146484375,0.6135474865635236,0.6197983767047073,0.6103633761405944,35,45
depth_multiplier,1,8,1,64,0.5,0.001,32,50,0.0,0.1,10,5,0.5,True,42,66,66,0.5333333333333333,0.5882352941176471,0.5731225296442688,45,12.61331030772999,0.001509193331003189,0.03353762957784865,0.00431060791015625,1130,0.0,40.75146484375,0.602213567405036,0.602213567405036,0.6084344247976939,50,50
depth_multiplier,1,8,1,64,0.5,0.001,32,50,0.0,0.1,10,5,0.5,True,42,67,67,0.6444444444444445,0.6521739130434783,0.6422924901185771,45,4.590779270976782,0.0013877241872251034,0.030838315271668967,0.00431060791015625,1130,0.0,40.75146484375,0.6229153794772697,0.6378909146243875,0.6245281020800273,9,19
depth_multiplier,1,8,1,64,0.5,0.001,32,50,0.0,0.1,10,5,0.5,True,42,68,68,0.6222222222222222,0.48484848484848486,0.6956521739130436,45,7.246521879918873,0.0015568118542432785,0.034595818983183965,0.00431060791015625,1130,0.0,40.75146484375,0.6208979428717585,0.6265156244238218,0.6135031461715699,20,30
depth_multiplier,1,8,1,64,0.5,0.001,32,50,0.0,0.1,10,5,0.5,True,42,69,69,0.5111111111111111,0.5217391304347826,0.5813492063492064,45,9.018621264956892,0.0015392121858894825,0.0342047152419885,0.00431060791015625,1130,0.0,40.75146484375,0.6205566518686034,0.620446773415262,0.6155198017756144,26,36
depth_multiplier,1,8,1,64,0.5,0.001,32,50,0.0,0.1,10,5,0.5,True,42,70,70,0.7111111111111111,0.6976744186046512,0.8300395256916996,45,12.155327290762216,0.001267305575311184,0.02816234611802631,0.00431060791015625,1130,0.0,40.75146484375,0.6117260970852592,0.6108925687995824,0.6171157737572988,45,50
depth_multiplier,1,8,1,64,0.5,0.001,32,50,0.0,0.1,10,5,0.5,True,42,71,71,0.8666666666666667,0.8571428571428571,0.9841897233201581,45,7.644369449000806,0.0014026341959834099,0.031169648799631328,0.00431060791015625,1130,0.0,40.75146484375,0.6141611938223694,0.6235058680176735,0.6194050749142964,20,30
depth_multiplier,1,8,1,64,0.5,0.001,32,50,0.0,0.1,10,5,0.5,True,42,72,72,0.8,0.8235294117647058,0.9486166007905138,45,10.895615788642317,0.001240067183971405,0.02755704853269789,0.00431060791015625,1130,0.0,40.75146484375,0.620811536005049,0.6159372121998758,0.6211921771367391,34,44
depth_multiplier,1,8,1,64,0.5,0.001,32,50,0.0,0.1,10,5,0.5,True,42,73,73,0.6222222222222222,0.48484848484848486,0.7272727272727273,45,13.60334739740938,0.0014252439141273499,0.03167208698060777,0.00431060791015625,1130,0.0,40.75146484375,0.6126120654922543,0.6114604003501661,0.6137274046738942,48,50
depth_multiplier,1,8,1,64,0.5,0.001,32,50,0.0,0.1,10,5,0.5,True,42,74,74,0.5111111111111111,0.5769230769230769,0.5396825396825397,45,9.448545067105442,0.0014208341017365456,0.031574091149701014,0.00431060791015625,1130,0.0,40.75146484375,0.6181162663481452,0.6124083910024527,0.6091419299443562,28,38
depth_multiplier,1,8,1,64,0.5,0.001,32,50,0.0,0.1,10,5,0.5,True,42,75,75,0.8292682926829268,0.8372093023255814,0.9595238095238094,41,12.296449407935143,0.00120540801435709,0.029400195472124146,0.00431060791015625,1130,0.0,40.75146484375,0.6118990629911423,0.6216810388547002,0.5961525201797485,41,50
depth_multiplier,1,8,1,64,0.5,0.001,32,50,0.0,0.1,10,5,0.5,True,42,76,76,0.5555555555555556,0.6666666666666666,0.6679841897233202,45,13.054458152968436,0.0012285779230296612,0.02730173162288136,0.00431060791015625,1130,0.0,40.75146484375,0.6090357129772505,0.6109631458918253,0.6120903273423512,48,50
depth_multiplier,1,8,1,64,0.5,0.001,32,50,0.0,0.1,10,5,0.5,True,42,77,77,0.5555555555555556,0.696969696969697,0.6726190476190476,45,6.169864198192954,0.0013599949888885021,0.030222110864188936,0.00431060791015625,1130,0.0,40.75146484375,0.6172483427958055,0.6274093716885104,0.6364150285720825,14,24
depth_multiplier,1,8,1,64,0.5,0.001,32,50,0.0,0.1,10,5,0.5,True,42,78,78,0.5333333333333333,0.5531914893617021,0.5573122529644269,45,12.271609081886709,0.0013543060049414635,0.030095688998699188,0.00431060791015625,1130,0.0,40.75146484375,0.6109550653985052,0.6123115411310485,0.6134735385576884,37,47
depth_multiplier,1,8,1,64,0.5,0.001,32,50,0.0,0.1,10,5,0.5,True,42,79,79,0.55,0.47058823529411764,0.6149999999999999,40,9.417578151915222,0.0013378248549997807,0.033445621374994516,0.00431060791015625,1130,0.0,40.75146484375,0.6118545678980423,0.616428748450496,0.6063077330589295,23,33
depth_multiplier,1,8,1,64,0.5,0.001,32,50,0.0,0.1,10,5,0.5,True,42,80,80,0.6666666666666666,0.6808510638297872,0.691699604743083,45,13.21851276094094,0.001632870640605688,0.03628601423568196,0.00431060791015625,1130,0.0,40.75146484375,0.6112773578726884,0.6135431458101128,0.6223726789156596,47,50
depth_multiplier,1,8,1,64,0.5,0.001,32,50,0.0,0.1,10,5,0.5,True,42,81,81,0.4888888888888889,0.0,0.8438735177865613,45,9.704351963009685,0.0015675709582865238,0.034834910184144974,0.00431060791015625,1130,0.0,40.75146484375,0.6099689106146494,0.6172426738070719,0.6123035907745361,30,40
depth_multiplier,1,8,1,64,0.5,0.001,32,50,0.0,0.1,10,5,0.5,True,42,82,82,0.6222222222222222,0.711864406779661,0.8695652173913044,45,9.686295093037188,0.0014998228289186954,0.03332939619819323,0.00431060791015625,1130,0.0,40.75146484375,0.6176408287702184,0.6267970841039311,0.6237558285395305,29,39
depth_multiplier,1,8,1,64,0.5,0.001,32,50,0.0,0.1,10,5,0.5,True,42,83,83,0.6578947368421053,0.48,0.8725761772853186,38,9.422024579718709,0.0013097459450364113,0.03446699855358977,0.00431060791015625,1130,0.0,40.75146484375,0.6179381116773143,0.6186723284649126,0.6177140514055888,27,37
depth_multiplier,1,8,1,64,0.5,0.001,32,50,0.0,0.1,10,5,0.5,True,42,84,84,0.6590909090909091,0.6808510638297872,0.7660455486542443,44,10.85351957892999,0.0013652052730321884,0.031027392568913372,0.00431060791015625,1130,0.0,40.75146484375,0.6118590466000817,0.6116329490235357,0.6146023154258728,32,42
depth_multiplier,1,8,1,64,0.5,0.001,32,50,0.0,0.1,10,5,0.5,True,42,85,85,0.8863636363636364,0.8888888888888888,0.9855072463768115,44,8.176605597138405,0.0013263057917356491,0.03014331344853748,0.00431060791015625,1130,0.0,40.75146484375,0.6250577851226835,0.624163928808588,0.6100812633832295,20,30
depth_multiplier,1,8,1,64,0.5,0.001,32,50,0.0,0.1,10,5,0.5,True,42,86,86,0.7045454545454546,0.6829268292682927,0.7867494824016563,44,7.229030851274729,0.0012687770649790764,0.0288358423858881,0.00431060791015625,1130,0.0,40.75146484375,0.6167396638881076,0.6265130621014219,0.6139783183733623,19,29
depth_multiplier,1,8,1,64,0.5,0.001,32,50,0.0,0.1,10,5,0.5,True,42,87,87,0.4444444444444444,0.5901639344262295,0.6007905138339921,45,13.412572927772999,0.0014014947228133678,0.031144327173630398,0.00431060791015625,1130,0.0,40.75146484375,0.6041587196064718,0.6086910430229071,0.6048409104347229,42,50
depth_multiplier,1,8,1,64,0.5,0.001,32,50,0.0,0.1,10,5,0.5,True,42,88,88,0.6181818181818182,0.5531914893617021,0.6825396825396826,55,13.088880262803286,0.0016495799645781517,0.029992362992330032,0.00431060791015625,1130,0.0,40.75146484375,0.603298839068774,0.6057138824553201,0.6014606595039368,47,50
depth_multiplier,1,8,1,64,0.5,0.001,32,50,0.0,0.1,10,5,0.5,True,42,89,89,0.4888888888888889,0.6461538461538462,0.6488095238095238,45,13.374138593208045,0.0014080838300287724,0.03129075177841716,0.00431060791015625,1130,0.0,40.75146484375,0.6077129739252004,0.6182818593400897,0.6196496804555257,42,50
depth_multiplier,1,8,1,64,0.5,0.001,32,50,0.0,0.1,10,5,0.5,True,42,90,90,0.6444444444444445,0.6,0.7509881422924901,45,12.32226057490334,0.0013269558548927307,0.029487907886505127,0.00431060791015625,1130,0.0,40.75146484375,0.6095873973134792,0.60974251546643,0.6051632980505626,46,50
depth_multiplier,1,8,1,64,0.5,0.001,32,50,0.0,0.1,10,5,0.5,True,42,91,91,0.6363636363636364,0.7241379310344828,0.8099173553719008,44,12.497337780892849,0.0013646548613905907,0.031014883213422516,0.00431060791015625,1130,0.0,40.75146484375,0.6171694016366294,0.6088521482818054,0.6038588027159373,48,50
depth_multiplier,1,8,1,64,0.5,0.001,32,50,0.0,0.1,10,5,0.5,True,42,92,92,0.6607142857142857,0.6122448979591837,0.7333333333333334,56,12.455922259017825,0.001541981939226389,0.027535391771899804,0.00431060791015625,1130,0.0,40.75146484375,0.6146891268365311,0.6146891268365311,0.6270200610160828,50,50
depth_multiplier,1,8,1,64,0.5,0.001,32,50,0.0,0.1,10,5,0.5,True,42,93,93,0.7111111111111111,0.723404255319149,0.8339920948616601,45,9.496636915020645,0.0013776440173387527,0.03061431149641673,0.00431060791015625,1130,0.0,40.75146484375,0.6199934995084098,0.6264949538039438,0.6160994887351989,27,37
depth_multiplier,1,8,1,64,0.5,0.001,32,50,0.0,0.1,10,5,0.5,True,42,94,94,0.9090909090909091,0.92,0.979296066252588,44,11.665110003668815,0.0015911008231341839,0.03616138234395873,0.00431060791015625,1130,0.0,40.75146484375,0.6121248937014377,0.6253218352794647,0.6197559078534444,35,45
depth_multiplier,1,8,1,64,0.5,0.001,32,50,0.0,0.1,10,5,0.5,True,42,95,95,0.8214285714285714,0.782608695652174,0.7604166666666666,28,7.557240672875196,0.0010242313146591187,0.03657968980925424,0.00431060791015625,1130,0.0,40.75146484375,0.6230998675931584,0.6235398541797291,0.5926968018213908,21,31
depth_multiplier,1,8,1,64,0.5,0.001,32,50,0.0,0.1,10,5,0.5,True,42,96,96,0.7380952380952381,0.7755102040816326,0.7346938775510203,42,12.460413896013051,0.001489792950451374,0.03547126072503272,0.00431060791015625,1130,0.0,40.75146484375,0.6066574327873461,0.6130254076737346,0.602519957224528,43,50
depth_multiplier,1,8,1,64,0.5,0.001,32,50,0.0,0.1,10,5,0.5,True,42,97,97,0.45454545454545453,0.25,0.5413223140495869,44,13.241814414039254,0.0016030012629926205,0.03643184688619592,0.00431060791015625,1130,0.0,40.75146484375,0.6080311245538972,0.6130071553316984,0.6060539523760478,48,50
depth_multiplier,1,8,1,64,0.5,0.001,32,50,0.0,0.1,10,5,0.5,True,42,98,98,0.5333333333333333,0.5333333333333333,0.6027667984189723,45,13.191579854115844,0.0014483132399618626,0.03218473866581917,0.00431060791015625,1130,0.0,40.75146484375,0.6147621655554483,0.6134817816994407,0.6192169864972432,41,50
depth_multiplier,1,8,1,64,0.5,0.001,32,50,0.0,0.1,10,5,0.5,True,42,99,99,0.46511627906976744,0.41025641025641024,0.44155844155844154,43,9.861335379071534,0.0017098691314458847,0.03976439840571825,0.00431060791015625,1130,0.0,40.75146484375,0.6080578947157571,0.6175800807999842,0.6207716524600982,28,38
depth_multiplier,1,8,1,64,0.5,0.001,32,50,0.0,0.1,10,5,0.5,True,42,100,100,0.5833333333333334,0.6666666666666666,0.5493827160493827,36,12.92166402284056,0.0018263156525790691,0.05073099034941859,0.00431060791015625,1130,0.0,40.75146484375,0.6118634948224733,0.607101185529521,0.5762626647949218,49,50
depth_multiplier,1,8,1,64,0.5,0.001,32,50,0.0,0.1,10,5,0.5,True,42,101,101,0.4222222222222222,0.0,0.5474308300395256,45,9.356664796825498,0.0015353620983660221,0.034119157741467156,0.00431060791015625,1130,0.0,40.75146484375,0.6120332120494409,0.616194305546356,0.6211458365122478,26,36
depth_multiplier,1,8,1,64,0.5,0.001,32,50,0.0,0.1,10,5,0.5,True,42,102,102,0.7333333333333333,0.7857142857142857,0.849802371541502,45,12.188617900945246,0.0014446433633565903,0.032103185852368675,0.00431060791015625,1130,0.0,40.75146484375,0.6075127199292183,0.6063166057521646,0.6007337868213654,46,50
depth_multiplier,1,8,1,64,0.5,0.001,32,50,0.0,0.1,10,5,0.5,True,42,103,103,0.6744186046511628,0.6956521739130435,0.7943722943722943,43,9.56087680021301,0.0014095846563577652,0.032781038519948034,0.00431060791015625,1130,0.0,40.75146484375,0.6137730795325655,0.6147472779407646,0.6224540750185649,28,38
depth_multiplier,1,8,1,64,0.5,0.001,32,50,0.0,0.1,10,5,0.5,True,42,104,104,0.5581395348837209,0.6545454545454545,0.6883116883116883,43,6.402968330774456,0.0013646348379552364,0.03173569390593573,0.00431060791015625,1130,0.0,40.75146484375,0.6219501813704317,0.6241214614022862,0.606045126914978,19,29
depth_multiplier,1,8,1,64,0.5,0.001,32,50,0.0,0.1,10,5,0.5,True,42,105,105,0.6,0.4375,0.6936758893280632,45,9.354273851029575,0.0018411357887089252,0.04091412863797611,0.00431060791015625,1130,0.0,40.75146484375,0.6155389662493359,0.6210724305022847,0.6279290318489075,26,36
depth_multiplier,1,8,1,64,0.5,0.001,32,50,0.0,0.1,10,5,0.5,True,42,106,106,0.5777777777777777,0.5777777777777777,0.6309523809523809,45,12.431707212235779,0.0014046239666640759,0.03121386592586835,0.00431060791015625,1130,0.0,40.75146484375,0.6086001779996988,0.6086001779996988,0.6070796291033427,50,50
depth_multiplier,1,8,1,64,0.5,0.001,32,50,0.0,0.1,10,5,0.5,True,42,107,107,0.5111111111111111,0.42105263157894735,0.6190476190476191,45,10.570873233024031,0.0014459630474448204,0.032132512165440455,0.00431060791015625,1130,0.0,40.75146484375,0.6142631380847006,0.6177435126720052,0.6127354860305786,31,41
depth_multiplier,1,8,1,64,0.5,0.001,32,50,0.0,0.1,10,5,0.5,True,42,108,108,0.8222222222222222,0.8181818181818182,0.9031620553359684,45,10.605118275154382,0.0013670953921973705,0.030379897604386013,0.00431060791015625,1130,0.0,40.75146484375,0.6142903024500067,0.6132590955857075,0.6199705342451731,33,43
depth_multiplier,2,8,2,64,0.5,0.001,32,50,0.0,0.1,10,5,0.5,True,42,1,1,0.7111111111111111,0.7450980392156863,0.8636363636363638,45,11.828578130807728,0.0014836029149591923,0.032968953665759825,0.00708770751953125,1858,0.0,40.7939453125,0.5921373132503394,0.5953003186168093,0.5723536471525829,37,47
depth_multiplier,2,8,2,64,0.5,0.001,32,50,0.0,0.1,10,5,0.5,True,42,2,2,0.8,0.7428571428571429,0.9624505928853756,45,12.689250438008457,0.0013734851963818073,0.03052189325292905,0.00708770751953125,1858,0.0,40.7939453125,0.6022457209500399,0.5974276117754705,0.5722600400447846,49,50
depth_multiplier,2,8,2,64,0.5,0.001,32,50,0.0,0.1,10,5,0.5,True,42,3,3,0.35555555555555557,0.40816326530612246,0.2845849802371542,45,10.864022467285395,0.0014251642860472202,0.031670317467716,0.00708770751953125,1858,0.0,40.7939453125,0.5924708156874685,0.6038093867175507,0.5629452804724375,32,42
depth_multiplier,2,8,2,64,0.5,0.001,32,50,0.0,0.1,10,5,0.5,True,42,4,4,0.5777777777777777,0.6885245901639344,0.8063241106719369,45,10.676722505129874,0.0012763170525431633,0.02836260116762585,0.00708770751953125,1858,0.0,40.7939453125,0.6067497788956671,0.6009449789469893,0.5720441381136576,30,40
depth_multiplier,2,8,2,64,0.5,0.001,32,50,0.0,0.1,10,5,0.5,True,42,5,5,0.4,0.509090909090909,0.386904761904762,45,13.015076044015586,0.001391794066876173,0.030928757041692734,0.00708770751953125,1858,0.0,40.7939453125,0.5933720248215126,0.5929835562904676,0.5833043992519379,40,50
depth_multiplier,2,8,2,64,0.5,0.001,32,50,0.0,0.1,10,5,0.5,True,42,6,6,0.5555555555555556,0.16666666666666666,0.5,45,10.963379217777401,0.0021677901968359947,0.048173115485244326,0.00708770751953125,1858,0.0,40.7939453125,0.6022444938619932,0.601786611432379,0.5859868625799814,30,40
depth_multiplier,2,8,2,64,0.5,0.001,32,50,0.0,0.1,10,5,0.5,True,42,7,7,0.9333333333333333,0.9302325581395349,0.9901185770750988,45,12.96519598690793,0.0013888138346374035,0.03086252965860897,0.00708770751953125,1858,0.0,40.7939453125,0.5966546190055934,0.6028573147275231,0.5648606419563293,47,50
depth_multiplier,2,8,2,64,0.5,0.001,32,50,0.0,0.1,10,5,0.5,True,42,8,8,0.6222222222222222,0.6382978723404256,0.7252964426877471,45,7.747791156172752,0.0012280368246138096,0.027289707213640213,0.00708770751953125,1858,0.0,40.7939453125,0.6054649912949764,0.60770759550911,0.5845106383164723,24,34
depth_multiplier,2,8,2,64,0.5,0.001,32,50,0.0,0.1,10,5,0.5,True,42,9,9,0.5555555555555556,0.5833333333333334,0.6448412698412699,45,11.49558234680444,0.0012783966958522797,0.02840881546338399,0.00708770751953125,1858,0.0,40.7939453125,0.5939283380002687,0.6023572852665727,0.591964332262675,33,43
depth_multiplier,2,8,2,64,0.5,0.001,32,50,0.0,0.1,10,5,0.5,True,42,10,10,0.6666666666666666,0.6938775510204082,0.7738095238095238,45,7.285289010964334,0.0012586968950927258,0.027971042113171685,0.00708770751953125,1858,0.0,40.7939453125,0.5995481592236143,0.6167674349112944,0.5988585829734803,17,27
depth_multiplier,2,8,2,64,0.5,0.001,32,50,0.0,0.1,10,5,0.5,True,42,11,11,0.4666666666666667,0.5555555555555556,0.5375494071146245,45,12.903540685772896,0.0012523769401013851,0.02783059866891967,0.00708770751953125,1858,0.0,40.7939453125,0.5880959955128756,0.596471982923421,0.5761454085508982,38,48
depth_multiplier,2,8,2,64,0.5,0.001,32,50,0.0,0.1,10,5,0.5,True,42,12,12,0.7777777777777778,0.75,0.8988095238095238,45,11.495759442914277,0.0012412872165441513,0.027584160367647808,0.00708770751953125,1858,0.0,40.7939453125,0.6011740547237974,0.5994953059337356,0.5940734704335531,33,43
depth_multiplier,2,8,2,64,0.5,0.001,32,50,0.0,0.1,10,5,0.5,True,42,13,13,0.6857142857142857,0.717948717948718,0.8660130718954249,35,9.621045248117298,0.0016114613972604275,0.046041754207440784,0.00708770751953125,1858,0.0,40.7939453125,0.5974539163889308,0.604246468029239,0.6155692497889201,28,38
depth_multiplier,2,8,2,64,0.5,0.001,32,50,0.0,0.1,10,5,0.5,True,42,14,14,0.6444444444444445,0.6923076923076923,0.6442687747035574,45,9.055197535082698,0.0016059898771345615,0.03568866393632359,0.00708770751953125,1858,0.0,40.7939453125,0.6015747164686521,0.6057750415621381,0.586427503824234,24,34
depth_multiplier,2,8,2,64,0.5,0.001,32,50,0.0,0.1,10,5,0.5,True,42,15,15,0.6222222222222222,0.7213114754098361,0.9545454545454546,45,14.1317597636953,0.0014657629653811455,0.03257251034180323,0.00708770751953125,1858,0.0,40.7939453125,0.6006082079627297,0.6087594533508475,0.5712599237759908,46,50
depth_multiplier,2,8,2,64,0.5,0.001,32,50,0.0,0.1,10,5,0.5,True,42,16,16,0.7333333333333333,0.76,0.7430830039525691,45,11.388321419712156,0.001679769717156887,0.03732821593681972,0.00708770751953125,1858,0.0,40.7939453125,0.5974800297708223,0.6124912134625695,0.5925053596496582,27,37
depth_multiplier,2,8,2,64,0.5,0.001,32,50,0.0,0.1,10,5,0.5,True,42,17,17,0.5952380952380952,0.32,0.6681818181818182,42,15.693018218036741,0.0015726108103990555,0.03744311453331084,0.00708770751953125,1858,0.0,40.7939453125,0.5910773733348558,0.6005215920282133,0.6036128520965576,41,50
depth_multiplier,2,8,2,64,0.5,0.001,32,50,0.0,0.1,10,5,0.5,True,42,18,18,0.4888888888888889,0.0,0.4110671936758893,45,13.092136652674526,0.003259841352701187,0.07244091894891527,0.00708770751953125,1858,0.0,40.7939453125,0.6000426486134529,0.6000426486134529,0.5861965636412303,50,50
depth_multiplier,2,8,2,64,0.5,0.001,32,50,0.0,0.1,10,5,0.5,True,42,19,19,0.5777777777777777,0.6545454545454545,0.7984189723320159,45,8.381946858018637,0.0014594937674701214,0.03243319483266936,0.00708770751953125,1858,0.0,40.7939453125,0.6030249333742893,0.6043150716207244,0.5750934322675069,24,34
depth_multiplier,2,8,2,64,0.5,0.001,32,50,0.0,0.1,10,5,0.5,True,42,20,20,0.5333333333333333,0.6181818181818182,0.6007905138339922,45,10.099680757150054,0.001433823723345995,0.03186274940768878,0.00708770751953125,1858,0.0,40.7939453125,0.5963607360467766,0.6006542419393858,0.5804837783177693,30,40
depth_multiplier,2,8,2,64,0.5,0.001,32,50,0.0,0.1,10,5,0.5,True,42,21,21,0.5111111111111111,0.6451612903225806,0.8353174603174603,45,8.842249273322523,0.0012550069950520992,0.027889044334491096,0.00708770751953125,1858,0.0,40.7939453125,0.5998919958418066,0.6112570322372697,0.5945938547452291,24,34
depth_multiplier,2,8,2,64,0.5,0.001,32,50,0.0,0.1,10,5,0.5,True,42,22,22,0.5777777777777777,0.6122448979591837,0.634387351778656,45,13.652531626168638,0.0015408308245241642,0.03424068498942587,0.00708770751953125,1858,0.0,40.7939453125,0.5962426680507082,0.5926417889017047,0.5936236162980397,49,50
depth_multiplier,2,8,2,64,0.5,0.001,32,50,0.0,0.1,10,5,0.5,True,42,23,23,0.6590909090909091,0.7169811320754716,0.7913223140495869,44,9.03021347289905,0.001271286979317665,0.028892885893583298,0.00708770751953125,1858,0.0,40.7939453125,0.6005152378118399,0.6094749895009127,0.6159725228945414,24,34
depth_multiplier,2,8,2,64,0.5,0.001,32,50,0.0,0.1,10,5,0.5,True,42,24,24,0.6666666666666666,0.7272727272727273,0.6883116883116882,18,10.936947240959853,0.0010735010728240013,0.0596389484902223,0.00708770751953125,1858,0.0,40.7939453125,0.5952623730763457,0.6022537534398243,0.5989133576552074,32,42
depth_multiplier,2,8,2,64,0.5,0.001,32,50,0.0,0.1,10,5,0.5,True,42,25,25,0.6666666666666666,0.5945945945945946,0.8596837944664031,45,10.783546280115843,0.0014745527878403664,0.03276783972978592,0.00708770751953125,1858,0.0,40.7939453125,0.600695581147165,0.6059671412363197,0.5861925621827443,28,38
depth_multiplier,2,8,2,64,0.5,0.001,32,50,0.0,0.1,10,5,0.5,True,42,26,26,0.7777777777777778,0.8076923076923077,0.8373015873015873,45,13.40703900018707,0.001414353959262371,0.031430087983608246,0.00708770751953125,1858,0.0,40.7939453125,0.5944537768761317,0.5946784556815119,0.5885909199714661,35,45
depth_multiplier,2,8,2,64,0.5,0.001,32,50,0.0,0.1,10,5,0.5,True,42,27,27,0.4888888888888889,0.5964912280701754,0.6660079051383399,45,12.587869602721184,0.0012839571572840214,0.028532381272978254,0.00708770751953125,1858,0.0,40.7939453125,0.5985594396338318,0.5998714326909094,0.5754264871279399,31,41
depth_multiplier,2,8,2,64,0.5,0.001,32,50,0.0,0.1,10,5,0.5,True,42,28,28,0.5777777777777777,0.5777777777777777,0.5592885375494071,45,12.384698233101517,0.001552182249724865,0.03449293888277478,0.00708770751953125,1858,0.0,40.7939453125,0.5980614500515389,0.6069980189204216,0.5837427993615468,31,41
depth_multiplier,2,8,2,64,0.5,0.001,32,50,0.0,0.1,10,5,0.5,True,42,29,29,0.9555555555555556,0.9565217391304348,0.9920948616600791,45,14.633091427851468,0.001479883212596178,0.0328862936132484,0.00708770751953125,1858,0.0,40.7939453125,0.6019869017781634,0.5946477818669695,0.5780264536539713,47,50
depth_multiplier,2,8,2,64,0.5,0.001,32,50,0.0,0.1,10,5,0.5,True,42,30,30,0.6,0.25,0.7599206349206349,45,10.582247053738683,0.002246369142085314,0.04991931426856253,0.00708770751953125,1858,0.0,40.7939453125,0.5900408110835336,0.5984621077324405,0.5833890020847321,34,44
depth_multiplier,2,8,2,64,0.5,0.001,32,50,0.0,0.1,10,5,0.5,True,42,31,31,0.7555555555555555,0.7659574468085106,0.8379446640316205,45,13.138661324046552,0.0015518022701144218,0.0344844948914316,0.00708770751953125,1858,0.0,40.7939453125,0.5974236440026399,0.5970003869045865,0.5900846143563588,39,49
depth_multiplier,2,8,2,64,0.5,0.001,32,50,0.0,0.1,10,5,0.5,True,42,32,32,0.8181818181818182,0.8181818181818182,0.8716356107660456,44,9.293504150118679,0.0014828327111899853,0.03370074343613603,0.00708770751953125,1858,0.0,40.7939453125,0.6056167582670847,0.6102887294960745,0.5752632141113281,24,34
depth_multiplier,2,8,2,64,0.5,0.001,32,50,0.0,0.1,10,5,0.5,True,42,33,33,0.6666666666666666,0.5945945945945946,0.8438735177865613,45,12.163161143194884,0.0016958992928266525,0.037686650951703385,0.00708770751953125,1858,0.0,40.7939453125,0.5922833879788717,0.5922833879788717,0.5772501051425933,50,50
depth_multiplier,2,8,2,64,0.5,0.001,32,50,0.0,0.1,10,5,0.5,True,42,34,34,0.6666666666666666,0.7619047619047619,0.9821428571428572,45,6.808896034024656,0.001388664823025465,0.03085921828945478,0.00708770751953125,1858,0.0,40.7939453125,0.6156082751624512,0.6219302745479526,0.6022961854934692,15,25
depth_multiplier,2,8,2,64,0.5,0.001,32,50,0.0,0.1,10,5,0.5,True,42,35,35,0.7111111111111111,0.6060606060606061,0.9071146245059288,45,10.415734908077866,0.0014019552618265152,0.03115456137392256,0.00708770751953125,1858,0.0,40.7939453125,0.6025464220932035,0.6072729945634351,0.5950176815191904,27,37
depth_multiplier,2,8,2,64,0.5,0.001,32,50,0.0,0.1,10,5,0.5,True,42,36,36,0.5909090909090909,0.5909090909090909,0.621900826446281,44,13.113223270047456,0.001506643369793892,0.034241894768043,0.00708770751953125,1858,0.0,40.7939453125,0.596391127642357,0.5970098030838099,0.5888822595278422,44,50
depth_multiplier,2,8,2,64,0.5,0.001,32,50,0.0,0.1,10,5,0.5,True,42,37,37,0.5111111111111111,0.0,0.49604743083003955,45,8.244680344127119,0.0015335329808294773,0.0340785106850995,0.00708770751953125,1858,0.0,40.7939453125,0.604044438311548,0.6127825688683626,0.5824633240699768,18,28
depth_multiplier,2,8,2,64,0.5,0.001,32,50,0.0,0.1,10,5,0.5,True,42,38,38,0.6,0.47058823529411764,0.6482213438735177,45,10.429979853797704,0.001363295130431652,0.0302954473429256,0.00708770751953125,1858,0.0,40.7939453125,0.6009575410774259,0.5998772610769127,0.5772123694419861,29,39
depth_multiplier,2,8,2,64,0.5,0.001,32,50,0.0,0.1,10,5,0.5,True,42,39,39,0.5909090909090909,0.6538461538461539,0.5217391304347826,44,13.879416313953698,0.001460133120417595,0.03318484364585443,0.00708770751953125,1858,0.0,40.7939453125,0.5997742008079182,0.5999190775734006,0.5821921467781067,48,50
depth_multiplier,2,8,2,64,0.5,0.001,32,50,0.0,0.1,10,5,0.5,True,42,40,40,0.4666666666666667,0.42857142857142855,0.503968253968254,45,12.314060273114592,0.0015567620284855366,0.03459471174412304,0.00708770751953125,1858,0.0,40.7939453125,0.5929313478144732,0.6020766078974261,0.6020354390144348,35,45
depth_multiplier,2,8,2,64,0.5,0.001,32,50,0.0,0.1,10,5,0.5,True,42,41,41,0.6,0.6785714285714286,0.7023809523809523,45,7.649241495877504,0.0015130732208490372,0.03362384935220083,0.00708770751953125,1858,0.0,40.7939453125,0.6104401589343043,0.6225900934501127,0.5892058193683625,16,26
depth_multiplier,2,8,2,64,0.5,0.001,32,50,0.0,0.1,10,5,0.5,True,42,42,42,0.8666666666666667,0.8571428571428571,0.9209486166007906,45,13.901471260935068,0.0015781908296048641,0.035070907324552536,0.00708770751953125,1858,0.0,40.7939453125,0.5974496937159336,0.6052219809004755,0.5895705997943879,42,50
depth_multiplier,2,8,2,64,0.5,0.001,32,50,0.0,0.1,10,5,0.5,True,42,43,43,0.9111111111111111,0.9,0.9703557312252964,45,11.25211391132325,0.0015134229324758053,0.03363162072168456,0.00708770751953125,1858,0.0,40.7939453125,0.6006684987382456,0.6042464249061815,0.5939849575360616,32,42
depth_multiplier,2,8,2,64,0.5,0.001,32,50,0.0,0.1,10,5,0.5,True,42,44,44,0.8620689655172413,0.8666666666666667,0.861904761904762,29,12.794369094073772,0.000995151698589325,0.034315575813424995,0.00708770751953125,1858,0.0,40.7939453125,0.594198667641842,0.605418143398834,0.5923465371131897,43,50
depth_multiplier,2,8,2,64,0.5,0.001,32,50,0.0,0.1,10,5,0.5,True,42,45,45,0.6666666666666666,0.4827586206896552,0.8023715415019763,45,7.478221474215388,0.0016071610152721405,0.03571468922826979,0.00708770751953125,1858,0.0,40.7939453125,0.5988557374838627,0.607911530091907,0.5860051035881042,20,30
depth_multiplier,2,8,2,64,0.5,0.001,32,50,0.0,0.1,10,5,0.5,True,42,46,46,0.6888888888888889,0.65,0.717391304347826,45,11.317582584917545,0.001460324041545391,0.03245164536767536,0.00708770751953125,1858,0.0,40.7939453125,0.5946409537485151,0.6050257310271263,0.5821121295293172,32,42
depth_multiplier,2,8,2,64,0.5,0.001,32,50,0.0,0.1,10,5,0.5,True,42,47,47,0.5111111111111111,0.6071428571428571,0.5853174603174602,45,12.926572856958956,0.0018297377973794937,0.04066083994176652,0.00708770751953125,1858,0.0,40.7939453125,0.5955859984863888,0.5971783158002477,0.5943925440311432,45,50
depth_multiplier,2,8,2,64,0.5,0.001,32,50,0.0,0.1,10,5,0.5,True,42,48,48,0.7058823529411765,0.7058823529411765,0.9285714285714286,17,8.962047336623073,0.0006612879224121571,0.0388992895536563,0.00708770751953125,1858,0.0,40.7939453125,0.5962408785533188,0.6059396186269316,0.5889890909194946,28,38
depth_multiplier,2,8,2,64,0.5,0.001,32,50,0.0,0.1,10,5,0.5,True,42,49,49,0.6444444444444445,0.7333333333333333,0.9367588932806323,45,12.05742124794051,0.0014328048564493656,0.03184010792109701,0.00708770751953125,1858,0.0,40.7939453125,0.5989548250129728,0.6002969990173975,0.5849155624707539,37,47
depth_multiplier,2,8,2,64,0.5,0.001,32,50,0.0,0.1,10,5,0.5,True,42,50,50,0.5777777777777777,0.42424242424242425,0.6600790513833993,45,8.056829961016774,0.0013792957179248333,0.030651015953885186,0.00708770751953125,1858,0.0,40.7939453125,0.5969626192342151,0.6046975194053217,0.5813185532887777,22,32
depth_multiplier,2,8,2,64,0.5,0.001,32,50,0.0,0.1,10,5,0.5,True,42,51,51,0.6,0.5714285714285714,0.6468253968253969,45,9.024747028946877,0.0015544728375971317,0.034543840835491814,0.00708770751953125,1858,0.0,40.7939453125,0.5950961718053529,0.6080317815596407,0.6070248703161876,27,37
depth_multiplier,2,8,2,64,0.5,0.001,32,50,0.0,0.1,10,5,0.5,True,42,52,52,0.7804878048780488,0.6896551724137931,0.8947368421052632,41,10.149501642677933,0.0013948357664048672,0.034020384546460176,0.00708770751953125,1858,0.0,40.7939453125,0.5921259319240396,0.6079773629705111,0.5882873773574829,32,42
depth_multiplier,2,8,2,64,0.5,0.001,32,50,0.0,0.1,10,5,0.5,True,42,53,53,0.4418604651162791,0.5384615384615384,0.46320346320346323,43,10.981764828786254,0.0013745557516813278,0.03196641282979832,0.00708770751953125,1858,0.0,40.7939453125,0.5975042154843156,0.5989942011056524,0.588651043176651,30,40
depth_multiplier,2,8,2,64,0.5,0.001,32,50,0.0,0.1,10,5,0.5,True,42,54,54,0.7435897435897436,0.6875,0.8206521739130435,39,8.924179431982338,0.0013161469250917435,0.03374735705363445,0.00708770751953125,1858,0.0,40.7939453125,0.6018931396079786,0.6127219848109015,0.5794489602247874,25,35
depth_multiplier,2,8,2,64,0.5,0.001,32,50,0.0,0.1,10,5,0.5,True,42,55,55,0.8444444444444444,0.8292682926829268,0.9525691699604744,45,13.372070057317615,0.0013453657738864422,0.029897017197476495,0.00708770751953125,1858,0.0,40.7939453125,0.584722272148638,0.5940960216702837,0.5984693149725596,44,50
depth_multiplier,2,8,2,64,0.5,0.001,32,50,0.0,0.1,10,5,0.5,True,42,56,56,0.8181818181818182,0.8181818181818182,0.9111570247933884,44,12.4259661892429,0.0014334339648485184,0.03257804465564814,0.00708770751953125,1858,0.0,40.7939453125,0.5993915859496954,0.59880935513612,0.6080731391906739,33,43
depth_multiplier,2,8,2,64,0.5,0.001,32,50,0.0,0.1,10,5,0.5,True,42,57,57,0.5111111111111111,0.5925925925925926,0.5952380952380952,45,8.662712692748755,0.001440474297851324,0.03201053995225164,0.00708770751953125,1858,0.0,40.7939453125,0.6061878766525876,0.6140134339079713,0.6123708069324494,23,33
depth_multiplier,2,8,2,64,0.5,0.001,32,50,0.0,0.1,10,5,0.5,True,42,58,58,0.5777777777777777,0.5777777777777777,0.7202380952380953,45,9.140163963194937,0.0014251647517085075,0.031670327815744616,0.00708770751953125,1858,0.0,40.7939453125,0.6015714732083407,0.6110856029571909,0.6024484852949779,28,38
depth_multiplier,2,8,2,64,0.5,0.001,32,50,0.0,0.1,10,5,0.5,True,42,59,59,0.6,0.35714285714285715,0.6011904761904762,45,6.799321293830872,0.001889906357973814,0.04199791906608476,0.00708770751953125,1858,0.0,40.7939453125,0.5984543232303677,0.6097920789863124,0.6066484451293945,18,28
depth_multiplier,2,8,2,64,0.5,0.001,32,50,0.0,0.1,10,5,0.5,True,42,60,60,0.8409090909090909,0.851063829787234,0.9194214876033058,44,7.980900004971772,0.001436424907296896,0.032646020620384,0.00708770751953125,1858,0.0,40.7939453125,0.6113994257016615,0.6173330816355619,0.6055797000726064,20,30
depth_multiplier,2,8,2,64,0.5,0.001,32,50,0.0,0.1,10,5,0.5,True,42,61,61,0.7441860465116279,0.7659574468085106,0.8636363636363636,43,11.930050337221473,0.0012997970916330814,0.03022783934030422,0.00708770751953125,1858,0.0,40.7939453125,0.6004049513827671,0.6030996945319753,0.6009194691975911,31,41
depth_multiplier,2,8,2,64,0.5,0.001,32,50,0.0,0.1,10,5,0.5,True,42,62,62,0.9111111111111111,0.9,0.9861660079051384,45,5.911261370871216,0.0013125669211149216,0.02916815380255381,0.00708770751953125,1858,0.0,40.7939453125,0.6142577996308153,0.6237676495855505,0.6181292156378428,12,22
depth_multiplier,2,8,2,64,0.5,0.001,32,50,0.0,0.1,10,5,0.5,True,42,63,63,0.5348837209302325,0.16666666666666666,0.5086580086580086,43,10.259618231095374,0.001446473877876997,0.033638927392488305,0.00708770751953125,1858,0.0,40.7939453125,0.5989057566180374,0.6028674757390311,0.6006878515084585,27,37
depth_multiplier,2,8,2,64,0.5,0.001,32,50,0.0,0.1,10,5,0.5,True,42,64,64,0.7111111111111111,0.6976744186046512,0.8043478260869565,45,11.889182296115905,0.0013500256463885307,0.030000569919745125,0.00708770751953125,1858,0.0,40.7939453125,0.5874202651056376,0.5874202651056376,0.5920715312163035,50,50
depth_multiplier,2,8,2,64,0.5,0.001,32,50,0.0,0.1,10,5,0.5,True,42,65,65,0.8,0.8,0.8869047619047619,45,7.230892731808126,0.0012299679219722748,0.027332620488272775,0.00708770751953125,1858,0.0,40.7939453125,0.5999591129295754,0.6096336107813951,0.6116470913092296,21,31
depth_multiplier,2,8,2,64,0.5,0.001,32,50,0.0,0.1,10,5,0.5,True,42,66,66,0.5777777777777777,0.6415094339622641,0.6205533596837944,45,12.066096233204007,0.0014572441577911377,0.03238320350646973,0.00708770751953125,1858,0.0,40.7939453125,0.5970481169043165,0.5951602696017786,0.6119273563226064,40,50
depth_multiplier,2,8,2,64,0.5,0.001,32,50,0.0,0.1,10,5,0.5,True,42,67,67,0.5111111111111111,0.15384615384615385,0.658102766798419,45,8.832888909149915,0.0013938047923147678,0.030973439829217065,0.00708770751953125,1858,0.0,40.7939453125,0.6034335525649966,0.6126215667887167,0.60525062084198,24,34
depth_multiplier,2,8,2,64,0.5,0.001,32,50,0.0,0.1,10,5,0.5,True,42,68,68,0.6888888888888889,0.6111111111111112,0.6640316205533596,45,6.12069734884426,0.00257663382217288,0.05725852938161956,0.00708770751953125,1858,0.0,40.7939453125,0.6058745752229835,0.6266050891894283,0.6119822978973388,11,21
depth_multiplier,2,8,2,64,0.5,0.001,32,50,0.0,0.1,10,5,0.5,True,42,69,69,0.6,0.6538461538461539,0.5615079365079365,45,10.972074223216623,0.0015576528385281563,0.034614507522847913,0.00708770751953125,1858,0.0,40.7939453125,0.5956516155239308,0.6046237893628351,0.6152842322985331,27,37
depth_multiplier,2,8,2,64,0.5,0.001,32,50,0.0,0.1,10,5,0.5,True,42,70,70,0.7333333333333333,0.7391304347826086,0.8300395256916996,45,7.657063216902316,0.0013323058374226093,0.029606796387169097,0.00708770751953125,1858,0.0,40.7939453125,0.6073411037072991,0.6140685907819055,0.6180959542592367,17,27
depth_multiplier,2,8,2,64,0.5,0.001,32,50,0.0,0.1,10,5,0.5,True,42,71,71,0.9111111111111111,0.9047619047619048,0.9881422924901185,45,14.281729584094137,0.0013898750767111778,0.03088611281580395,0.00708770751953125,1858,0.0,40.7939453125,0.5929049720818346,0.5910842730240389,0.6180987119674682,44,50
depth_multiplier,2,8,2,64,0.5,0.001,32,50,0.0,0.1,10,5,0.5,True,42,72,72,0.8222222222222222,0.84,0.9426877470355731,45,14.714580919127911,0.0018134783022105694,0.04029951782690155,0.00708770751953125,1858,0.0,40.7939453125,0.5992547284924623,0.5962015722285617,0.6041934251785278,48,50
depth_multiplier,2,8,2,64,0.5,0.001,32,50,0.0,0.1,10,5,0.5,True,42,73,73,0.6888888888888889,0.5625,0.7984189723320159,45,12.411851288750768,0.0019958349876105785,0.04435188861356841,0.00708770751953125,1858,0.0,40.7939453125,0.5945638707189849,0.5980438797762899,0.6104540606339772,41,50
depth_multiplier,2,8,2,64,0.5,0.001,32,50,0.0,0.1,10,5,0.5,True,42,74,74,0.5111111111111111,0.6451612903225806,0.5952380952380952,45,6.865762570407242,0.001495162956416607,0.033225843475924596,0.00708770751953125,1858,0.0,40.7939453125,0.6056080923387499,0.6145905685244184,0.6109558999538421,18,28
depth_multiplier,2,8,2,64,0.5,0.001,32,50,0.0,0.1,10,5,0.5,True,42,75,75,0.8780487804878049,0.8780487804878049,0.9476190476190476,41,13.489238528069109,0.0014759330078959465,0.0359983660462426,0.00708770751953125,1858,0.0,40.7939453125,0.5958324350190886,0.5958324350190886,0.595102059841156,50,50
depth_multiplier,2,8,2,64,0.5,0.001,32,50,0.0,0.1,10,5,0.5,True,42,76,76,0.4,0.5423728813559322,0.5395256916996047,45,10.056984172202647,0.0014204252511262894,0.031565005580584206,0.00708770751953125,1858,0.0,40.7939453125,0.5990465773325978,0.5981657523097414,0.6119662463665009,31,41
depth_multiplier,2,8,2,64,0.5,0.001,32,50,0.0,0.1,10,5,0.5,True,42,77,77,0.6222222222222222,0.7213114754098361,0.6587301587301587,45,12.329336671158671,0.001479793805629015,0.03288430679175589,0.00708770751953125,1858,0.0,40.7939453125,0.6012354479594664,0.5933502727385723,0.6287658095359803,34,44
depth_multiplier,2,8,2,64,0.5,0.001,32,50,0.0,0.1,10,5,0.5,True,42,78,78,0.5333333333333333,0.6181818181818182,0.6126482213438735,45,12.124511322006583,0.0015086932107806206,0.0335265157951249,0.00708770751953125,1858,0.0,40.7939453125,0.5915573379307082,0.5953195636922662,0.6052786926428477,33,43
depth_multiplier,2,8,2,64,0.5,0.001,32,50,0.0,0.1,10,5,0.5,True,42,79,79,0.6,0.6,0.6174999999999999,40,13.22580662323162,0.0015544723719358444,0.03886180929839611,0.00708770751953125,1858,0.0,40.7939453125,0.6005816694461938,0.5953336166161479,0.603706415494283,38,48
depth_multiplier,2,8,2,64,0.5,0.001,32,50,0.0,0.1,10,5,0.5,True,42,80,80,0.6222222222222222,0.5142857142857142,0.7094861660079052,45,12.159498998895288,0.0012531979009509087,0.027848842243353527,0.00708770751953125,1858,0.0,40.7939453125,0.5929418831612124,0.5929418831612124,0.6128803332646687,50,50
depth_multiplier,2,8,2,64,0.5,0.001,32,50,0.0,0.1,10,5,0.5,True,42,81,81,0.4888888888888889,0.0,0.8616600790513834,45,12.569126817397773,0.0013891258276998997,0.03086946283777555,0.00708770751953125,1858,0.0,40.7939453125,0.590406314441652,0.5969109164946007,0.6125250538190206,43,50
depth_multiplier,2,8,2,64,0.5,0.001,32,50,0.0,0.1,10,5,0.5,True,42,82,82,0.5777777777777777,0.6984126984126984,0.8636363636363636,45,13.14438830409199,0.0014359736815094948,0.03191052625576655,0.00708770751953125,1858,0.0,40.7939453125,0.5991228694717089,0.5981258573857221,0.6207792937755585,40,50
depth_multiplier,2,8,2,64,0.5,0.001,32,50,0.0,0.1,10,5,0.5,True,42,83,83,0.6578947368421053,0.5517241379310345,0.7811634349030471,38,5.820925811771303,0.0012950669042766094,0.03408070800727919,0.00708770751953125,1858,0.0,40.7939453125,0.6136933440963427,0.6233772770925001,0.6188460071881612,12,22
depth_multiplier,2,8,2,64,0.5,0.001,32,50,0.0,0.1,10,5,0.5,True,42,84,84,0.7272727272727273,0.7272727272727273,0.7681159420289855,44,13.00781400874257,0.0015229526907205582,0.03461256115273996,0.00708770751953125,1858,0.0,40.7939453125,0.5968216919537747,0.5968216919537747,0.6039152224858602,50,50
depth_multiplier,2,8,2,64,0.5,0.001,32,50,0.0,0.1,10,5,0.5,True,42,85,85,0.8409090909090909,0.851063829787234,0.9772256728778468,44,11.278252274729311,0.0012458679266273975,0.02831518015062267,0.00708770751953125,1858,0.0,40.7939453125,0.5996154293869481,0.602959840360916,0.5914704163869222,33,43
depth_multiplier,2,8,2,64,0.5,0.001,32,50,0.0,0.1,10,5,0.5,True,42,86,86,0.8409090909090909,0.8372093023255814,0.84472049689441,44,10.57528631389141,0.0019149151630699635,0.04352079916068099,0.00708770751953125,1858,0.0,40.7939453125,0.60093632724249,0.5997225317088041,0.6088956455389659,33,43
depth_multiplier,2,8,2,64,0.5,0.001,32,50,0.0,0.1,10,5,0.5,True,42,87,87,0.5555555555555556,0.6428571428571429,0.6284584980237155,45,8.72407927038148,0.001512792892754078,0.033617619838979505,0.00708770751953125,1858,0.0,40.7939453125,0.6044273753509377,0.6015606258403171,0.5963970979054769,22,32
depth_multiplier,2,8,2,64,0.5,0.001,32,50,0.0,0.1,10,5,0.5,True,42,88,88,0.5818181818181818,0.5306122448979592,0.6468253968253969,55,11.19826014060527,0.0016847900114953518,0.030632545663551853,0.00708770751953125,1858,0.0,40.7939453125,0.601579797538844,0.5986803311741713,0.6055561403433481,34,44
depth_multiplier,2,8,2,64,0.5,0.001,32,50,0.0,0.1,10,5,0.5,True,42,89,89,0.6222222222222222,0.6792452830188679,0.7202380952380952,45,7.6549149551428854,0.0015193726867437363,0.033763837483194135,0.00708770751953125,1858,0.0,40.7939453125,0.5983721769668839,0.6105934349876462,0.6139463265736897,19,29
depth_multiplier,2,8,2,64,0.5,0.001,32,50,0.0,0.1,10,5,0.5,True,42,90,90,0.6888888888888889,0.631578947368421,0.7727272727272727,45,11.109962403774261,0.0012840880081057549,0.028535289069016773,0.00708770751953125,1858,0.0,40.7939453125,0.5950603051619097,0.6056772522402533,0.5977290670077006,34,44
depth_multiplier,2,8,2,64,0.5,0.001,32,50,0.0,0.1,10,5,0.5,True,42,91,91,0.5909090909090909,0.7,0.8202479338842975,44,12.805744340177625,0.0013440949842333794,0.03054761327803135,0.00708770751953125,1858,0.0,40.7939453125,0.5961871542262308,0.6085835778803537,0.5997017999490102,49,50
depth_multiplier,2,8,2,64,0.5,0.001,32,50,0.0,0.1,10,5,0.5,True,42,92,92,0.6785714285714286,0.625,0.7307692307692307,56,6.987875433173031,0.0016633803024888039,0.02970321968730007,0.00708770751953125,1858,0.0,40.7939453125,0.6020151882460623,0.6199571363853685,0.6305728634198506,16,26
depth_multiplier,2,8,2,64,0.5,0.001,32,50,0.0,0.1,10,5,0.5,True,42,93,93,0.7555555555555555,0.7441860465116279,0.8438735177865613,45,13.417745443060994,0.0017484789714217186,0.03885508825381597,0.00708770751953125,1858,0.0,40.7939453125,0.5893789247581454,0.5941242067651316,0.6073432326316833,39,49
depth_multiplier,2,8,2,64,0.5,0.001,32,50,0.0,0.1,10,5,0.5,True,42,94,94,0.9772727272727273,0.9777777777777777,0.9958592132505176,44,13.556812483817339,0.00141460495069623,0.032150112515823406,0.00708770751953125,1858,0.0,40.7939453125,0.5900025365479065,0.5958402290037184,0.6147933204968771,46,50
depth_multiplier,2,8,2,64,0.5,0.001,32,50,0.0,0.1,10,5,0.5,True,42,95,95,0.75,0.6956521739130435,0.765625,28,10.647205673158169,0.0007962160743772984,0.028436288370617797,0.00708770751953125,1858,0.0,40.7939453125,0.6018874019835935,0.5984622463583946,0.5857573906580608,30,40
depth_multiplier,2,8,2,64,0.5,0.001,32,50,0.0,0.1,10,5,0.5,True,42,96,96,0.7142857142857143,0.76,0.7120181405895691,42,9.726413324009627,0.0015218621119856834,0.03623481219013532,0.00708770751953125,1858,0.0,40.7939453125,0.5931811129504984,0.6058544074044083,0.607916263739268,23,33
depth_multiplier,2,8,2,64,0.5,0.001,32,50,0.0,0.1,10,5,0.5,True,42,97,97,0.4772727272727273,0.25806451612903225,0.53099173553719,44,15.322261766996235,0.004011839162558317,0.09117816278541631,0.00708770751953125,1858,0.0,40.7939453125,0.5983434463992263,0.5905312430677991,0.6078538239002228,39,49
depth_multiplier,2,8,2,64,0.5,0.001,32,50,0.0,0.1,10,5,0.5,True,42,98,98,0.6222222222222222,0.6666666666666666,0.6067193675889329,45,8.648158481810242,0.0015664123930037022,0.034809164288971156,0.00708770751953125,1858,0.0,40.7939453125,0.5965798260136084,0.6089177587718675,0.6103176136811574,23,33
depth_multiplier,2,8,2,64,0.5,0.001,32,50,0.0,0.1,10,5,0.5,True,42,99,99,0.5348837209302325,0.4444444444444444,0.5670995670995671,43,8.916007847059518,0.0013038269244134426,0.030321556381707967,0.00708770751953125,1858,0.0,40.7939453125,0.5969532615307606,0.6089860218943972,0.6217287341753642,20,30
depth_multiplier,2,8,2,64,0.5,0.001,32,50,0.0,0.1,10,5,0.5,True,42,100,100,0.5277777777777778,0.6222222222222222,0.558641975308642,36,8.888926071114838,0.001650569960474968,0.04584916556874911,0.00708770751953125,1858,0.0,40.7939453125,0.6098451923691866,0.6054926595904611,0.5767134745915731,23,33
depth_multiplier,2,8,2,64,0.5,0.001,32,50,0.0,0.1,10,5,0.5,True,42,101,101,0.4888888888888889,0.20689655172413793,0.5948616600790514,45,13.090191710274667,0.001486924011260271,0.0330427558057838,0.00708770751953125,1858,0.0,40.7939453125,0.5943388679262364,0.6000138494101438,0.6013649264971416,48,50
depth_multiplier,2,8,2,64,0.5,0.001,32,50,0.0,0.1,10,5,0.5,True,42,102,102,0.7111111111111111,0.7719298245614035,0.8577075098814229,45,12.87032983917743,0.0014677438884973526,0.03261653085549672,0.00708770751953125,1858,0.0,40.7939453125,0.5898367103302118,0.59855734714956,0.603882888952891,45,50
depth_multiplier,2,8,2,64,0.5,0.001,32,50,0.0,0.1,10,5,0.5,True,42,103,103,0.6511627906976745,0.5454545454545454,0.7727272727272727,43,12.868463351856917,0.0016728397458791733,0.03890324990416682,0.00708770751953125,1858,0.0,40.7939453125,0.5940053298166303,0.5939647419886156,0.5994869510332743,39,49
depth_multiplier,2,8,2,64,0.5,0.001,32,50,0.0,0.1,10,5,0.5,True,42,104,104,0.5581395348837209,0.6274509803921569,0.7164502164502164,43,10.636754969134927,0.001402184832841158,0.032608949600957164,0.00708770751953125,1858,0.0,40.7939453125,0.5903849348877416,0.6016349720232415,0.5996851603190104,28,38
depth_multiplier,2,8,2,64,0.5,0.001,32,50,0.0,0.1,10,5,0.5,True,42,105,105,0.6888888888888889,0.5333333333333333,0.741106719367589,45,11.004766469355673,0.001783998217433691,0.039644404831859804,0.00708770751953125,1858,0.0,40.7939453125,0.5881841126264948,0.5930563577196815,0.6168336351712544,32,42
depth_multiplier,2,8,2,64,0.5,0.001,32,50,0.0,0.1,10,5,0.5,True,42,106,106,0.6,0.6538461538461539,0.6428571428571428,45,7.987821870949119,0.0017246287316083908,0.0383250829246309,0.00708770751953125,1858,0.0,40.7939453125,0.6001513340707981,0.611290241958517,0.6082289536794027,18,28
depth_multiplier,2,8,2,64,0.5,0.001,32,50,0.0,0.1,10,5,0.5,True,42,107,107,0.6,0.6666666666666666,0.5634920634920635,45,8.0089055551216,0.0014836243353784084,0.03296942967507574,0.00708770751953125,1858,0.0,40.7939453125,0.604498149770679,0.6038158587885626,0.6190267105897268,21,31
depth_multiplier,2,8,2,64,0.5,0.001,32,50,0.0,0.1,10,5,0.5,True,42,108,108,0.7777777777777778,0.7916666666666666,0.8833992094861661,45,8.927813726942986,0.0017197798006236553,0.03821732890274789,0.00708770751953125,1858,0.0,40.7939453125,0.6096195206046104,0.6075337996537035,0.612297797203064,24,34
depth_multiplier,4,8,4,64,0.5,0.001,32,50,0.0,0.1,10,5,0.5,True,42,1,1,0.8,0.8163265306122449,0.8478260869565217,45,13.164778931997716,0.0014217449352145195,0.031594331893655986,0.01410675048828125,3698,0.0,42.38232421875,0.573914778955055,0.5762629816026399,0.5613538722197214,45,50
depth_multiplier,4,8,4,64,0.5,0.001,32,50,0.0,0.1,10,5,0.5,True,42,2,2,0.8666666666666667,0.8421052631578947,0.9683794466403163,45,11.250871222931892,0.0012673381716012955,0.028163070480028786,0.01410675048828125,3698,0.0,42.38232421875,0.5748383655692592,0.5837357798309037,0.5658723831176757,32,42
depth_multiplier,4,8,4,64,0.5,0.001,32,50,0.0,0.1,10,5,0.5,True,42,3,3,0.3111111111111111,0.39215686274509803,0.308300395256917,45,7.91914894618094,0.0014388039708137512,0.031973421573638916,0.01410675048828125,3698,0.0,42.38232421875,0.5839527188376947,0.5881636542352763,0.5659980873266856,20,30
depth_multiplier,4,8,4,64,0.5,0.001,32,50,0.0,0.1,10,5,0.5,True,42,4,4,0.5333333333333333,0.676923076923077,0.7845849802371541,45,6.162195169366896,0.0013832952827215195,0.03073989517158932,0.01410675048828125,3698,0.0,42.38232421875,0.5938202341397604,0.6106149086898024,0.577134617169698,12,22
depth_multiplier,4,8,4,64,0.5,0.001,32,50,0.0,0.1,10,5,0.5,True,42,5,5,0.5111111111111111,0.5925925925925926,0.5218253968253969,45,7.0870579960756,0.0014966330491006374,0.033258512202236384,0.01410675048828125,3698,0.0,42.38232421875,0.58984466190591,0.6044553394118944,0.5900512715180715,17,27
depth_multiplier,4,8,4,64,0.5,0.001,32,50,0.0,0.1,10,5,0.5,True,42,6,6,0.4888888888888889,0.3783783783783784,0.501984126984127,45,6.387807318940759,0.0013947547413408756,0.030994549807575014,0.01410675048828125,3698,0.0,42.38232421875,0.5868090689182281,0.6118298448396452,0.5958788752555847,13,23
depth_multiplier,4,8,4,64,0.5,0.001,32,50,0.0,0.1,10,5,0.5,True,42,7,7,0.9111111111111111,0.9130434782608695,0.9940711462450593,45,9.017186144832522,0.00145253399387002,0.032278533197111554,0.01410675048828125,3698,0.0,42.38232421875,0.5828351012685082,0.5917563736438751,0.5728656748930613,24,34
depth_multiplier,4,8,4,64,0.5,0.001,32,50,0.0,0.1,10,5,0.5,True,42,8,8,0.7111111111111111,0.6666666666666666,0.8043478260869565,45,9.162433986086398,0.0013578161597251892,0.03017369243833754,0.01410675048828125,3698,0.0,42.38232421875,0.5713741675470815,0.5904354486953128,0.5811091621716817,25,35
depth_multiplier,4,8,4,64,0.5,0.001,32,50,0.0,0.1,10,5,0.5,True,42,9,9,0.5333333333333333,0.43243243243243246,0.5595238095238095,45,6.716347023379058,0.0018861368298530579,0.041914151774512395,0.01410675048828125,3698,0.0,42.38232421875,0.5904054339184905,0.6090051610812997,0.592301219701767,14,24
depth_multiplier,4,8,4,64,0.5,0.001,32,50,0.0,0.1,10,5,0.5,True,42,10,10,0.6444444444444445,0.68,0.7162698412698413,45,9.309370207134634,0.0016385409981012344,0.03641202218002743,0.01410675048828125,3698,0.0,42.38232421875,0.5665946927937594,0.5811780352484096,0.5924682299296061,29,39
depth_multiplier,4,8,4,64,0.5,0.001,32,50,0.0,0.1,10,5,0.5,True,42,11,11,0.4888888888888889,0.5964912280701754,0.5533596837944665,45,8.349376877769828,0.0013270466588437557,0.029489925752083458,0.01410675048828125,3698,0.0,42.38232421875,0.5718073682351545,0.5879698337027521,0.562497216463089,25,35
depth_multiplier,4,8,4,64,0.5,0.001,32,50,0.0,0.1,10,5,0.5,True,42,12,12,0.7777777777777778,0.7619047619047619,0.880952380952381,45,11.515959995798767,0.0016178209334611893,0.03595157629913753,0.01410675048828125,3698,0.0,42.38232421875,0.571678235223799,0.5697401890700514,0.5804353415966034,37,47
depth_multiplier,4,8,4,64,0.5,0.001,32,50,0.0,0.1,10,5,0.5,True,42,13,13,0.6857142857142857,0.717948717948718,0.803921568627451,35,8.096484093926847,0.0013343170285224915,0.03812334367207118,0.01410675048828125,3698,0.0,42.38232421875,0.597523100222602,0.5912885510108687,0.6147265394528707,20,30
depth_multiplier,4,8,4,64,0.5,0.001,32,50,0.0,0.1,10,5,0.5,True,42,14,14,0.6666666666666666,0.7169811320754716,0.7549407114624507,45,9.134995264932513,0.0013941950164735317,0.030982111477189597,0.01410675048828125,3698,0.0,42.38232421875,0.5825221240520477,0.5923853909427469,0.5866543134053548,24,34
depth_multiplier,4,8,4,64,0.5,0.001,32,50,0.0,0.1,10,5,0.5,True,42,15,15,0.7777777777777778,0.8148148148148148,0.9802371541501977,45,10.668933444656432,0.00173959881067276,0.03865775134828356,0.01410675048828125,3698,0.0,42.38232421875,0.5776199535890059,0.5844253759944078,0.5545448044935862,30,40
depth_multiplier,4,8,4,64,0.5,0.001,32,50,0.0,0.1,10,5,0.5,True,42,16,16,0.7555555555555555,0.7441860465116279,0.8122529644268774,45,7.958216939121485,0.0015434334054589272,0.034298520121309496,0.01410675048828125,3698,0.0,42.38232421875,0.5783991951382521,0.5929588941913663,0.584336656332016,19,29
depth_multiplier,4,8,4,64,0.5,0.001,32,50,0.0,0.1,10,5,0.5,True,42,17,17,0.5952380952380952,0.48484848484848486,0.6818181818181818,42,13.287771699018776,0.0022033010609447956,0.052459549070114186,0.01410675048828125,3698,0.0,42.38232421875,0.5668269246816635,0.5743375377673091,0.5932521204153697,39,49
depth_multiplier,4,8,4,64,0.5,0.001,32,50,0.0,0.1,10,5,0.5,True,42,18,18,0.4666666666666667,0.6,0.43873517786561267,45,9.775398440193385,0.0013815062120556831,0.030700138045681846,0.01410675048828125,3698,0.0,42.38232421875,0.5722718232057311,0.5901696036259333,0.5851483722527822,30,40
depth_multiplier,4,8,4,64,0.5,0.001,32,50,0.0,0.1,10,5,0.5,True,42,19,19,0.7333333333333333,0.75,0.8754940711462451,45,11.188924616668373,0.001671170350164175,0.03713711889253722,0.01410675048828125,3698,0.0,42.38232421875,0.5721118942354665,0.5691764560161214,0.5670713762442271,36,46
depth_multiplier,4,8,4,64,0.5,0.001,32,50,0.0,0.1,10,5,0.5,True,42,20,20,0.5333333333333333,0.2222222222222222,0.5632411067193676,45,12.268059043679386,0.0016437098383903503,0.036526885297563344,0.01410675048828125,3698,0.0,42.38232421875,0.5715986293825236,0.5765176794745706,0.5679110725720723,43,50
depth_multiplier,4,8,4,64,0.5,0.001,32,50,0.0,0.1,10,5,0.5,True,42,21,21,0.5333333333333333,0.6557377049180327,0.8333333333333334,45,9.633321026805788,0.0016423440538346767,0.03649653452965949,0.01410675048828125,3698,0.0,42.38232421875,0.5845384900317048,0.5826038007031787,0.5859331508477529,24,34
depth_multiplier,4,8,4,64,0.5,0.001,32,50,0.0,0.1,10,5,0.5,True,42,22,22,0.5777777777777777,0.5957446808510638,0.5711462450592886,45,11.639462809078395,0.001703933347016573,0.03786518548925718,0.01410675048828125,3698,0.0,42.38232421875,0.5746375437487256,0.5736244731780255,0.5909132659435272,35,45
depth_multiplier,4,8,4,64,0.5,0.001,32,50,0.0,0.1,10,5,0.5,True,42,23,23,0.5909090909090909,0.6785714285714286,0.8016528925619834,44,7.663586993701756,0.002111986745148897,0.04799969875338402,0.01410675048828125,3698,0.0,42.38232421875,0.5812344377239546,0.5879970012289105,0.5974673748016357,20,30
depth_multiplier,4,8,4,64,0.5,0.001,32,50,0.0,0.1,10,5,0.5,True,42,24,24,0.6111111111111112,0.7586206896551724,0.6233766233766234,18,8.098970002960414,0.0008242670446634293,0.04579261359241274,0.01410675048828125,3698,0.0,42.38232421875,0.5751050412654877,0.5913107444469193,0.5993875503540039,22,32
depth_multiplier,4,8,4,64,0.5,0.001,32,50,0.0,0.1,10,5,0.5,True,42,25,25,0.7111111111111111,0.6486486486486487,0.8972332015810277,45,8.081231673248112,0.0012664799578487873,0.028143999063306387,0.01410675048828125,3698,0.0,42.38232421875,0.5735492035746574,0.5956681488138257,0.5842692196369171,22,32
depth_multiplier,4,8,4,64,0.5,0.001,32,50,0.0,0.1,10,5,0.5,True,42,26,26,0.7777777777777778,0.8,0.7777777777777777,45,8.975281913764775,0.0012392611242830753,0.027539136095179453,0.01410675048828125,3698,0.0,42.38232421875,0.5905207488121409,0.5914574617689307,0.5908992866675059,23,33
depth_multiplier,4,8,4,64,0.5,0.001,32,50,0.0,0.1,10,5,0.5,True,42,27,27,0.5333333333333333,0.631578947368421,0.6541501976284585,45,13.108007910195738,0.001394858118146658,0.03099684706992573,0.01410675048828125,3698,0.0,42.38232421875,0.5763020163232629,0.5717160439852512,0.5681402047475179,34,44
depth_multiplier,4,8,4,64,0.5,0.001,32,50,0.0,0.1,10,5,0.5,True,42,28,28,0.5777777777777777,0.4864864864864865,0.5909090909090908,45,11.056625839788467,0.001426928211003542,0.03170951580007871,0.01410675048828125,3698,0.00390625,42.38232421875,0.572304752739993,0.5733538922486883,0.584235668182373,27,37
depth_multiplier,4,8,4,64,0.5,0.001,32,50,0.0,0.1,10,5,0.5,True,42,29,29,0.9111111111111111,0.9130434782608695,0.9802371541501976,45,12.562569370027632,0.001213591080158949,0.026968690670198865,0.01410675048828125,3698,0.0,42.38232421875,0.5633790928757552,0.5754531375838049,0.5710424145062765,34,44
depth_multiplier,4,8,4,64,0.5,0.001,32,50,0.0,0.1,10,5,0.5,True,42,30,30,0.6888888888888889,0.7407407407407407,0.7698412698412699,45,6.284748725127429,0.0016821930184960365,0.0373820670776897,0.01410675048828125,3698,0.00390625,42.38232421875,0.5945250290361318,0.6012863972873399,0.5869620025157929,14,24
depth_multiplier,4,8,4,64,0.5,0.001,32,50,0.0,0.1,10,5,0.5,True,42,31,31,0.8222222222222222,0.8333333333333334,0.8557312252964426,45,10.999508422799408,0.0016775731928646564,0.03727940428588126,0.01410675048828125,3698,0.00390625,42.38232421875,0.5700325175668254,0.5764125935507544,0.5960948407649994,32,42
depth_multiplier,4,8,4,64,0.5,0.001,32,50,0.0,0.1,10,5,0.5,True,42,32,32,0.7727272727272727,0.782608695652174,0.8902691511387163,44,8.254779730923474,0.0013958681374788284,0.03172427585179155,0.01410675048828125,3698,0.00390625,42.38232421875,0.5721336153872085,0.5922180260672714,0.5775647262732188,24,34
depth_multiplier,4,8,4,64,0.5,0.001,32,50,0.0,0.1,10,5,0.5,True,42,33,33,0.7333333333333333,0.7142857142857143,0.8695652173913044,45,10.646581611130387,0.0014377678744494915,0.0319503972099887,0.01410675048828125,3698,0.0,42.38232421875,0.580784239778013,0.581595069079688,0.5724092384179433,32,42
depth_multiplier,4,8,4,64,0.5,0.001,32,50,0.0,0.1,10,5,0.5,True,42,34,34,0.8666666666666667,0.8695652173913043,0.9444444444444444,45,7.989672800991684,0.0014559370465576649,0.03235415659017033,0.01410675048828125,3698,0.00390625,42.38232421875,0.5862680989684481,0.6051535055492864,0.5975408812363943,19,29
depth_multiplier,4,8,4,64,0.5,0.001,32,50,0.0,0.1,10,5,0.5,True,42,35,35,0.6888888888888889,0.5625,0.9229249011857708,45,13.348609616979957,0.0014551072381436825,0.03233571640319294,0.01410675048828125,3698,0.0,42.38232421875,0.5771118544719436,0.5818881089940215,0.5793920358022054,49,50
depth_multiplier,4,8,4,64,0.5,0.001,32,50,0.0,0.1,10,5,0.5,True,42,36,36,0.45454545454545453,0.5714285714285714,0.5020661157024793,44,9.099770505912602,0.0015842048451304436,0.036004655571146446,0.01410675048828125,3698,0.00390625,42.38232421875,0.5772067195538318,0.5875197560949759,0.5910044689973195,21,31
depth_multiplier,4,8,4,64,0.5,0.001,32,50,0.0,0.1,10,5,0.5,True,42,37,37,0.5111111111111111,0.0,0.5731225296442688,45,10.40871352981776,0.0013996078632771969,0.031102396961715486,0.01410675048828125,3698,0.00390625,42.38232421875,0.573950362927986,0.5753529268232259,0.5775991300741832,28,38
depth_multiplier,4,8,4,64,0.5,0.001,32,50,0.0,0.1,10,5,0.5,True,42,38,38,0.5555555555555556,0.5,0.6383399209486166,45,10.379413063172251,0.0014074482023715973,0.03127662671936883,0.01410675048828125,3698,0.00390625,42.38232421875,0.5779732350598682,0.5887075242671099,0.570756338040034,28,38
depth_multiplier,4,8,4,64,0.5,0.001,32,50,0.0,0.1,10,5,0.5,True,42,39,39,0.6136363636363636,0.6530612244897959,0.6356107660455486,44,12.775435616262257,0.0014845868572592735,0.03374061039225622,0.01410675048828125,3698,0.00390625,42.38232421875,0.5696778629313816,0.5723200702305996,0.5633085111776988,35,45
depth_multiplier,4,8,4,64,0.5,0.001,32,50,0.0,0.1,10,5,0.5,True,42,40,40,0.4888888888888889,0.5964912280701754,0.5436507936507937,45,10.731275313068181,0.0016380241140723228,0.036400535868273846,0.01410675048828125,3698,0.0,42.38232421875,0.5755105318896698,0.5933939448811791,0.5919945955276489,26,36
depth_multiplier,4,8,4,64,0.5,0.001,32,50,0.0,0.1,10,5,0.5,True,42,41,41,0.7111111111111111,0.6829268292682927,0.7400793650793651,45,11.893286126665771,0.0013861279003322124,0.030802842229604725,0.01410675048828125,3698,0.0,42.38232421875,0.5761691155758771,0.5845282010056756,0.5862388491630555,29,39
depth_multiplier,4,8,4,64,0.5,0.001,32,50,0.0,0.1,10,5,0.5,True,42,42,42,0.8222222222222222,0.7894736842105263,0.9387351778656127,45,13.868982433807105,0.0015753749758005142,0.03500833279556698,0.01410675048828125,3698,0.00390625,42.38232421875,0.5871858623894778,0.584003565437866,0.5926130592823029,46,50
depth_multiplier,4,8,4,64,0.5,0.001,32,50,0.0,0.1,10,5,0.5,True,42,43,43,0.8888888888888888,0.8837209302325582,0.9802371541501977,45,7.565199709031731,0.001811792142689228,0.040262047615316175,0.01410675048828125,3698,0.0,42.38232421875,0.5845533329429049,0.5941205968459448,0.5789548655351003,19,29
depth_multiplier,4,8,4,64,0.5,0.001,32,50,0.0,0.1,10,5,0.5,True,42,44,44,0.7586206896551724,0.72,0.9095238095238095,29,12.585470248013735,0.0008025569841265678,0.027674378762985098,0.01410675048828125,3698,0.0,42.38232421875,0.5774587297981436,0.5696387309016604,0.5854127546151479,46,50
depth_multiplier,4,8,4,64,0.5,0.001,32,50,0.0,0.1,10,5,0.5,True,42,45,45,0.5777777777777777,0.2962962962962963,0.8517786561264822,45,10.879603118170053,0.0014986363239586353,0.03330302942130301,0.01410675048828125,3698,0.0,42.38232421875,0.5666010014035485,0.5767463052814658,0.5876823365688324,33,43
depth_multiplier,4,8,4,64,0.5,0.001,32,50,0.0,0.1,10,5,0.5,True,42,46,46,0.7111111111111111,0.6829268292682927,0.7727272727272727,45,9.234708993230015,0.0015045758336782455,0.03343501852618323,0.01410675048828125,3698,0.00390625,42.38232421875,0.5801641889142267,0.5910121841412602,0.5857271273930867,27,37
depth_multiplier,4,8,4,64,0.5,0.001,32,50,0.0,0.1,10,5,0.5,True,42,47,47,0.4888888888888889,0.6229508196721312,0.5813492063492063,45,6.677231392357498,0.0012082308530807495,0.026849574512905545,0.01410675048828125,3698,0.0,42.38232421875,0.5806407472400954,0.5965851021535469,0.5970626811186472,18,28
depth_multiplier,4,8,4,64,0.5,0.001,32,50,0.0,0.1,10,5,0.5,True,42,48,48,0.6470588235294118,0.5714285714285714,0.9285714285714286,17,6.262274010106921,0.0007654582150280476,0.04502695382517927,0.01410675048828125,3698,0.00390625,42.38232421875,0.5939525419608095,0.6054547565772121,0.6042550206184387,13,23
depth_multiplier,4,8,4,64,0.5,0.001,32,50,0.0,0.1,10,5,0.5,True,42,49,49,0.7555555555555555,0.8,0.9920948616600791,45,8.919452756177634,0.001209520734846592,0.026878238552146487,0.01410675048828125,3698,0.00390625,42.38232421875,0.5897396369413896,0.5968642975344802,0.5858197152614594,21,31
depth_multiplier,4,8,4,64,0.5,0.001,32,50,0.0,0.1,10,5,0.5,True,42,50,50,0.5555555555555556,0.4117647058823529,0.6324110671936759,45,10.478631184902042,0.0013959184288978577,0.031020409531063504,0.01410675048828125,3698,0.00390625,42.38232421875,0.5705095520525267,0.5881710201501846,0.5754467288653056,25,35
depth_multiplier,4,8,4,64,0.5,0.001,32,50,0.0,0.1,10,5,0.5,True,42,51,51,0.4888888888888889,0.6349206349206349,0.6924603174603174,45,5.862983610946685,0.0015640049241483212,0.034755664981073804,0.01410675048828125,3698,0.0,42.38232421875,0.5846916301683946,0.610270953539646,0.6056128879388173,11,21
depth_multiplier,4,8,4,64,0.5,0.001,32,50,0.0,0.1,10,5,0.5,True,42,52,52,0.8536585365853658,0.8125,0.9449760765550238,41,11.55450975196436,0.0014540869742631912,0.03546553595763881,0.01410675048828125,3698,0.03515625,42.38232421875,0.570740699316516,0.5771746274196741,0.5779629290103913,35,45
depth_multiplier,4,8,4,64,0.5,0.001,32,50,0.0,0.1,10,5,0.5,True,42,53,53,0.5116279069767442,0.5116279069767442,0.49350649350649356,43,8.419055454898626,0.0012316606007516384,0.028643269784921824,0.01410675048828125,3698,0.0,42.38232421875,0.5841915718082226,0.5905207433935368,0.5873103439807892,21,31
depth_multiplier,4,8,4,64,0.5,0.001,32,50,0.0,0.1,10,5,0.5,True,42,54,54,0.717948717948718,0.6666666666666666,0.8125,39,9.22518050391227,0.001274429727345705,0.03267768531655654,0.01410675048828125,3698,0.03125,42.38232421875,0.5858575049223322,0.5864241656028863,0.5809940954049428,23,33
depth_multiplier,4,8,4,64,0.5,0.001,32,50,0.0,0.1,10,5,0.5,True,42,55,55,0.7333333333333333,0.625,0.9426877470355731,45,7.538862605113536,0.0014149881899356842,0.03144418199857076,0.01410675048828125,3698,0.00390625,42.38232421875,0.5831008115501115,0.5935368097641252,0.5974703431129456,19,29
depth_multiplier,4,8,4,64,0.5,0.001,32,50,0.0,0.1,10,5,0.5,True,42,56,56,0.8636363636363636,0.8636363636363636,0.9194214876033058,44,11.66432772623375,0.0012613199651241302,0.028666362843730232,0.01410675048828125,3698,0.0078125,42.38232421875,0.57898910343647,0.5819065496325493,0.6051552097002665,33,43
depth_multiplier,4,8,4,64,0.5,0.001,32,50,0.0,0.1,10,5,0.5,True,42,57,57,0.5555555555555556,0.5454545454545454,0.6626984126984128,45,10.190473058726639,0.0014079981483519077,0.0312888477411535,0.01410675048828125,3698,0.0,42.38232421875,0.5746905492110685,0.5892727501464613,0.5957658310731252,26,36
depth_multiplier,4,8,4,64,0.5,0.001,32,50,0.0,0.1,10,5,0.5,True,42,58,58,0.6888888888888889,0.6111111111111112,0.7440476190476191,45,6.729226320050657,0.0016492940485477448,0.03665097885661655,0.01410675048828125,3698,0.00390625,42.38232421875,0.5921178356264577,0.6081042750315233,0.5975883781909943,16,26
depth_multiplier,4,8,4,64,0.5,0.001,32,50,0.0,0.1,10,5,0.5,True,42,59,59,0.6222222222222222,0.48484848484848486,0.6269841269841269,45,7.998815226834267,0.0018731611780822277,0.04162580395738284,0.01410675048828125,3698,0.00390625,42.38232421875,0.5729777225942323,0.5902241265231912,0.5978988170623779,20,30
depth_multiplier,4,8,4,64,0.5,0.001,32,50,0.0,0.1,10,5,0.5,True,42,60,60,0.8409090909090909,0.8444444444444444,0.915289256198347,44,5.158788450062275,0.0012260712683200836,0.027865256098183716,0.01410675048828125,3698,0.00390625,42.38232421875,0.5970536544919014,0.6148729945222536,0.6111098885536194,10,20
depth_multiplier,4,8,4,64,0.5,0.001,32,50,0.0,0.1,10,5,0.5,True,42,61,61,0.7906976744186046,0.8085106382978723,0.8852813852813852,43,9.475098695140332,0.0014469870366156101,0.0336508613166421,0.01410675048828125,3698,0.00390625,42.38232421875,0.576086737215519,0.5861855530829141,0.6016141414642334,27,37
depth_multiplier,4,8,4,64,0.5,0.001,32,50,0.0,0.1,10,5,0.5,True,42,62,62,0.8666666666666667,0.8421052631578947,0.9901185770750989,45,5.783474037889391,0.0012439796701073647,0.02764399266905255,0.01410675048828125,3698,0.00390625,42.38232421875,0.5982495882745945,0.6121252343961687,0.6133165637652079,13,23
depth_multiplier,4,8,4,64,0.5,0.001,32,50,0.0,0.1,10,5,0.5,True,42,63,63,0.5581395348837209,0.2962962962962963,0.487012987012987,43,12.502017966937274,0.0015108762308955193,0.03513665653245394,0.01410675048828125,3698,0.00390625,42.38232421875,0.5788517375335549,0.5843005309050734,0.6074281573295593,36,46
depth_multiplier,4,8,4,64,0.5,0.001,32,50,0.0,0.1,10,5,0.5,True,42,64,64,0.7555555555555555,0.7441860465116279,0.8122529644268774,45,13.66107854899019,0.0014341478236019611,0.031869951635599136,0.01410675048828125,3698,0.00390625,42.38232421875,0.5585994844635328,0.5588792205759974,0.5966153621673584,46,50
depth_multiplier,4,8,4,64,0.5,0.001,32,50,0.0,0.1,10,5,0.5,True,42,65,65,0.8666666666666667,0.8695652173913043,0.9186507936507937,45,7.546285577118397,0.0016618939116597176,0.03693097581466039,0.01410675048828125,3698,0.00390625,42.38232421875,0.5887324502973845,0.6060718207648306,0.6174048999945323,18,28
depth_multiplier,4,8,4,64,0.5,0.001,32,50,0.0,0.1,10,5,0.5,True,42,66,66,0.6444444444444445,0.6923076923076923,0.5909090909090908,45,9.150684722233564,0.001394398044794798,0.030986623217662174,0.01410675048828125,3698,0.00390625,42.38232421875,0.5772134332042752,0.5890409596490137,0.606403503815333,25,35
depth_multiplier,4,8,4,64,0.5,0.001,32,50,0.0,0.1,10,5,0.5,True,42,67,67,0.6,0.5263157894736842,0.6679841897233202,45,9.890303443185985,0.0012650899589061737,0.028113110197914973,0.01410675048828125,3698,0.0,42.38232421875,0.5762633514223676,0.5783919994578217,0.5958440860112508,28,38
depth_multiplier,4,8,4,64,0.5,0.001,32,50,0.0,0.1,10,5,0.5,True,42,68,68,0.6666666666666666,0.6153846153846154,0.6936758893280632,45,6.00510668521747,0.0013220086693763733,0.02937797043058607,0.01410675048828125,3698,0.0,42.38232421875,0.5852043947035616,0.6070434103409449,0.6192950268586477,15,25
depth_multiplier,4,8,4,64,0.5,0.001,32,50,0.0,0.1,10,5,0.5,True,42,69,69,0.4888888888888889,0.5106382978723404,0.5317460317460316,45,5.271801675204188,0.0011966810561716557,0.026592912359370127,0.01410675048828125,3698,0.0078125,42.38232421875,0.5810071019963785,0.6067815664591212,0.6167912960052491,14,24
depth_multiplier,4,8,4,64,0.5,0.001,32,50,0.0,0.1,10,5,0.5,True,42,70,70,0.7777777777777778,0.7619047619047619,0.8715415019762845,45,7.164402322843671,0.0018589599058032036,0.04131022012896008,0.01410675048828125,3698,0.0,42.38232421875,0.5759129174279444,0.5958701898202752,0.6136953671773274,23,33
depth_multiplier,4,8,4,64,0.5,0.001,32,50,0.0,0.1,10,5,0.5,True,42,71,71,0.8666666666666667,0.8636363636363636,0.9624505928853755,45,11.055574805941433,0.0013324492610991001,0.029609983579980004,0.01410675048828125,3698,0.00390625,42.38232421875,0.5697817718892386,0.5653913768403458,0.6100861847400665,39,49
depth_multiplier,4,8,4,64,0.5,0.001,32,50,0.0,0.1,10,5,0.5,True,42,72,72,0.7555555555555555,0.7924528301886793,0.950592885375494,45,9.789742342196405,0.0013272389769554138,0.029494199487898085,0.01410675048828125,3698,0.00390625,42.38232421875,0.5698490630496632,0.5792450320088502,0.6088121871153513,33,43
depth_multiplier,4,8,4,64,0.5,0.001,32,50,0.0,0.1,10,5,0.5,True,42,73,73,0.6,0.47058823529411764,0.6976284584980237,45,6.769500751979649,0.0012456970289349556,0.027682156198554568,0.01410675048828125,3698,0.0,42.38232421875,0.5748084164930113,0.5943323407660831,0.6143404324849446,21,31
depth_multiplier,4,8,4,64,0.5,0.001,32,50,0.0,0.1,10,5,0.5,True,42,74,74,0.5333333333333333,0.6037735849056604,0.5892857142857143,45,5.0156718371436,0.0012146378867328167,0.02699195303850704,0.01410675048828125,3698,0.0,42.38232421875,0.588644830566464,0.6046252806078304,0.6011743783950806,14,24
depth_multiplier,4,8,4,64,0.5,0.001,32,50,0.0,0.1,10,5,0.5,True,42,75,75,0.8536585365853658,0.85,0.9333333333333333,41,4.19044732907787,0.0011956989765167236,0.0291633896711396,0.01410675048828125,3698,0.0,42.38232421875,0.5952068610173283,0.6278395185416396,0.6014987071355183,8,18
depth_multiplier,4,8,4,64,0.5,0.001,32,50,0.0,0.1,10,5,0.5,True,42,76,76,0.6,0.5263157894736842,0.6126482213438735,45,6.937668912112713,0.0011845892295241356,0.026324205100536346,0.01410675048828125,3698,0.0,42.38232421875,0.580769407704021,0.5971120257269252,0.6110319912433624,20,30
depth_multiplier,4,8,4,64,0.5,0.001,32,50,0.0,0.1,10,5,0.5,True,42,77,77,0.5777777777777777,0.6984126984126984,0.634920634920635,45,7.065606122836471,0.001399114727973938,0.031091438399420843,0.01410675048828125,3698,0.0,42.38232421875,0.5848453548369985,0.5958120768720453,0.6335229198137919,20,30
depth_multiplier,4,8,4,64,0.5,0.001,32,50,0.0,0.1,10,5,0.5,True,42,78,78,0.4666666666666667,0.5555555555555556,0.5909090909090908,45,11.383457110729069,0.0018883859738707542,0.041964132752683424,0.01410675048828125,3698,0.0,42.38232421875,0.5558772035168879,0.5558772035168879,0.599468183517456,50,50
depth_multiplier,4,8,4,64,0.5,0.001,32,50,0.0,0.1,10,5,0.5,True,42,79,79,0.525,0.5581395348837209,0.61,40,6.539121988229454,0.002440685871988535,0.06101714679971337,0.01410675048828125,3698,0.0,42.38232421875,0.584930382668972,0.5925543123122418,0.5938949426015218,19,29
depth_multiplier,4,8,4,64,0.5,0.001,32,50,0.0,0.1,10,5,0.5,True,42,80,80,0.5777777777777777,0.45714285714285713,0.7134387351778656,45,6.0269875531084836,0.001195359043776989,0.026563534306155313,0.01410675048828125,3698,0.0,42.38232421875,0.5813400296099258,0.6003800998582984,0.6189641157786051,19,29
depth_multiplier,4,8,4,64,0.5,0.001,32,50,0.0,0.1,10,5,0.5,True,42,81,81,0.4888888888888889,0.0,0.8656126482213439,45,10.81878183921799,0.0015408620238304138,0.03424137830734253,0.01410675048828125,3698,0.0,42.38232421875,0.5708187734990409,0.5789698421052007,0.6151254932085674,34,44
depth_multiplier,4,8,4,64,0.5,0.001,32,50,0.0,0.1,10,5,0.5,True,42,82,82,0.6222222222222222,0.7213114754098361,0.8438735177865613,45,7.705884804949164,0.0012098378501832485,0.026885285559627742,0.01410675048828125,3698,0.0,42.38232421875,0.5779019871895964,0.6021132564002817,0.6099989414215088,21,31
depth_multiplier,4,8,4,64,0.5,0.001,32,50,0.0,0.1,10,5,0.5,True,42,83,83,0.7368421052631579,0.6666666666666666,0.7673130193905817,38,7.449307975824922,0.0011531389318406582,0.030345761364227848,0.01410675048828125,3698,0.01171875,42.38232421875,0.5865105889511831,0.6016449758952315,0.611583948135376,18,28
depth_multiplier,4,8,4,64,0.5,0.001,32,50,0.0,0.1,10,5,0.5,True,42,84,84,0.7045454545454546,0.7111111111111111,0.753623188405797,44,10.978863085620105,0.001233637798577547,0.028037222694944252,0.01410675048828125,3698,0.0,42.38232421875,0.5701603828506037,0.5774517971457858,0.6003072818120321,38,48
depth_multiplier,4,8,4,64,0.5,0.001,32,50,0.0,0.1,10,5,0.5,True,42,85,85,0.9772727272727273,0.975609756097561,0.989648033126294,44,5.303564898204058,0.0013311458751559258,0.030253315344452858,0.01410675048828125,3698,0.0,42.38232421875,0.5891793471845713,0.6127501078175775,0.6081995089848836,13,23
depth_multiplier,4,8,4,64,0.5,0.001,32,50,0.0,0.1,10,5,0.5,True,42,86,86,0.7272727272727273,0.75,0.8115942028985508,44,7.519554822705686,0.0011712191626429558,0.02661861733279445,0.01410675048828125,3698,0.0,42.38232421875,0.5839525725353848,0.592107982572281,0.6137044449647268,22,32
depth_multiplier,4,8,4,64,0.5,0.001,32,50,0.0,0.1,10,5,0.5,True,42,87,87,0.5111111111111111,0.5925925925925926,0.6462450592885375,45,6.866205747704953,0.0012354878708720207,0.02745528601937824,0.01410675048828125,3698,0.0,42.38232421875,0.5789627398956906,0.5951653149994937,0.5966417292753855,20,30
depth_multiplier,4,8,4,64,0.5,0.001,32,50,0.0,0.1,10,5,0.5,True,42,88,88,0.5454545454545454,0.4186046511627907,0.5978835978835979,55,7.16353611741215,0.0013105259276926517,0.023827744139866398,0.01410675048828125,3698,0.0,42.38232421875,0.5769480157530669,0.5928724033362938,0.6079220553239186,25,35
depth_multiplier,4,8,4,64,0.5,0.001,32,50,0.0,0.1,10,5,0.5,True,42,89,89,0.5333333333333333,0.0,0.6686507936507936,45,7.131712133996189,0.004486238118261099,0.09969418040580219,0.01410675048828125,3698,0.0,42.38232421875,0.5727140311941956,0.5933628716703617,0.6225385864575704,21,31
depth_multiplier,4,8,4,64,0.5,0.001,32,50,0.0,0.1,10,5,0.5,True,42,90,90,0.7333333333333333,0.7391304347826086,0.7628458498023716,45,5.085684858262539,0.0013756649568676949,0.030570332374837663,0.01410675048828125,3698,0.0,42.38232421875,0.5902354561469771,0.6048269416346694,0.6116082688172658,14,24
depth_multiplier,4,8,4,64,0.5,0.001,32,50,0.0,0.1,10,5,0.5,True,42,91,91,0.6136363636363636,0.711864406779661,0.774793388429752,44,5.716039068996906,0.0018529859371483326,0.0421133167533712,0.01410675048828125,3698,0.0,42.38232421875,0.5819326496937058,0.597020480668906,0.5955676933129629,17,27
depth_multiplier,4,8,4,64,0.5,0.001,32,50,0.0,0.1,10,5,0.5,True,42,92,92,0.5892857142857143,0.5818181818181818,0.7141025641025641,56,7.246128229890019,0.00136186508461833,0.024319019368184463,0.01410675048828125,3698,0.0,42.38232421875,0.5719595221859036,0.5925465300679207,0.6289292812347412,21,31
depth_multiplier,4,8,4,64,0.5,0.001,32,50,0.0,0.1,10,5,0.5,True,42,93,93,0.7111111111111111,0.7111111111111111,0.8201581027667985,45,7.424524774774909,0.002626043278723955,0.058356517304976784,0.01410675048828125,3698,0.0,42.38232421875,0.5856076424772089,0.595237894717491,0.6130035936832428,22,32
depth_multiplier,4,8,4,64,0.5,0.001,32,50,0.0,0.1,10,5,0.5,True,42,94,94,0.9318181818181818,0.9387755102040817,0.989648033126294,44,3.753671857062727,0.0012190081179141998,0.02770472995259545,0.01410675048828125,3698,0.0,42.38232421875,0.604964536925157,0.6319742473688993,0.6250130653381347,6,16
depth_multiplier,4,8,4,64,0.5,0.001,32,50,0.0,0.1,10,5,0.5,True,42,95,95,0.7142857142857143,0.6666666666666666,0.7499999999999999,28,7.12491003703326,0.0007114470936357975,0.025408824772707055,0.01410675048828125,3698,0.0,42.38232421875,0.5783076037963232,0.6001059302326405,0.5848943829536438,24,34
depth_multiplier,4,8,4,64,0.5,0.001,32,50,0.0,0.1,10,5,0.5,True,42,96,96,0.7380952380952381,0.7755102040816326,0.7165532879818595,42,8.952765048947185,0.001217107754200697,0.028978756052397546,0.01410675048828125,3698,0.0,42.38232421875,0.569820241043062,0.5859080171494773,0.5978347599506378,27,37
depth_multiplier,4,8,4,64,0.5,0.001,32,50,0.0,0.1,10,5,0.5,True,42,97,97,0.5227272727272727,0.36363636363636365,0.5330578512396694,44,10.403368789702654,0.001180178951472044,0.02682224889709191,0.01410675048828125,3698,0.0,42.38232421875,0.5751778914621382,0.5739161266070424,0.5920620580514272,36,46
depth_multiplier,4,8,4,64,0.5,0.001,32,50,0.0,0.1,10,5,0.5,True,42,98,98,0.5555555555555556,0.6428571428571429,0.6679841897233202,45,9.027135731186718,0.0012216679751873016,0.027148177226384483,0.01410675048828125,3698,0.0,42.38232421875,0.5729082303516793,0.5848752359549204,0.6062438905239105,27,37
depth_multiplier,4,8,4,64,0.5,0.001,32,50,0.0,0.1,10,5,0.5,True,42,99,99,0.5348837209302325,0.4444444444444444,0.525974025974026,43,6.225472203921527,0.001210218295454979,0.028144611522208814,0.01410675048828125,3698,0.0,42.38232421875,0.5735343778223703,0.6053111388376264,0.6101937651634216,17,27
depth_multiplier,4,8,4,64,0.5,0.001,32,50,0.0,0.1,10,5,0.5,True,42,100,100,0.5277777777777778,0.6046511627906976,0.5648148148148148,36,8.134464804083109,0.0013593449257314205,0.037759581270317234,0.01410675048828125,3698,0.0,42.38232421875,0.5717459743221601,0.578262022273107,0.5696204821268718,28,38
depth_multiplier,4,8,4,64,0.5,0.001,32,50,0.0,0.1,10,5,0.5,True,42,101,101,0.4222222222222222,0.23529411764705882,0.5355731225296443,45,10.376050245016813,0.0016011008992791176,0.035580019983980395,0.01410675048828125,3698,0.0,42.38232421875,0.5598221680883205,0.578577196733518,0.607752784093221,32,42
depth_multiplier,4,8,4,64,0.5,0.001,32,50,0.0,0.1,10,5,0.5,True,42,102,102,0.8,0.8163265306122449,0.865612648221344,45,11.766146482899785,0.00121662812307477,0.027036180512772668,0.01410675048828125,3698,0.0,42.38232421875,0.5569430700305736,0.569092859147173,0.599267053604126,42,50
depth_multiplier,4,8,4,64,0.5,0.001,32,50,0.0,0.1,10,5,0.5,True,42,103,103,0.6744186046511628,0.5333333333333333,0.8051948051948052,43,5.651110857259482,0.0012065283954143524,0.028058799893357033,0.01410675048828125,3698,0.0,42.38232421875,0.5848473782340685,0.6040197863723292,0.6066893339157104,15,25
depth_multiplier,4,8,4,64,0.5,0.001,32,50,0.0,0.1,10,5,0.5,True,42,104,104,0.5581395348837209,0.6415094339622641,0.6645021645021645,43,10.093828621786088,0.0013486058451235294,0.031362926630779754,0.01410675048828125,3698,0.0,42.38232421875,0.5619277127764442,0.5756194458314867,0.5964390158653259,34,44
depth_multiplier,4,8,4,64,0.5,0.001,32,50,0.0,0.1,10,5,0.5,True,42,105,105,0.6222222222222222,0.41379310344827586,0.7094861660079052,45,7.927274879999459,0.0012554572895169258,0.02789905087815391,0.01410675048828125,3698,0.0,42.38232421875,0.5714985604087511,0.5842663512536974,0.6110212206840515,28,38
depth_multiplier,4,8,4,64,0.5,0.001,32,50,0.0,0.1,10,5,0.5,True,42,106,106,0.5111111111111111,0.42105263157894735,0.628968253968254,45,5.327502914238721,0.0012083579786121845,0.02685239952471521,0.01410675048828125,3698,0.0,42.38232421875,0.580061047140396,0.5963253884604482,0.6119562387466431,17,27
depth_multiplier,4,8,4,64,0.5,0.001,32,50,0.0,0.1,10,5,0.5,True,42,107,107,0.4888888888888889,0.5306122448979592,0.5138888888888888,45,7.22084485925734,0.0012326170690357685,0.02739149042301708,0.01410675048828125,3698,0.0,42.38232421875,0.5815750006021876,0.5966771752996878,0.6088867584864298,22,32
depth_multiplier,4,8,4,64,0.5,0.001,32,50,0.0,0.1,10,5,0.5,True,42,108,108,0.8444444444444444,0.851063829787234,0.9130434782608695,45,7.693709675222635,0.0011911382898688316,0.026469739774862926,0.01410675048828125,3698,0.0,42.38232421875,0.5779106271537867,0.5878157593084105,0.6111631035804749,24,34
