parameter_name,parameter_value,temporal_filters,filter_length,pool_length,pool_stride,dropout_rate,learning_rate,batch_size,epochs,weight_decay,validation_fraction,early_stopping_patience,lr_scheduler_patience,lr_scheduler_factor,use_class_weight,seed,fold,subject,accuracy,f1_score,roc_auc,support,train_time_sec,inference_time_sec,inference_ms_per_sample,model_size_mb,num_parameters,train_memory_delta_mb,peak_gpu_memory_mb,final_train_loss,best_train_loss,best_val_loss,best_epoch,stopped_epoch
filter_length,15,40,15,75,15,0.5,0.001,32,50,0.0,0.1,10,5,0.5,True,42,1,1,0.7333333333333333,0.6666666666666666,0.8122529644268773,45,11.111124397721142,0.005668645724654198,0.12596990499231553,0.10300445556640625,27002,0.13671875,132.27001953125,0.5489839798573292,0.6092386981754592,0.5461998641490936,16,26
filter_length,15,40,15,75,15,0.5,0.001,32,50,0.0,0.1,10,5,0.5,True,42,2,2,0.7777777777777778,0.7058823529411765,0.9683794466403162,45,10.669261303264648,0.001512893009930849,0.03361984466512998,0.10300445556640625,27002,0.0,132.27001953125,0.5379165785782265,0.5951652000799323,0.5386123875776927,16,26
filter_length,15,40,15,75,15,0.5,0.001,32,50,0.0,0.1,10,5,0.5,True,42,3,3,0.5333333333333333,0.46153846153846156,0.4169960474308301,45,14.297631110996008,0.0026838709600269794,0.05964157688948843,0.10300445556640625,27002,0.0,132.27001953125,0.5297164352554263,0.53521257277691,0.5407374620437622,26,36
filter_length,15,40,15,75,15,0.5,0.001,32,50,0.0,0.1,10,5,0.5,True,42,4,4,0.5555555555555556,0.6875,0.7924901185770752,45,10.016686464194208,0.0013141860254108906,0.02920413389801979,0.10300445556640625,27002,0.0,132.27001953125,0.5505795332066941,0.6200749786062674,0.5298463980356852,15,25
filter_length,15,40,15,75,15,0.5,0.001,32,50,0.0,0.1,10,5,0.5,True,42,5,5,0.5333333333333333,0.6440677966101694,0.6170634920634921,45,10.769857352599502,0.0031594322063028812,0.07020960458450846,0.10300445556640625,27002,0.0,132.27001953125,0.5429894648718111,0.5799964677655336,0.5645764589309692,17,27
filter_length,15,40,15,75,15,0.5,0.001,32,50,0.0,0.1,10,5,0.5,True,42,6,6,0.5111111111111111,0.08333333333333333,0.5535714285714286,45,13.874937184620649,0.004310540854930878,0.09578979677624173,0.10300445556640625,27002,0.0,132.27001953125,0.5261074112671794,0.561874218510859,0.5448398888111115,23,33
filter_length,15,40,15,75,15,0.5,0.001,32,50,0.0,0.1,10,5,0.5,True,42,7,7,0.9111111111111111,0.9047619047619048,0.9644268774703558,45,8.85312420502305,0.001656519714742899,0.036811549216508865,0.10300445556640625,27002,0.0,132.27001953125,0.552693464765043,0.6089986914938147,0.551727032661438,12,22
filter_length,15,40,15,75,15,0.5,0.001,32,50,0.0,0.1,10,5,0.5,True,42,8,8,0.7111111111111111,0.7111111111111111,0.7569169960474309,45,18.47524254769087,0.002243529073894024,0.04985620164208942,0.10300445556640625,27002,0.0,132.27001953125,0.5115015118411093,0.5428767068819567,0.5518889387448629,29,39
filter_length,15,40,15,75,15,0.5,0.001,32,50,0.0,0.1,10,5,0.5,True,42,9,9,0.6888888888888889,0.65,0.6587301587301587,45,17.59786809189245,0.0026750508695840836,0.0594455748796463,0.10300445556640625,27002,0.0,132.27001953125,0.531640422615138,0.5650465316844709,0.5522405564785003,18,28
filter_length,15,40,15,75,15,0.5,0.001,32,50,0.0,0.1,10,5,0.5,True,42,10,10,0.6222222222222222,0.6792452830188679,0.7182539682539683,45,19.007548697758466,0.0035532647743821144,0.07896143943071365,0.10300445556640625,27002,0.0,132.27001953125,0.5069411137338841,0.5159982711528287,0.549964161713918,47,50
filter_length,15,40,15,75,15,0.5,0.001,32,50,0.0,0.1,10,5,0.5,True,42,11,11,0.4222222222222222,0.1875,0.5039525691699605,45,9.286333576776087,0.0045718359760940075,0.10159635502431127,0.10300445556640625,27002,0.0,132.27001953125,0.5461942203568689,0.609152130556829,0.5408198893070221,13,23
filter_length,15,40,15,75,15,0.5,0.001,32,50,0.0,0.1,10,5,0.5,True,42,12,12,0.6222222222222222,0.6046511627906976,0.8313492063492064,45,10.148901604115963,0.004126593936234713,0.0917020874718825,0.10300445556640625,27002,0.0,132.27001953125,0.5616293885942661,0.5991861242236514,0.5630856156349182,11,21
filter_length,15,40,15,75,15,0.5,0.001,32,50,0.0,0.1,10,5,0.5,True,42,13,13,0.8285714285714286,0.8421052631578947,0.8562091503267975,35,6.8652351992204785,0.003605314064770937,0.10300897327916964,0.10300445556640625,27002,0.109375,132.27001953125,0.5947077477520163,0.6964869953014634,0.5823821544647216,5,15
filter_length,15,40,15,75,15,0.5,0.001,32,50,0.0,0.1,10,5,0.5,True,42,14,14,0.6444444444444445,0.6363636363636364,0.7569169960474308,45,23.19373216899112,0.004070175811648369,0.09044835136996375,0.10300445556640625,27002,0.0,132.27001953125,0.508598277288856,0.5137432621735515,0.5456952432791392,45,50
filter_length,15,40,15,75,15,0.5,0.001,32,50,0.0,0.1,10,5,0.5,True,42,15,15,0.7111111111111111,0.7719298245614035,0.924901185770751,45,8.783432240132242,0.0042215632274746895,0.0938125161661042,0.10300445556640625,27002,0.0,132.27001953125,0.5746104078310909,0.6519231482437162,0.5455608506997426,9,19
filter_length,15,40,15,75,15,0.5,0.001,32,50,0.0,0.1,10,5,0.5,True,42,16,16,0.6666666666666666,0.7457627118644068,0.7707509881422925,45,12.529238519258797,0.004935049917548895,0.109667775945531,0.10300445556640625,27002,0.0,132.27001953125,0.5416745509613644,0.5959444872357629,0.5563505132993062,15,25
filter_length,15,40,15,75,15,0.5,0.001,32,50,0.0,0.1,10,5,0.5,True,42,17,17,0.5714285714285714,0.5,0.6545454545454545,42,23.142636133823544,0.005184285342693329,0.12343536530222211,0.10300445556640625,27002,0.0703125,132.27001953125,0.5080078194538752,0.5278916837591113,0.581413338581721,37,47
filter_length,15,40,15,75,15,0.5,0.001,32,50,0.0,0.1,10,5,0.5,True,42,18,18,0.5555555555555556,0.6774193548387096,0.5019762845849802,45,9.248180656228215,0.004252733197063208,0.09450518215696017,0.10300445556640625,27002,0.0,132.27001953125,0.5862910623351733,0.6839922135978034,0.5506579339504242,8,18
filter_length,15,40,15,75,15,0.5,0.001,32,50,0.0,0.1,10,5,0.5,True,42,19,19,0.6222222222222222,0.7213114754098361,0.7924901185770751,45,13.079011109191924,0.004649175330996513,0.10331500735547808,0.10300445556640625,27002,0.0,132.27001953125,0.5382668601744103,0.5832796846375321,0.548920730749766,18,28
filter_length,15,40,15,75,15,0.5,0.001,32,50,0.0,0.1,10,5,0.5,True,42,20,20,0.4222222222222222,0.38095238095238093,0.5,45,8.103954141959548,0.0036036637611687183,0.0800814169148604,0.10300445556640625,27002,0.0,132.27001953125,0.5715225720495889,0.678410045576818,0.5505731840928395,7,17
filter_length,15,40,15,75,15,0.5,0.001,32,50,0.0,0.1,10,5,0.5,True,42,21,21,0.6222222222222222,0.6792452830188679,0.8234126984126985,45,23.95914136292413,0.005077117122709751,0.11282482494910559,0.10300445556640625,27002,0.0,132.27001953125,0.5036885690960017,0.5110025563926408,0.5519029299418131,41,50
filter_length,15,40,15,75,15,0.5,0.001,32,50,0.0,0.1,10,5,0.5,True,42,22,22,0.6222222222222222,0.6222222222222222,0.6007905138339922,45,12.754893419332802,0.004538907203823328,0.10086460452940729,0.10300445556640625,27002,0.0,132.27001953125,0.553165207306544,0.6120451596198659,0.5651359220345815,17,27
filter_length,15,40,15,75,15,0.5,0.001,32,50,0.0,0.1,10,5,0.5,True,42,23,23,0.5454545454545454,0.6666666666666666,0.8553719008264463,44,10.624275396112353,0.007210677955299616,0.16387904443862764,0.10300445556640625,27002,0.046875,132.27001953125,0.5493585067716512,0.6465298264767184,0.561540691057841,12,22
filter_length,15,40,15,75,15,0.5,0.001,32,50,0.0,0.1,10,5,0.5,True,42,24,24,0.6111111111111112,0.7586206896551724,0.6363636363636364,18,19.147088155150414,0.003942397423088551,0.21902207906047502,0.10300445556640625,27002,0.078125,132.27001953125,0.5109230062567202,0.5326472735942754,0.55367697874705,31,41
filter_length,15,40,15,75,15,0.5,0.001,32,50,0.0,0.1,10,5,0.5,True,42,25,25,0.7333333333333333,0.76,0.7845849802371542,45,9.67813547886908,0.002456165384501219,0.05458145298891597,0.10300445556640625,27002,0.0,132.27001953125,0.5709551310900486,0.6424996922865058,0.5584025224049886,11,21
filter_length,15,40,15,75,15,0.5,0.001,32,50,0.0,0.1,10,5,0.5,True,42,26,26,0.9111111111111111,0.9090909090909091,0.9325396825396826,45,13.120946112088859,0.005048287566751242,0.11218416815002759,0.10300445556640625,27002,0.0,132.27001953125,0.537198678675023,0.6011312515898184,0.5572173813978831,16,26
filter_length,15,40,15,75,15,0.5,0.001,32,50,0.0,0.1,10,5,0.5,True,42,27,27,0.5333333333333333,0.631578947368421,0.5138339920948617,45,13.987215760629624,0.001501833088696003,0.03337406863768895,0.10300445556640625,27002,0.0,132.27001953125,0.5330537316022497,0.5707371697732897,0.5422670642534891,18,28
filter_length,15,40,15,75,15,0.5,0.001,32,50,0.0,0.1,10,5,0.5,True,42,28,28,0.6666666666666666,0.5945945945945946,0.6877470355731227,45,20.873267089948058,0.0035644052550196648,0.07920900566710366,0.10300445556640625,27002,0.0,132.27001953125,0.5187117236130165,0.5479029155138767,0.5554146766662598,32,42
filter_length,15,40,15,75,15,0.5,0.001,32,50,0.0,0.1,10,5,0.5,True,42,29,29,0.8888888888888888,0.8979591836734694,0.9920948616600791,45,4.842918623704463,0.0011032186448574066,0.024515969885720145,0.10300445556640625,27002,0.0,132.27001953125,0.5699570813413822,0.6301327469674024,0.5562222282091777,13,23
filter_length,15,40,15,75,15,0.5,0.001,32,50,0.0,0.1,10,5,0.5,True,42,30,30,0.6444444444444445,0.38461538461538464,0.7698412698412698,45,11.949124793056399,0.005526149179786444,0.12280331510636543,0.10300445556640625,27002,0.0,132.27001953125,0.5497696327440666,0.6012744847120661,0.552614172299703,17,27
filter_length,15,40,15,75,15,0.5,0.001,32,50,0.0,0.1,10,5,0.5,True,42,31,31,0.7777777777777778,0.7916666666666666,0.8636363636363636,45,15.07005287706852,0.0025612926110625267,0.05691761357916726,0.10300445556640625,27002,0.0,132.27001953125,0.5743336813016371,0.6168540580706163,0.566650410493215,20,30
filter_length,15,40,15,75,15,0.5,0.001,32,50,0.0,0.1,10,5,0.5,True,42,32,32,0.75,0.7555555555555555,0.8881987577639752,44,10.297446236945689,0.0045364173129200935,0.10310039347545667,0.10300445556640625,27002,0.0,132.27001953125,0.5776016082275998,0.6473051077037146,0.5667196114857992,10,20
filter_length,15,40,15,75,15,0.5,0.001,32,50,0.0,0.1,10,5,0.5,True,42,33,33,0.7777777777777778,0.7727272727272727,0.8774703557312253,45,11.696299999952316,0.002092180773615837,0.046492906080351934,0.10300445556640625,27002,0.0,132.27001953125,0.5736517797816884,0.6485065047939619,0.5496582428614298,14,24
filter_length,15,40,15,75,15,0.5,0.001,32,50,0.0,0.1,10,5,0.5,True,42,34,34,0.8666666666666667,0.8846153846153846,0.9563492063492064,45,10.342241996899247,0.004673854447901249,0.10386343217558332,0.10300445556640625,27002,0.0,132.27001953125,0.5670999284043456,0.6197483546354554,0.5723237733046214,12,22
filter_length,15,40,15,75,15,0.5,0.001,32,50,0.0,0.1,10,5,0.5,True,42,35,35,0.7555555555555555,0.7027027027027027,0.8893280632411068,45,19.615149940364063,0.005045928061008453,0.11213173468907675,0.10300445556640625,27002,0.0,132.27001953125,0.4962249912998893,0.5323091278021986,0.5574113349119822,32,42
filter_length,15,40,15,75,15,0.5,0.001,32,50,0.0,0.1,10,5,0.5,True,42,36,36,0.5909090909090909,0.64,0.7355371900826447,44,16.990416896995157,0.004985248204320669,0.11330109555274248,0.10300445556640625,27002,0.0,132.27001953125,0.5287496813318946,0.5284283109235041,0.543427993853887,25,35
filter_length,15,40,15,75,15,0.5,0.001,32,50,0.0,0.1,10,5,0.5,True,42,37,37,0.5111111111111111,0.0,0.4525691699604743,45,29.795110286213458,0.0016989689320325851,0.03775486515627967,0.10300445556640625,27002,0.0,132.27001953125,0.5049439693490664,0.5261494095126787,0.5387717306613922,37,47
filter_length,15,40,15,75,15,0.5,0.001,32,50,0.0,0.1,10,5,0.5,True,42,38,38,0.5111111111111111,0.47619047619047616,0.5968379446640316,45,11.748568715061992,0.0045073372311890125,0.10016304958197805,0.10300445556640625,27002,0.0,132.27001953125,0.5610179697925394,0.6404096138748255,0.5495999574661254,13,23
filter_length,15,40,15,75,15,0.5,0.001,32,50,0.0,0.1,10,5,0.5,True,42,39,39,0.6590909090909091,0.7058823529411765,0.6935817805383022,44,10.614961226005107,0.005217213649302721,0.11857303748415275,0.10300445556640625,27002,0.0,132.27001953125,0.5705595702836008,0.6478061777624217,0.5433043857415517,13,23
filter_length,15,40,15,75,15,0.5,0.001,32,50,0.0,0.1,10,5,0.5,True,42,40,40,0.4888888888888889,0.20689655172413793,0.5337301587301587,45,12.221586097963154,0.002598922699689865,0.057753837770885885,0.10300445556640625,27002,0.0,132.27001953125,0.5501837807171273,0.6262632974169471,0.571541980902354,13,23
filter_length,15,40,15,75,15,0.5,0.001,32,50,0.0,0.1,10,5,0.5,True,42,41,41,0.6222222222222222,0.5405405405405406,0.7261904761904762,45,9.596817806828767,0.004591695964336395,0.10203768809636433,0.10300445556640625,27002,0.0,132.27001953125,0.5663039508191022,0.6189072016965259,0.5616150458653768,11,21
filter_length,15,40,15,75,15,0.5,0.001,32,50,0.0,0.1,10,5,0.5,True,42,42,42,0.8888888888888888,0.8837209302325582,0.950592885375494,45,13.643974041100591,0.0026549617759883404,0.05899915057751868,0.10300445556640625,27002,0.0,132.27001953125,0.5267905750961015,0.5826857735713323,0.5549529194831848,19,29
filter_length,15,40,15,75,15,0.5,0.001,32,50,0.0,0.1,10,5,0.5,True,42,43,43,0.8888888888888888,0.8888888888888888,0.9743083003952568,45,12.263389322906733,0.002026232425123453,0.04502738722496563,0.10300445556640625,27002,0.0,132.27001953125,0.5398750718344342,0.5888588094350063,0.5630348861217499,15,25
filter_length,15,40,15,75,15,0.5,0.001,32,50,0.0,0.1,10,5,0.5,True,42,44,44,0.7586206896551724,0.7407407407407407,0.8428571428571427,29,10.769262702669948,0.004015645943582058,0.13847054977869164,0.10300445556640625,27002,0.1328125,132.27001953125,0.5662380377903129,0.6252989516113744,0.5538041234016419,13,23
filter_length,15,40,15,75,15,0.5,0.001,32,50,0.0,0.1,10,5,0.5,True,42,45,45,0.7333333333333333,0.625,0.8893280632411067,45,14.445186441298574,0.0012404769659042358,0.02756615479787191,0.10300445556640625,27002,0.0,132.27001953125,0.5606013525164488,0.6101276908408512,0.5487373868624369,20,30
filter_length,15,40,15,75,15,0.5,0.001,32,50,0.0,0.1,10,5,0.5,True,42,46,46,0.6222222222222222,0.6046511627906976,0.7015810276679841,45,15.017849871888757,0.0012172870337963104,0.027050822973251343,0.10300445556640625,27002,0.0,132.27001953125,0.5414171910872965,0.6207432611422106,0.5523770491282145,21,31
filter_length,15,40,15,75,15,0.5,0.001,32,50,0.0,0.1,10,5,0.5,True,42,47,47,0.5333333333333333,0.6181818181818182,0.5892857142857143,45,9.22866972303018,0.005051387008279562,0.1122530446284347,0.10300445556640625,27002,0.0,132.27001953125,0.5758950994773344,0.6709417405002045,0.5597952385743459,10,20
filter_length,15,40,15,75,15,0.5,0.001,32,50,0.0,0.1,10,5,0.5,True,42,48,48,0.7058823529411765,0.6666666666666666,0.9285714285714286,17,18.068747186101973,0.0014496929943561554,0.08527605849153856,0.10300445556640625,27002,0.03125,132.27001953125,0.5350727873637264,0.571166294633894,0.5701247076193492,26,36
filter_length,15,40,15,75,15,0.5,0.001,32,50,0.0,0.1,10,5,0.5,True,42,49,49,0.7333333333333333,0.76,0.9110671936758894,45,15.118334162980318,0.004514876753091812,0.10033059451315138,0.10300445556640625,27002,0.0,132.27001953125,0.5279445431449197,0.5594424424749432,0.5556538820266723,23,33
filter_length,15,40,15,75,15,0.5,0.001,32,50,0.0,0.1,10,5,0.5,True,42,50,50,0.5111111111111111,0.0,0.6383399209486166,45,8.101206754334271,0.002015942707657814,0.044798726836840316,0.10300445556640625,27002,0.0,132.27001953125,0.5741633314526442,0.6956533588694803,0.5685182631015777,8,18
filter_length,15,40,15,75,15,0.5,0.001,32,50,0.0,0.1,10,5,0.5,True,42,51,51,0.6444444444444445,0.5555555555555556,0.6726190476190477,45,18.41891981801018,0.00487870117649436,0.10841558169987467,0.10300445556640625,27002,0.0,132.27001953125,0.5108752178423333,0.5222475016207406,0.5612184623877208,28,38
filter_length,15,40,15,75,15,0.5,0.001,32,50,0.0,0.1,10,5,0.5,True,42,52,52,0.7317073170731707,0.717948717948718,0.8540669856459331,41,12.792497091926634,0.004743552766740322,0.1156964089448859,0.10300445556640625,27002,0.0,132.27001953125,0.5364378135312687,0.5590979660099203,0.5486341337362926,19,29
filter_length,15,40,15,75,15,0.5,0.001,32,50,0.0,0.1,10,5,0.5,True,42,53,53,0.5813953488372093,0.7,0.5909090909090909,43,18.79656100831926,0.0024235262535512447,0.056361075663982435,0.10300445556640625,27002,0.08984375,132.27001953125,0.5102015457144289,0.5256248705766418,0.5478573222955068,30,40
filter_length,15,40,15,75,15,0.5,0.001,32,50,0.0,0.1,10,5,0.5,True,42,54,54,0.6923076923076923,0.6666666666666666,0.8043478260869565,39,19.436391110997647,0.0038986681029200554,0.09996584879282194,0.10300445556640625,27002,0.11328125,132.27001953125,0.506515393202955,0.5236495207204963,0.5392513275146484,32,42
filter_length,15,40,15,75,15,0.5,0.001,32,50,0.0,0.1,10,5,0.5,True,42,55,55,0.9111111111111111,0.9,0.9881422924901186,45,11.580545147880912,0.003407347947359085,0.07571884327464633,0.10300445556640625,27002,0.0,132.27001953125,0.5447507602247325,0.6222032818830374,0.5704401572545369,15,25
filter_length,15,40,15,75,15,0.5,0.001,32,50,0.0,0.1,10,5,0.5,True,42,56,56,0.7272727272727273,0.7142857142857143,0.865702479338843,44,9.017483117990196,0.0025660828687250614,0.058320065198296855,0.10300445556640625,27002,0.0,132.27001953125,0.5514391886465477,0.6593272570859302,0.5743206679821015,9,19
filter_length,15,40,15,75,15,0.5,0.001,32,50,0.0,0.1,10,5,0.5,True,42,57,57,0.6666666666666666,0.5945945945945946,0.7202380952380952,45,16.80353234708309,0.002046641893684864,0.04548093097077476,0.10300445556640625,27002,0.0,132.27001953125,0.5246521796692502,0.5528680372870329,0.5517078220844269,26,36
filter_length,15,40,15,75,15,0.5,0.001,32,50,0.0,0.1,10,5,0.5,True,42,58,58,0.5333333333333333,0.6557377049180327,0.6626984126984127,45,9.23956079268828,0.004269871860742569,0.09488604134983486,0.10300445556640625,27002,0.0,132.27001953125,0.5702836463848749,0.634916984222152,0.5632866442203521,10,20
filter_length,15,40,15,75,15,0.5,0.001,32,50,0.0,0.1,10,5,0.5,True,42,59,59,0.5333333333333333,0.2222222222222222,0.5357142857142858,45,13.17191684897989,0.0032972698099911213,0.07327266244424713,0.10300445556640625,27002,0.0,132.27001953125,0.5589758410598292,0.5915928961652698,0.5482838769753774,15,25
filter_length,15,40,15,75,15,0.5,0.001,32,50,0.0,0.1,10,5,0.5,True,42,60,60,0.8181818181818182,0.8,0.9090909090909091,44,17.653131711296737,0.004578527063131332,0.10405743325298482,0.10300445556640625,27002,0.0,132.27001953125,0.5288339740399158,0.5441799863721385,0.5692768712838491,28,38
filter_length,15,40,15,75,15,0.5,0.001,32,50,0.0,0.1,10,5,0.5,True,42,61,61,0.7674418604651163,0.75,0.8766233766233766,43,16.056513865943998,0.00242567528039217,0.05641105303237604,0.10300445556640625,27002,0.0,132.27001953125,0.520226248060212,0.5610051809838323,0.5787920276323955,23,33
filter_length,15,40,15,75,15,0.5,0.001,32,50,0.0,0.1,10,5,0.5,True,42,62,62,0.9111111111111111,0.9,0.9960474308300395,45,18.721081770956516,0.002953115850687027,0.06562479668193393,0.10300445556640625,27002,0.0,132.27001953125,0.5167697478424419,0.5413488985011072,0.5751468777656555,29,39
filter_length,15,40,15,75,15,0.5,0.001,32,50,0.0,0.1,10,5,0.5,True,42,63,63,0.5348837209302325,0.23076923076923078,0.5173160173160173,43,20.298998206853867,0.004057224839925766,0.09435406604478526,0.10300445556640625,27002,0.0,132.27001953125,0.5130244904395306,0.5260280032049526,0.5689998984336853,33,43
filter_length,15,40,15,75,15,0.5,0.001,32,50,0.0,0.1,10,5,0.5,True,42,64,64,0.7777777777777778,0.782608695652174,0.8478260869565217,45,18.946107455994934,0.004983908962458372,0.11075353249907494,0.10300445556640625,27002,0.0,132.27001953125,0.5163440352136438,0.5185406824404543,0.5657579362392425,31,41
filter_length,15,40,15,75,15,0.5,0.001,32,50,0.0,0.1,10,5,0.5,True,42,65,65,0.6666666666666666,0.6153846153846154,0.7777777777777778,45,16.329986370634288,0.004482698161154985,0.09961551469233301,0.10300445556640625,27002,0.0,132.27001953125,0.5286066455371452,0.5375649694240454,0.559015029668808,25,35
filter_length,15,40,15,75,15,0.5,0.001,32,50,0.0,0.1,10,5,0.5,True,42,66,66,0.6222222222222222,0.6909090909090909,0.6818181818181819,45,17.43803725624457,0.0034796358086168766,0.07732524019148615,0.10300445556640625,27002,0.0,132.27001953125,0.5191342550696749,0.5506307259202003,0.5703685581684113,26,36
filter_length,15,40,15,75,15,0.5,0.001,32,50,0.0,0.1,10,5,0.5,True,42,67,67,0.4888888888888889,0.30303030303030304,0.5691699604743083,45,9.347214954905212,0.0011034496128559113,0.024521102507909138,0.10300445556640625,27002,0.0,132.27001953125,0.5750671460321455,0.6504189600095605,0.5837250749270121,10,20
filter_length,15,40,15,75,15,0.5,0.001,32,50,0.0,0.1,10,5,0.5,True,42,68,68,0.6,0.5714285714285714,0.616600790513834,45,20.196522941812873,0.004536087159067392,0.10080193686816427,0.10300445556640625,27002,0.0,132.27001953125,0.5115817494013093,0.5316739795785962,0.5575483957926433,32,42
filter_length,15,40,15,75,15,0.5,0.001,32,50,0.0,0.1,10,5,0.5,True,42,69,69,0.6,0.6086956521739131,0.6607142857142857,45,7.263899837154895,0.003967526834458113,0.08816726298795806,0.10300445556640625,27002,0.0,132.27001953125,0.5852612058321635,0.6800917014479637,0.570457249879837,6,16
filter_length,15,40,15,75,15,0.5,0.001,32,50,0.0,0.1,10,5,0.5,True,42,70,70,0.6666666666666666,0.5454545454545454,0.9110671936758894,45,18.866086281836033,0.0036150841042399406,0.08033520231644312,0.10300445556640625,27002,0.0,132.27001953125,0.5536740650281762,0.573956084522334,0.5695998926957448,26,36
filter_length,15,40,15,75,15,0.5,0.001,32,50,0.0,0.1,10,5,0.5,True,42,71,71,0.8888888888888888,0.8837209302325582,0.958498023715415,45,21.454513086937368,0.0030264449305832386,0.06725433179073863,0.10300445556640625,27002,0.0,132.27001953125,0.5054829240296826,0.5242104018953714,0.582589570681254,35,45
filter_length,15,40,15,75,15,0.5,0.001,32,50,0.0,0.1,10,5,0.5,True,42,72,72,0.8666666666666667,0.875,0.9664031620553359,45,22.36657865298912,0.004539037123322487,0.1008674916293886,0.10300445556640625,27002,0.0,132.27001953125,0.4964583692225543,0.5102918249639598,0.5811442037423452,37,47
filter_length,15,40,15,75,15,0.5,0.001,32,50,0.0,0.1,10,5,0.5,True,42,73,73,0.7111111111111111,0.6486486486486487,0.8201581027667983,45,10.833450966048986,0.004533787723630667,0.10075083830290371,0.10300445556640625,27002,0.0,132.27001953125,0.5583456260236827,0.6593432004253069,0.5820949713389079,11,21
filter_length,15,40,15,75,15,0.5,0.001,32,50,0.0,0.1,10,5,0.5,True,42,74,74,0.5111111111111111,0.5769230769230769,0.6329365079365079,45,9.64852509694174,0.003953267820179462,0.08785039600398806,0.10300445556640625,27002,0.0,132.27001953125,0.5743568968592268,0.6394224710988275,0.5575889647006989,11,21
filter_length,15,40,15,75,15,0.5,0.001,32,50,0.0,0.1,10,5,0.5,True,42,75,75,0.7317073170731707,0.6857142857142857,0.8285714285714285,41,14.971401625778526,0.0049698688089847565,0.12121631241426235,0.10300445556640625,27002,0.08203125,132.27001953125,0.5439833874503771,0.5904328035134258,0.57111403743426,20,30
filter_length,15,40,15,75,15,0.5,0.001,32,50,0.0,0.1,10,5,0.5,True,42,76,76,0.4888888888888889,0.6567164179104478,0.424901185770751,45,15.3154606660828,0.0046124947257339954,0.1024998827940888,0.10300445556640625,27002,0.0,132.27001953125,0.5220025118553278,0.5530583212773005,0.5779962162176768,21,31
filter_length,15,40,15,75,15,0.5,0.001,32,50,0.0,0.1,10,5,0.5,True,42,77,77,0.6222222222222222,0.6909090909090909,0.7142857142857143,45,14.474875981919467,0.00246105482801795,0.054690107289287776,0.10300445556640625,27002,0.0,132.27001953125,0.5439040209307815,0.5534059522729932,0.5992345909277598,19,29
filter_length,15,40,15,75,15,0.5,0.001,32,50,0.0,0.1,10,5,0.5,True,42,78,78,0.5111111111111111,0.56,0.5434782608695652,45,11.843559232074767,0.003487975802272558,0.07751057338383463,0.10300445556640625,27002,0.0,132.27001953125,0.5596786376201746,0.621403334718762,0.5848422507445018,20,30
filter_length,15,40,15,75,15,0.5,0.001,32,50,0.0,0.1,10,5,0.5,True,42,79,79,0.575,0.6222222222222222,0.6625,40,10.109143827110529,0.0037773908115923405,0.09443477028980851,0.10300445556640625,27002,0.0,132.27001953125,0.5650483324672236,0.6375705245317835,0.5804000496864319,11,21
filter_length,15,40,15,75,15,0.5,0.001,32,50,0.0,0.1,10,5,0.5,True,42,80,80,0.6,0.47058823529411764,0.6620553359683794,45,7.702145245857537,0.0035210461355745792,0.07824546967943509,0.10300445556640625,27002,0.0,132.27001953125,0.5861547675096628,0.6795708162314964,0.5861672957738241,6,16
filter_length,15,40,15,75,15,0.5,0.001,32,50,0.0,0.1,10,5,0.5,True,42,81,81,0.4888888888888889,0.0,0.9209486166007904,45,14.134654190856963,0.0045214067213237286,0.10047570491830507,0.10300445556640625,27002,0.0,132.27001953125,0.5292406023451777,0.5706815807656809,0.5752962509791056,19,29
filter_length,15,40,15,75,15,0.5,0.001,32,50,0.0,0.1,10,5,0.5,True,42,82,82,0.6444444444444445,0.7333333333333333,0.8458498023715415,45,20.520162935834378,0.0022257990203797817,0.049462200452884034,0.10300445556640625,27002,0.0,132.27001953125,0.5158077679348715,0.5365217673507604,0.5855000535647075,33,43
filter_length,15,40,15,75,15,0.5,0.001,32,50,0.0,0.1,10,5,0.5,True,42,83,83,0.7368421052631579,0.6428571428571429,0.9362880886426593,38,13.325181347783655,0.0034873569384217262,0.09177255101109806,0.10300445556640625,27002,0.078125,132.27001953125,0.5335737500678409,0.5733416559118213,0.5954758644104003,17,27
filter_length,15,40,15,75,15,0.5,0.001,32,50,0.0,0.1,10,5,0.5,True,42,84,84,0.6363636363636364,0.6363636363636364,0.7184265010351966,44,16.517595830839127,0.005183835048228502,0.11781443291428415,0.10300445556640625,27002,0.0,132.27001953125,0.5168082174478155,0.5348213579167019,0.5557995537916819,30,40
filter_length,15,40,15,75,15,0.5,0.001,32,50,0.0,0.1,10,5,0.5,True,42,85,85,0.7272727272727273,0.7692307692307693,0.9565217391304348,44,9.952541850041598,0.0038641998544335365,0.08782272396439857,0.10300445556640625,27002,0.0,132.27001953125,0.542704226166913,0.5652707998048175,0.5548639297485352,17,27
filter_length,15,40,15,75,15,0.5,0.001,32,50,0.0,0.1,10,5,0.5,True,42,86,86,0.7272727272727273,0.7777777777777778,0.9109730848861283,44,21.61132277874276,0.00200781412422657,0.0456321391869675,0.10300445556640625,27002,0.0,132.27001953125,0.5115396585879903,0.5094974002603329,0.5973749955495199,41,50
filter_length,15,40,15,75,15,0.5,0.001,32,50,0.0,0.1,10,5,0.5,True,42,87,87,0.7333333333333333,0.7692307692307693,0.7312252964426877,45,6.738279995974153,0.0017756372690200806,0.039458605978224016,0.10300445556640625,27002,0.0,132.27001953125,0.5800016186002529,0.6516647108576514,0.5837015012900034,9,19
filter_length,15,40,15,75,15,0.5,0.001,32,50,0.0,0.1,10,5,0.5,True,42,88,88,0.5636363636363636,0.5,0.6309523809523809,55,9.127726687118411,0.002450454980134964,0.0445537269115448,0.10300445556640625,27002,0.02734375,132.27001953125,0.5770269817475117,0.6207615760239688,0.5903651913007101,12,22
filter_length,15,40,15,75,15,0.5,0.001,32,50,0.0,0.1,10,5,0.5,True,42,89,89,0.6666666666666666,0.5714285714285714,0.7142857142857143,45,22.366854388266802,0.00422664312645793,0.09392540281017621,0.10300445556640625,27002,0.0,132.27001953125,0.5064400373534723,0.5129140563534967,0.566442318757375,40,50
filter_length,15,40,15,75,15,0.5,0.001,32,50,0.0,0.1,10,5,0.5,True,42,90,90,0.5555555555555556,0.375,0.7509881422924901,45,11.996523995883763,0.00408668490126729,0.090815220028162,0.10300445556640625,27002,0.0,132.27001953125,0.5549697948224617,0.5877988893877376,0.5693040053049724,16,26
filter_length,15,40,15,75,15,0.5,0.001,32,50,0.0,0.1,10,5,0.5,True,42,91,91,0.7954545454545454,0.7906976744186046,0.8801652892561983,44,10.74051961582154,0.004165024030953646,0.09465963706712832,0.10300445556640625,27002,0.0,132.27001953125,0.5617883575685096,0.6401859007098458,0.5726440330346425,14,24
filter_length,15,40,15,75,15,0.5,0.001,32,50,0.0,0.1,10,5,0.5,True,42,92,92,0.7321428571428571,0.7540983606557377,0.8282051282051281,56,9.743674486875534,0.004789852071553469,0.08553307270631194,0.10300445556640625,27002,0.0,132.27001953125,0.5635577318343249,0.638709181637475,0.590548570950826,10,20
filter_length,15,40,15,75,15,0.5,0.001,32,50,0.0,0.1,10,5,0.5,True,42,93,93,0.8888888888888888,0.8837209302325582,0.9624505928853755,45,11.150389612652361,0.003891788888722658,0.08648419752717018,0.10300445556640625,27002,0.0,132.27001953125,0.5665015485702138,0.6149174476211722,0.58552565574646,14,24
filter_length,15,40,15,75,15,0.5,0.001,32,50,0.0,0.1,10,5,0.5,True,42,94,94,0.9545454545454546,0.9545454545454546,1.0,44,9.112805219832808,0.0029323361814022064,0.06664400412277742,0.10300445556640625,27002,0.0,132.27001953125,0.5513358039386345,0.6208948522354617,0.6027125616868337,14,24
filter_length,15,40,15,75,15,0.5,0.001,32,50,0.0,0.1,10,5,0.5,True,42,95,95,0.6785714285714286,0.64,0.6979166666666666,28,13.293014695867896,0.0013760351575911045,0.04914411277111087,0.10300445556640625,27002,0.1484375,132.27001953125,0.5361747175003543,0.5684567166097236,0.5632890462875366,17,27
filter_length,15,40,15,75,15,0.5,0.001,32,50,0.0,0.1,10,5,0.5,True,42,96,96,0.7380952380952381,0.7659574468085106,0.764172335600907,42,12.445490648970008,0.003939907997846603,0.09380733328206199,0.10300445556640625,27002,0.0,132.27001953125,0.5419472246007486,0.5763939081719427,0.5737695415814718,17,27
filter_length,15,40,15,75,15,0.5,0.001,32,50,0.0,0.1,10,5,0.5,True,42,97,97,0.5909090909090909,0.5909090909090909,0.6735537190082644,44,15.2446018923074,0.003751141019165516,0.08525320498103446,0.10300445556640625,27002,0.0,132.27001953125,0.509738014728734,0.568541501959165,0.5715892096360524,23,33
filter_length,15,40,15,75,15,0.5,0.001,32,50,0.0,0.1,10,5,0.5,True,42,98,98,0.6666666666666666,0.7272727272727273,0.6383399209486166,45,16.902809489984065,0.005324093159288168,0.11831318131751484,0.10300445556640625,27002,0.0,132.27001953125,0.5220631593556115,0.5235280965765318,0.5741904377937317,25,35
filter_length,15,40,15,75,15,0.5,0.001,32,50,0.0,0.1,10,5,0.5,True,42,99,99,0.5348837209302325,0.4117647058823529,0.6125541125541125,43,13.606150192208588,0.0021323109976947308,0.049588627853365826,0.10300445556640625,27002,0.0,132.27001953125,0.5126654496698668,0.5589005554264243,0.6041011134783427,22,32
filter_length,15,40,15,75,15,0.5,0.001,32,50,0.0,0.1,10,5,0.5,True,42,100,100,0.6388888888888888,0.6666666666666666,0.6234567901234568,36,12.170153881888837,0.004345669876784086,0.12071305213289128,0.10300445556640625,27002,0.08203125,132.27001953125,0.5408536934039809,0.5803223238749937,0.5454569041728974,17,27
filter_length,15,40,15,75,15,0.5,0.001,32,50,0.0,0.1,10,5,0.5,True,42,101,101,0.6222222222222222,0.5405405405405406,0.6660079051383399,45,14.734958468005061,0.003505975939333439,0.07791057642963198,0.10300445556640625,27002,0.0,132.27001953125,0.5254324588811758,0.5741176372676184,0.5827924907207489,19,29
filter_length,15,40,15,75,15,0.5,0.001,32,50,0.0,0.1,10,5,0.5,True,42,102,102,0.8444444444444444,0.8571428571428571,0.8893280632411068,45,17.43935106229037,0.003761660773307085,0.08359246162904634,0.10300445556640625,27002,0.0,132.27001953125,0.5249881626981677,0.5373590728550246,0.5815476099650065,28,38
filter_length,15,40,15,75,15,0.5,0.001,32,50,0.0,0.1,10,5,0.5,True,42,103,103,0.7209302325581395,0.6470588235294118,0.8333333333333333,43,15.33838414773345,0.0034354878589510918,0.0798950664872347,0.10300445556640625,27002,0.0,132.27001953125,0.5351498637235526,0.5590372248129412,0.567751016219457,21,31
filter_length,15,40,15,75,15,0.5,0.001,32,50,0.0,0.1,10,5,0.5,True,42,104,104,0.5348837209302325,0.6153846153846154,0.6103896103896104,43,11.271379221230745,0.004057515878230333,0.09436083437744962,0.10300445556640625,27002,0.0,132.27001953125,0.5663012862205505,0.6428204948703448,0.572255410750707,13,23
filter_length,15,40,15,75,15,0.5,0.001,32,50,0.0,0.1,10,5,0.5,True,42,105,105,0.5777777777777777,0.5581395348837209,0.7490118577075099,45,22.822502989321947,0.0048952605575323105,0.10878356794516245,0.10300445556640625,27002,0.0,132.27001953125,0.5088288874337168,0.5207479898676728,0.5858294248580933,46,50
filter_length,15,40,15,75,15,0.5,0.001,32,50,0.0,0.1,10,5,0.5,True,42,106,106,0.6,0.5714285714285714,0.626984126984127,45,12.912419223226607,0.004687224980443716,0.10416055512097147,0.10300445556640625,27002,0.0,132.27001953125,0.5308319549217368,0.553011212385062,0.5737785816192627,18,28
filter_length,15,40,15,75,15,0.5,0.001,32,50,0.0,0.1,10,5,0.5,True,42,107,107,0.6222222222222222,0.6222222222222222,0.6527777777777778,45,9.792477335780859,0.005128646735101938,0.11396992744670974,0.10300445556640625,27002,0.0,132.27001953125,0.5795726940938921,0.6464575240106294,0.5781480173269907,11,21
filter_length,15,40,15,75,15,0.5,0.001,32,50,0.0,0.1,10,5,0.5,True,42,108,108,0.8222222222222222,0.8181818181818182,0.8893280632411066,45,15.536967107094824,0.006459872238337994,0.14355271640751097,0.10300445556640625,27002,0.0,132.27001953125,0.538598236035217,0.5662516303586237,0.5990342775980632,22,32
filter_length,25,40,25,75,15,0.5,0.001,32,50,0.0,0.1,10,5,0.5,True,42,1,1,0.8222222222222222,0.7894736842105263,0.8735177865612649,45,8.16690619988367,0.004017667379230261,0.08928149731622802,0.10422515869140625,27322,0.0,130.494140625,0.5383813106878237,0.644807466954896,0.5542441070079803,7,17
filter_length,25,40,25,75,15,0.5,0.001,32,50,0.0,0.1,10,5,0.5,True,42,2,2,0.8666666666666667,0.8421052631578947,0.9822134387351777,45,9.383847895078361,0.0048817601054906845,0.10848355789979298,0.10422515869140625,27322,0.0,130.494140625,0.5536258417097005,0.6586185282830036,0.5565441906452179,10,20
filter_length,25,40,25,75,15,0.5,0.001,32,50,0.0,0.1,10,5,0.5,True,42,3,3,0.4,0.3076923076923077,0.4071146245059289,45,6.37088941084221,0.003753181081265211,0.08340402402811581,0.10422515869140625,27322,0.0,130.494140625,0.5778199556198987,0.7153095282388456,0.5413970688978831,3,13
filter_length,25,40,25,75,15,0.5,0.001,32,50,0.0,0.1,10,5,0.5,True,42,4,4,0.5555555555555556,0.6875,0.7569169960474309,45,8.968397320713848,0.0037961010821163654,0.08435780182480812,0.10422515869140625,27322,0.0,130.494140625,0.5690092512152412,0.6198980343161207,0.5403567532698313,10,20
filter_length,25,40,25,75,15,0.5,0.001,32,50,0.0,0.1,10,5,0.5,True,42,5,5,0.6666666666666666,0.7457627118644068,0.5813492063492063,45,6.919461092911661,0.003502326086163521,0.07782946858141157,0.10422515869140625,27322,0.0,130.494140625,0.5716348574920134,0.6838107531269392,0.5715906580289205,5,15
filter_length,25,40,25,75,15,0.5,0.001,32,50,0.0,0.1,10,5,0.5,True,42,6,6,0.5111111111111111,0.15384615384615385,0.5595238095238095,45,9.683623975142837,0.003734300844371319,0.08298446320825154,0.10422515869140625,27322,0.0,130.494140625,0.5417309721762483,0.6225653602318331,0.5567042410373688,11,21
filter_length,25,40,25,75,15,0.5,0.001,32,50,0.0,0.1,10,5,0.5,True,42,7,7,0.9111111111111111,0.9090909090909091,0.9664031620553359,45,7.390204349067062,0.004885280039161444,0.10856177864803208,0.10422515869140625,27322,0.0,130.494140625,0.570008003124685,0.6563910060759747,0.537583468357722,6,16
filter_length,25,40,25,75,15,0.5,0.001,32,50,0.0,0.1,10,5,0.5,True,42,8,8,0.7111111111111111,0.7111111111111111,0.7865612648221344,45,7.362155131064355,0.0034322976134717464,0.07627328029937214,0.10422515869140625,27322,0.0,130.494140625,0.5717580365863714,0.6599331303979411,0.560540395975113,5,15
filter_length,25,40,25,75,15,0.5,0.001,32,50,0.0,0.1,10,5,0.5,True,42,9,9,0.6,0.5714285714285714,0.625,45,12.98811204964295,0.0020199138671159744,0.04488697482479943,0.10422515869140625,27322,0.0,130.494140625,0.5041243546839916,0.5417025306008079,0.5590620557467143,20,30
filter_length,25,40,25,75,15,0.5,0.001,32,50,0.0,0.1,10,5,0.5,True,42,10,10,0.6,0.64,0.7440476190476191,45,9.300710855051875,0.002413146197795868,0.0536254710621304,0.10422515869140625,27322,0.0,130.494140625,0.5510312367343542,0.6399740567713073,0.5591292361418406,13,23
filter_length,25,40,25,75,15,0.5,0.001,32,50,0.0,0.1,10,5,0.5,True,42,11,11,0.4888888888888889,0.30303030303030304,0.5296442687747036,45,7.53196227690205,0.0014404230751097202,0.032009401669104896,0.10422515869140625,27322,0.0,130.494140625,0.5288878918597193,0.5792072744983615,0.5363470594088237,11,21
filter_length,25,40,25,75,15,0.5,0.001,32,50,0.0,0.1,10,5,0.5,True,42,12,12,0.6444444444444445,0.7037037037037037,0.7896825396825397,45,5.235824489966035,0.003464395646005869,0.07698656991124153,0.10422515869140625,27322,0.0,130.494140625,0.5796395619258736,0.7437722549745531,0.572863507270813,3,13
filter_length,25,40,25,75,15,0.5,0.001,32,50,0.0,0.1,10,5,0.5,True,42,13,13,0.7142857142857143,0.7368421052631579,0.7843137254901962,35,5.758744681719691,0.0018576555885374546,0.05307587395821299,0.10422515869140625,27322,0.0,130.494140625,0.5640939498941103,0.7266984003962893,0.5848814328511556,5,15
filter_length,25,40,25,75,15,0.5,0.001,32,50,0.0,0.1,10,5,0.5,True,42,14,14,0.6888888888888889,0.7083333333333334,0.7154150197628458,45,7.4277646518312395,0.0012462669983506203,0.02769482218556934,0.10422515869140625,27322,0.0,130.494140625,0.53748065120343,0.5910652925570806,0.5665587266286214,17,27
filter_length,25,40,25,75,15,0.5,0.001,32,50,0.0,0.1,10,5,0.5,True,42,15,15,0.7333333333333333,0.7857142857142857,0.9683794466403162,45,5.316126882098615,0.0013339659199118614,0.029643687109152477,0.10422515869140625,27322,0.0,130.494140625,0.565914467654445,0.6791650194561842,0.5502687195936838,9,19
filter_length,25,40,25,75,15,0.5,0.001,32,50,0.0,0.1,10,5,0.5,True,42,16,16,0.6,0.6896551724137931,0.7944664031620554,45,5.356214940082282,0.0019543939270079136,0.04343097615573141,0.10422515869140625,27322,0.0,130.494140625,0.551421903525338,0.6787954559831908,0.57352321545283,8,18
filter_length,25,40,25,75,15,0.5,0.001,32,50,0.0,0.1,10,5,0.5,True,42,17,17,0.5714285714285714,0.3076923076923077,0.6568181818181817,42,8.19004878681153,0.001601500902324915,0.038130973864878924,0.10422515869140625,27322,0.0,130.494140625,0.525889550420371,0.5520711500536312,0.586251558860143,17,27
filter_length,25,40,25,75,15,0.5,0.001,32,50,0.0,0.1,10,5,0.5,True,42,18,18,0.4666666666666667,0.4,0.4367588932806324,45,18.293175703845918,0.003244661260396242,0.07210358356436093,0.10422515869140625,27322,0.0,130.494140625,0.46156374974684283,0.4787892331228112,0.5610631763935089,35,45
filter_length,25,40,25,75,15,0.5,0.001,32,50,0.0,0.1,10,5,0.5,True,42,19,19,0.6222222222222222,0.7213114754098361,0.8260869565217392,45,8.242535698227584,0.0034065567888319492,0.07570126197404331,0.10422515869140625,27322,0.0,130.494140625,0.5226209249460336,0.5795517511891596,0.5397907396157583,13,23
filter_length,25,40,25,75,15,0.5,0.001,32,50,0.0,0.1,10,5,0.5,True,42,20,20,0.5111111111111111,0.5,0.5553359683794467,45,5.8337686490267515,0.002254079096019268,0.05009064657820596,0.10422515869140625,27322,0.0,130.494140625,0.5334177414576212,0.6415535019654216,0.5479711651802063,8,18
filter_length,25,40,25,75,15,0.5,0.001,32,50,0.0,0.1,10,5,0.5,True,42,21,21,0.6222222222222222,0.6792452830188679,0.8273809523809523,45,14.586928602773696,0.0024104160256683826,0.05356480057040851,0.10422515869140625,27322,0.0,130.494140625,0.48413924850297696,0.503445670121547,0.5580247402191162,35,45
filter_length,25,40,25,75,15,0.5,0.001,32,50,0.0,0.1,10,5,0.5,True,42,22,22,0.5333333333333333,0.5531914893617021,0.5632411067193674,45,5.543570985086262,0.0018608658574521542,0.04135257461004787,0.10422515869140625,27322,0.0,130.494140625,0.5559266997557698,0.6250171194022353,0.5759451369444529,9,19
filter_length,25,40,25,75,15,0.5,0.001,32,50,0.0,0.1,10,5,0.5,True,42,23,23,0.5909090909090909,0.6896551724137931,0.884297520661157,44,3.837610528804362,0.001255496870726347,0.02853401978923516,0.10422515869140625,27322,0.0,130.494140625,0.5571704746195765,0.7042845539522894,0.5727869550387065,3,13
filter_length,25,40,25,75,15,0.5,0.001,32,50,0.0,0.1,10,5,0.5,True,42,24,24,0.6111111111111112,0.7407407407407407,0.7532467532467533,18,9.501272238790989,0.0006882967427372932,0.038238707929849625,0.10422515869140625,27322,0.0,130.494140625,0.5061528790265994,0.5425957882762852,0.5619695524374644,24,34
filter_length,25,40,25,75,15,0.5,0.001,32,50,0.0,0.1,10,5,0.5,True,42,25,25,0.7111111111111111,0.7547169811320755,0.8280632411067194,45,4.368839487899095,0.0021562911570072174,0.047917581266827054,0.10422515869140625,27322,0.0,130.494140625,0.5652267786137986,0.7013404161641092,0.5695083876450856,4,14
filter_length,25,40,25,75,15,0.5,0.001,32,50,0.0,0.1,10,5,0.5,True,42,26,26,0.8666666666666667,0.8571428571428571,0.9365079365079365,45,16.063182977959514,0.0030084149911999702,0.06685366647111046,0.10422515869140625,27322,0.0,130.494140625,0.4788537534574668,0.47248676080595364,0.5520926316579183,43,50
filter_length,25,40,25,75,15,0.5,0.001,32,50,0.0,0.1,10,5,0.5,True,42,27,27,0.4888888888888889,0.5818181818181818,0.5592885375494071,45,11.657273226883262,0.002354026772081852,0.05231170604626338,0.10422515869140625,27322,0.0,130.494140625,0.5191964513876222,0.5651098871321389,0.5358359118302664,18,28
filter_length,25,40,25,75,15,0.5,0.001,32,50,0.0,0.1,10,5,0.5,True,42,28,28,0.5777777777777777,0.5365853658536586,0.6304347826086956,45,6.141578012611717,0.0019344338215887547,0.04298741825752788,0.10422515869140625,27322,0.0,130.494140625,0.5345687653982278,0.613664359080069,0.5724530637264251,9,19
filter_length,25,40,25,75,15,0.5,0.001,32,50,0.0,0.1,10,5,0.5,True,42,29,29,0.9111111111111111,0.9166666666666666,0.9940711462450593,45,5.875057065859437,0.0017189779318869114,0.03819950959748692,0.10422515869140625,27322,0.0,130.494140625,0.55057769742879,0.6555732714407372,0.5452149887879689,8,18
filter_length,25,40,25,75,15,0.5,0.001,32,50,0.0,0.1,10,5,0.5,True,42,30,30,0.5777777777777777,0.5957446808510638,0.7341269841269842,45,6.8233783999457955,0.0022331890650093555,0.049626423666874565,0.10422515869140625,27322,0.0,130.494140625,0.5435405687400789,0.5964325537735765,0.5593427141507467,13,23
filter_length,25,40,25,75,15,0.5,0.001,32,50,0.0,0.1,10,5,0.5,True,42,31,31,0.8,0.8085106382978723,0.8695652173913043,45,10.65803891280666,0.0013317260891199112,0.029593913091553584,0.10422515869140625,27322,0.0,130.494140625,0.5098961122108229,0.5593832487409766,0.5736435850461324,18,28
filter_length,25,40,25,75,15,0.5,0.001,32,50,0.0,0.1,10,5,0.5,True,42,32,32,0.7954545454545454,0.8,0.8592132505175984,44,7.654268781188875,0.0018935245461761951,0.04303464877673171,0.10422515869140625,27322,0.0,130.494140625,0.540478961485805,0.5971964972488808,0.5402190446853637,15,25
filter_length,25,40,25,75,15,0.5,0.001,32,50,0.0,0.1,10,5,0.5,True,42,33,33,0.7777777777777778,0.7368421052631579,0.8932806324110673,45,6.7701871721073985,0.0017461180686950684,0.0388026237487793,0.10422515869140625,27322,0.0,130.494140625,0.535004265154853,0.5825648016550324,0.5521793325742086,12,22
filter_length,25,40,25,75,15,0.5,0.001,32,50,0.0,0.1,10,5,0.5,True,42,34,34,0.8888888888888888,0.8888888888888888,0.9583333333333333,45,9.436016272287816,0.0015307520516216755,0.03401671225825945,0.10422515869140625,27322,0.0,130.494140625,0.5038844229597034,0.5557884774876364,0.5677340805530549,16,26
filter_length,25,40,25,75,15,0.5,0.001,32,50,0.0,0.1,10,5,0.5,True,42,35,35,0.7111111111111111,0.6060606060606061,0.8735177865612648,45,6.6150423479266465,0.0036522229202091694,0.08116050933798154,0.10422515869140625,27322,0.0,130.494140625,0.5594982619990002,0.6769793844132712,0.5782985985279083,5,15
filter_length,25,40,25,75,15,0.5,0.001,32,50,0.0,0.1,10,5,0.5,True,42,36,36,0.5454545454545454,0.5833333333333334,0.6322314049586776,44,6.813082107808441,0.0034013781696558,0.07730404931035909,0.10422515869140625,27322,0.0,130.494140625,0.5586169870062307,0.6562578538150499,0.5658053636550904,6,16
filter_length,25,40,25,75,15,0.5,0.001,32,50,0.0,0.1,10,5,0.5,True,42,37,37,0.5111111111111111,0.0,0.37154150197628455,45,7.837218557018787,0.0028908471576869488,0.06424104794859886,0.10422515869140625,27322,0.0,130.494140625,0.5544961207743847,0.6403877491300757,0.5434788246949513,8,18
filter_length,25,40,25,75,15,0.5,0.001,32,50,0.0,0.1,10,5,0.5,True,42,38,38,0.5111111111111111,0.21428571428571427,0.642292490118577,45,9.079939750023186,0.003077523782849312,0.06838941739665139,0.10422515869140625,27322,0.0,130.494140625,0.511426516103022,0.5854969900665861,0.5432704706986745,12,22
filter_length,25,40,25,75,15,0.5,0.001,32,50,0.0,0.1,10,5,0.5,True,42,39,39,0.5909090909090909,0.625,0.5797101449275363,44,7.331466832198203,0.001269086729735136,0.028842880221253094,0.10422515869140625,27322,0.0,130.494140625,0.5332523462447253,0.5732304880564864,0.5440087993939717,11,21
filter_length,25,40,25,75,15,0.5,0.001,32,50,0.0,0.1,10,5,0.5,True,42,40,40,0.5777777777777777,0.5365853658536586,0.5337301587301587,45,10.020877999719232,0.003673622850328684,0.08163606334063743,0.10422515869140625,27322,0.0,130.494140625,0.5074013331622789,0.5343739875789845,0.5806032220522562,19,29
filter_length,25,40,25,75,15,0.5,0.001,32,50,0.0,0.1,10,5,0.5,True,42,41,41,0.5777777777777777,0.42424242424242425,0.6111111111111112,45,15.853282033931464,0.0030785929411649704,0.06841317647033267,0.10422515869140625,27322,0.0,130.494140625,0.4751873587568601,0.5243458790761052,0.5523818512757619,30,40
filter_length,25,40,25,75,15,0.5,0.001,32,50,0.0,0.1,10,5,0.5,True,42,42,42,0.7777777777777778,0.7368421052631579,0.9466403162055336,45,10.363285321276635,0.003066584002226591,0.06814631116059092,0.10422515869140625,27322,0.0,130.494140625,0.5424686336156094,0.5947225827610854,0.5703406155109405,16,26
filter_length,25,40,25,75,15,0.5,0.001,32,50,0.0,0.1,10,5,0.5,True,42,43,43,0.9555555555555556,0.9545454545454546,0.9703557312252965,45,11.489034161902964,0.003331808838993311,0.07404019642207359,0.10422515869140625,27322,0.0,130.494140625,0.5157147338896086,0.5548941459168087,0.5593221644560497,16,26
filter_length,25,40,25,75,15,0.5,0.001,32,50,0.0,0.1,10,5,0.5,True,42,44,44,0.7931034482758621,0.7857142857142857,0.8523809523809522,29,10.816121966112405,0.000789606012403965,0.027227793531171208,0.10422515869140625,27322,0.0,130.494140625,0.4934551271073746,0.5414064000501777,0.5582746704419453,21,31
filter_length,25,40,25,75,15,0.5,0.001,32,50,0.0,0.1,10,5,0.5,True,42,45,45,0.7333333333333333,0.625,0.8715415019762847,45,8.78590550320223,0.002222818788141012,0.04939597306980027,0.10422515869140625,27322,0.0,130.494140625,0.553344801068306,0.6258037966309171,0.5448552012443543,15,25
filter_length,25,40,25,75,15,0.5,0.001,32,50,0.0,0.1,10,5,0.5,True,42,46,46,0.6444444444444445,0.6190476190476191,0.683794466403162,45,9.046689332928509,0.0011079497635364532,0.02462110585636563,0.10422515869140625,27322,0.0,130.494140625,0.49523896927183325,0.554029373282736,0.5424788097540537,18,28
filter_length,25,40,25,75,15,0.5,0.001,32,50,0.0,0.1,10,5,0.5,True,42,47,47,0.5555555555555556,0.6,0.6329365079365079,45,12.231223665643483,0.0012764367274940014,0.02836526061097781,0.10422515869140625,27322,0.00390625,130.494140625,0.47424876238360547,0.49849445643750107,0.5549051145712535,31,41
filter_length,25,40,25,75,15,0.5,0.001,32,50,0.0,0.1,10,5,0.5,True,42,48,48,0.7058823529411765,0.6666666666666666,0.9714285714285715,17,9.688651052769274,0.0008190246298909187,0.048177919405348164,0.10422515869140625,27322,0.0,130.494140625,0.5182564279862812,0.560701475779813,0.5830551346143087,20,30
filter_length,25,40,25,75,15,0.5,0.001,32,50,0.0,0.1,10,5,0.5,True,42,49,49,0.8444444444444444,0.8444444444444444,0.9110671936758894,45,9.444772354792804,0.0018840553238987923,0.04186789608663983,0.10422515869140625,27322,0.01171875,130.494140625,0.5101839046586644,0.5389797217918165,0.5524655918280283,19,29
filter_length,25,40,25,75,15,0.5,0.001,32,50,0.0,0.1,10,5,0.5,True,42,50,50,0.5777777777777777,0.24,0.6956521739130435,45,7.755852038040757,0.002698451280593872,0.059965584013197154,0.10422515869140625,27322,0.0,130.494140625,0.5485858057032932,0.6248863059462924,0.5513122816880544,9,19
filter_length,25,40,25,75,15,0.5,0.001,32,50,0.0,0.1,10,5,0.5,True,42,51,51,0.6,0.5,0.6527777777777778,45,13.418411922175437,0.0011575589887797832,0.025723533083995186,0.10422515869140625,27322,0.015625,130.494140625,0.4944137239998037,0.5075576420534741,0.5740005195140838,25,35
filter_length,25,40,25,75,15,0.5,0.001,32,50,0.0,0.1,10,5,0.5,True,42,52,52,0.7560975609756098,0.7222222222222222,0.8277511961722488,41,12.875552893150598,0.001250467263162136,0.030499201540539905,0.10422515869140625,27322,0.00390625,130.494140625,0.49406040527603845,0.5268851708282124,0.55586762825648,24,34
filter_length,25,40,25,75,15,0.5,0.001,32,50,0.0,0.1,10,5,0.5,True,42,53,53,0.5813953488372093,0.6666666666666666,0.6255411255411255,43,11.035167171154171,0.001282437238842249,0.029824121833540673,0.10422515869140625,27322,0.0,130.494140625,0.5060433569279584,0.5306317521767183,0.557532540957133,23,33
filter_length,25,40,25,75,15,0.5,0.001,32,50,0.0,0.1,10,5,0.5,True,42,54,54,0.717948717948718,0.6857142857142857,0.8315217391304348,39,12.455444101709872,0.0017620078288018703,0.045179687917996675,0.10422515869140625,27322,0.00390625,130.494140625,0.490291963698286,0.5512322124206659,0.533393394947052,25,35
filter_length,25,40,25,75,15,0.5,0.001,32,50,0.0,0.1,10,5,0.5,True,42,55,55,0.8888888888888888,0.8717948717948718,0.9683794466403162,45,4.464426106773317,0.00297731626778841,0.06616258372863135,0.10422515869140625,27322,0.0,130.494140625,0.5621157460140459,0.6653765984105341,0.5774893124898275,4,14
filter_length,25,40,25,75,15,0.5,0.001,32,50,0.0,0.1,10,5,0.5,True,42,56,56,0.7727272727272727,0.7916666666666666,0.8657024793388429,44,10.146351237315685,0.002982914913445711,0.06779352076012979,0.10422515869140625,27322,0.0078125,130.494140625,0.5346651680090211,0.6124806232524641,0.5645342926184337,13,23
filter_length,25,40,25,75,15,0.5,0.001,32,50,0.0,0.1,10,5,0.5,True,42,57,57,0.7111111111111111,0.6486486486486487,0.7599206349206349,45,9.641446684952825,0.0011536693200469017,0.025637096001042258,0.10422515869140625,27322,0.0,130.494140625,0.48832008174874564,0.5207975671598406,0.5632716894149781,28,38
filter_length,25,40,25,75,15,0.5,0.001,32,50,0.0,0.1,10,5,0.5,True,42,58,58,0.6,0.5714285714285714,0.6746031746031745,45,13.692390970420092,0.002977035939693451,0.06615635421541002,0.10422515869140625,27322,0.0,130.494140625,0.5043964358893308,0.5422786694358696,0.558006864786148,22,32
filter_length,25,40,25,75,15,0.5,0.001,32,50,0.0,0.1,10,5,0.5,True,42,59,59,0.5333333333333333,0.27586206896551724,0.47817460317460314,45,15.202927073929459,0.00274026021361351,0.060894671413633555,0.10422515869140625,27322,0.0078125,130.494140625,0.4751510961037694,0.49196439800840436,0.544674567381541,35,45
filter_length,25,40,25,75,15,0.5,0.001,32,50,0.0,0.1,10,5,0.5,True,42,60,60,0.8409090909090909,0.8292682926829268,0.8801652892561984,44,15.407168766018003,0.003217162098735571,0.07311732042580843,0.10422515869140625,27322,0.0,130.494140625,0.49417341635985806,0.5304307547031026,0.5622825622558594,25,35
filter_length,25,40,25,75,15,0.5,0.001,32,50,0.0,0.1,10,5,0.5,True,42,61,61,0.813953488372093,0.8333333333333334,0.8506493506493507,43,8.78468259703368,0.002316308207809925,0.0538676327397657,0.10422515869140625,27322,0.0,130.494140625,0.5384255537029469,0.621661640477903,0.5701285839080811,11,21
filter_length,25,40,25,75,15,0.5,0.001,32,50,0.0,0.1,10,5,0.5,True,42,62,62,0.9333333333333333,0.926829268292683,0.9841897233201581,45,8.701588472817093,0.0013777753338217735,0.030617229640483856,0.10422515869140625,27322,0.0,130.494140625,0.5239328545602885,0.5903061431917277,0.5851411342620849,15,25
filter_length,25,40,25,75,15,0.5,0.001,32,50,0.0,0.1,10,5,0.5,True,42,63,63,0.5813953488372093,0.35714285714285715,0.5800865800865801,43,16.10933308629319,0.002709710970520973,0.06301653419816217,0.10422515869140625,27322,0.01171875,130.494140625,0.47380519353530626,0.5012462279110244,0.5656217773755391,35,45
filter_length,25,40,25,75,15,0.5,0.001,32,50,0.0,0.1,10,5,0.5,True,42,64,64,0.7555555555555555,0.7659574468085106,0.8932806324110671,45,9.276462486945093,0.0014269640669226646,0.031710312598281436,0.10422515869140625,27322,0.0,130.494140625,0.5363268335208748,0.619284461619276,0.5666644970575968,12,22
filter_length,25,40,25,75,15,0.5,0.001,32,50,0.0,0.1,10,5,0.5,True,42,65,65,0.6666666666666666,0.6153846153846154,0.8134920634920635,45,6.729987407103181,0.002163900062441826,0.048086668054262795,0.10422515869140625,27322,0.015625,130.494140625,0.5443267221703674,0.628568469349182,0.5723964869976044,11,21
filter_length,25,40,25,75,15,0.5,0.001,32,50,0.0,0.1,10,5,0.5,True,42,66,66,0.4888888888888889,0.5306122448979592,0.6383399209486166,45,12.951381239108741,0.0025857132859528065,0.0574602952433957,0.10422515869140625,27322,0.0,130.494140625,0.5328694242193843,0.5614403115980553,0.5579569836457571,21,31
filter_length,25,40,25,75,15,0.5,0.001,32,50,0.0,0.1,10,5,0.5,True,42,67,67,0.5111111111111111,0.26666666666666666,0.6363636363636365,45,12.925994731951505,0.0012903567403554916,0.028674594230122034,0.10422515869140625,27322,0.0,130.494140625,0.484257298662807,0.5091246743545388,0.5719268540541331,32,42
filter_length,25,40,25,75,15,0.5,0.001,32,50,0.0,0.1,10,5,0.5,True,42,68,68,0.5555555555555556,0.5238095238095238,0.6284584980237155,45,6.299561074003577,0.0017278878949582577,0.03839750877685017,0.10422515869140625,27322,0.00390625,130.494140625,0.5715798945589499,0.6194797799442754,0.5680093765258789,11,21
filter_length,25,40,25,75,15,0.5,0.001,32,50,0.0,0.1,10,5,0.5,True,42,69,69,0.5555555555555556,0.6296296296296297,0.5912698412698413,45,7.094194106757641,0.002155410125851631,0.047898002796702914,0.10422515869140625,27322,0.0,130.494140625,0.5240143702337237,0.6119325084216667,0.5697828372319539,9,19
filter_length,25,40,25,75,15,0.5,0.001,32,50,0.0,0.1,10,5,0.5,True,42,70,70,0.6888888888888889,0.5882352941176471,0.8754940711462451,45,10.457793531008065,0.0013055158779025078,0.02901146395338906,0.10422515869140625,27322,0.0078125,130.494140625,0.5217838325735294,0.589310032400218,0.5762742837270101,21,31
filter_length,25,40,25,75,15,0.5,0.001,32,50,0.0,0.1,10,5,0.5,True,42,71,71,0.8222222222222222,0.8095238095238095,0.9486166007905139,45,7.136342738289386,0.0026804911904037,0.05956647089786,0.10422515869140625,27322,0.00390625,130.494140625,0.5590949975179903,0.6256315854914261,0.5934818724791209,11,21
filter_length,25,40,25,75,15,0.5,0.001,32,50,0.0,0.1,10,5,0.5,True,42,72,72,0.8444444444444444,0.8571428571428571,0.9525691699604744,45,8.355044729076326,0.002315088175237179,0.051446403894159526,0.10422515869140625,27322,0.00390625,130.494140625,0.5224041548190694,0.5441579486836087,0.5808503806591034,19,29
filter_length,25,40,25,75,15,0.5,0.001,32,50,0.0,0.1,10,5,0.5,True,42,73,73,0.7555555555555555,0.7027027027027027,0.8814229249011858,45,10.23932087002322,0.0011761579662561417,0.026136843694580927,0.10422515869140625,27322,0.01171875,130.494140625,0.5178170504443573,0.5598903368368293,0.5800948937733968,15,25
filter_length,25,40,25,75,15,0.5,0.001,32,50,0.0,0.1,10,5,0.5,True,42,74,74,0.5555555555555556,0.6,0.6150793650793651,45,3.9467744370922446,0.0015829908661544323,0.035177574803431824,0.10422515869140625,27322,0.0,130.494140625,0.5676781397425767,0.6837075467814099,0.5669868985811869,6,16
filter_length,25,40,25,75,15,0.5,0.001,32,50,0.0,0.1,10,5,0.5,True,42,75,75,0.7317073170731707,0.6857142857142857,0.861904761904762,41,10.798379242885858,0.001121039967983961,0.027342438243511246,0.10422515869140625,27322,0.01171875,130.494140625,0.5186600276466572,0.5455188078410698,0.5814800401528676,20,30
filter_length,25,40,25,75,15,0.5,0.001,32,50,0.0,0.1,10,5,0.5,True,42,76,76,0.4888888888888889,0.6567164179104478,0.45849802371541504,45,6.493218149058521,0.002920576836913824,0.06490170748697387,0.10422515869140625,27322,0.00390625,130.494140625,0.5298281955448064,0.6233584000305696,0.5887874046961467,11,21
filter_length,25,40,25,75,15,0.5,0.001,32,50,0.0,0.1,10,5,0.5,True,42,77,77,0.5555555555555556,0.6551724137931034,0.6805555555555555,45,10.664044975768775,0.0013126758858561516,0.029170575241247814,0.10422515869140625,27322,0.0,130.494140625,0.5047899521887302,0.5465349189259789,0.6197428603967031,24,34
filter_length,25,40,25,75,15,0.5,0.001,32,50,0.0,0.1,10,5,0.5,True,42,78,78,0.4444444444444444,0.576271186440678,0.4644268774703557,45,6.240875835996121,0.001142588909715414,0.025390864660342533,0.10422515869140625,27322,0.00390625,130.494140625,0.5373120971701362,0.6070304043365248,0.5800661424795787,11,21
filter_length,25,40,25,75,15,0.5,0.001,32,50,0.0,0.1,10,5,0.5,True,42,79,79,0.625,0.6666666666666666,0.655,40,7.204659501090646,0.0026856809854507446,0.06714202463626862,0.10422515869140625,27322,0.0078125,130.494140625,0.5489569053505406,0.5915528542616151,0.5690976480642954,12,22
filter_length,25,40,25,75,15,0.5,0.001,32,50,0.0,0.1,10,5,0.5,True,42,80,80,0.6666666666666666,0.4827586206896552,0.7213438735177865,45,12.195285701192915,0.001336315181106329,0.02969589291347398,0.10422515869140625,27322,0.0078125,130.494140625,0.5147334928765441,0.5527982045755242,0.5804887394110362,20,30
filter_length,25,40,25,75,15,0.5,0.001,32,50,0.0,0.1,10,5,0.5,True,42,81,81,0.4888888888888889,0.0,0.7549407114624506,45,5.108258903026581,0.0031219827942550182,0.0693773954278893,0.10422515869140625,27322,0.0,130.494140625,0.5572595749840592,0.6468734407063687,0.5808351715405782,5,15
filter_length,25,40,25,75,15,0.5,0.001,32,50,0.0,0.1,10,5,0.5,True,42,82,82,0.6444444444444445,0.7333333333333333,0.9011857707509883,45,5.187674292828888,0.0014022653922438622,0.031161453160974715,0.10422515869140625,27322,0.0,130.494140625,0.5575035027030742,0.6333176355921861,0.5784929990768433,7,17
filter_length,25,40,25,75,15,0.5,0.001,32,50,0.0,0.1,10,5,0.5,True,42,83,83,0.6578947368421053,0.48,0.8781163434903048,38,11.187550329137594,0.0025024842470884323,0.06585484860759032,0.10422515869140625,27322,0.00390625,130.494140625,0.49180911842620734,0.5443570512262258,0.5883996446927389,17,27
filter_length,25,40,25,75,15,0.5,0.001,32,50,0.0,0.1,10,5,0.5,True,42,84,84,0.6363636363636364,0.6521739130434783,0.7681159420289855,44,8.887664126232266,0.0023817173205316067,0.05412993910299106,0.10422515869140625,27322,0.0,130.494140625,0.5139401297677647,0.5516684179504713,0.5666641195615133,21,31
filter_length,25,40,25,75,15,0.5,0.001,32,50,0.0,0.1,10,5,0.5,True,42,85,85,0.8636363636363636,0.8695652173913043,0.9834368530020704,44,9.113500862382352,0.002242528833448887,0.050966564396565606,0.10422515869140625,27322,0.0,130.494140625,0.5552617571119106,0.6056257411837578,0.5588983575503031,14,24
filter_length,25,40,25,75,15,0.5,0.001,32,50,0.0,0.1,10,5,0.5,True,42,86,86,0.7045454545454546,0.7636363636363637,0.9109730848861283,44,4.5367963360622525,0.0012394068762660027,0.028168338096954605,0.10422515869140625,27322,0.0,130.494140625,0.5477697203556696,0.6407335843100692,0.6019489506880442,9,19
filter_length,25,40,25,75,15,0.5,0.001,32,50,0.0,0.1,10,5,0.5,True,42,87,87,0.6666666666666666,0.7169811320754716,0.7529644268774704,45,8.32083049369976,0.0018383669666945934,0.04085259925987985,0.10422515869140625,27322,0.0,130.494140625,0.5115181162501826,0.577130397160848,0.5702519098917643,13,23
filter_length,25,40,25,75,15,0.5,0.001,32,50,0.0,0.1,10,5,0.5,True,42,88,88,0.5636363636363636,0.4782608695652174,0.6428571428571428,55,6.660976856015623,0.0013408949598670006,0.024379908361218193,0.10422515869140625,27322,0.0078125,130.494140625,0.5264494364911859,0.6054512526501309,0.5816438555717468,11,21
filter_length,25,40,25,75,15,0.5,0.001,32,50,0.0,0.1,10,5,0.5,True,42,89,89,0.6,0.5714285714285714,0.6607142857142856,45,12.44305830821395,0.002446284983307123,0.054361888517936066,0.10422515869140625,27322,0.00390625,130.494140625,0.485468277425477,0.5236901993101294,0.5659487903118133,24,34
filter_length,25,40,25,75,15,0.5,0.001,32,50,0.0,0.1,10,5,0.5,True,42,90,90,0.6,0.47058823529411764,0.7075098814229249,45,7.864261019043624,0.0012178169563412666,0.027062599029805925,0.10422515869140625,27322,0.0,130.494140625,0.5126869935881008,0.5587798876292778,0.5753579537073771,15,25
filter_length,25,40,25,75,15,0.5,0.001,32,50,0.0,0.1,10,5,0.5,True,42,91,91,0.75,0.7555555555555555,0.7871900826446281,44,6.311852640006691,0.001125080045312643,0.025570001029832794,0.10422515869140625,27322,0.0,130.494140625,0.5498422666481046,0.5984921572786389,0.5690129896004995,13,23
filter_length,25,40,25,75,15,0.5,0.001,32,50,0.0,0.1,10,5,0.5,True,42,92,92,0.6964285714285714,0.7213114754098361,0.7756410256410257,56,6.980546302162111,0.0031003528274595737,0.05536344334749239,0.10422515869140625,27322,0.00390625,130.494140625,0.5639350482008674,0.6326428437323282,0.6041714370250701,10,20
filter_length,25,40,25,75,15,0.5,0.001,32,50,0.0,0.1,10,5,0.5,True,42,93,93,0.7777777777777778,0.7619047619047619,0.9031620553359684,45,8.86644280422479,0.0021325210109353065,0.04738935579856237,0.10422515869140625,27322,0.0,130.494140625,0.555416579273614,0.5932631612275586,0.5870047489802043,14,24
filter_length,25,40,25,75,15,0.5,0.001,32,50,0.0,0.1,10,5,0.5,True,42,94,94,0.9545454545454546,0.9545454545454546,0.9937888198757764,44,4.304834360256791,0.001194638665765524,0.027150878767398273,0.10422515869140625,27322,0.0,130.494140625,0.5534424725355525,0.7151316593993794,0.6091288546721141,4,14
filter_length,25,40,25,75,15,0.5,0.001,32,50,0.0,0.1,10,5,0.5,True,42,95,95,0.6071428571428571,0.5217391304347826,0.6041666666666666,28,9.876648160163313,0.0010611903853714466,0.037899656620408805,0.10422515869140625,27322,0.0,130.494140625,0.5091866322539069,0.5656298459930853,0.557862236102422,16,26
filter_length,25,40,25,75,15,0.5,0.001,32,50,0.0,0.1,10,5,0.5,True,42,96,96,0.7142857142857143,0.7272727272727273,0.7142857142857143,42,9.357514377683401,0.0011963178403675556,0.02848375810398942,0.10422515869140625,27322,0.0,130.494140625,0.5338536178072294,0.6033802170193556,0.5717991709709167,11,21
filter_length,25,40,25,75,15,0.5,0.001,32,50,0.0,0.1,10,5,0.5,True,42,97,97,0.6363636363636364,0.5555555555555556,0.6549586776859504,44,10.205674983561039,0.0013783052563667297,0.031325119462880226,0.10422515869140625,27322,0.00390625,130.494140625,0.528470632027496,0.6093564220901692,0.5604754229386647,18,28
filter_length,25,40,25,75,15,0.5,0.001,32,50,0.0,0.1,10,5,0.5,True,42,98,98,0.6666666666666666,0.7368421052631579,0.6798418972332015,45,9.193477063905448,0.0017932169139385223,0.03984926475418939,0.10422515869140625,27322,0.0,130.494140625,0.48698543486270035,0.5521299014940406,0.5776029785474142,19,29
filter_length,25,40,25,75,15,0.5,0.001,32,50,0.0,0.1,10,5,0.5,True,42,99,99,0.5348837209302325,0.3333333333333333,0.5844155844155844,43,13.75428870972246,0.001128228846937418,0.0262378801613353,0.10422515869140625,27322,0.0,130.494140625,0.49305841010628326,0.4932546823313742,0.5996255417664845,36,46
filter_length,25,40,25,75,15,0.5,0.001,32,50,0.0,0.1,10,5,0.5,True,42,100,100,0.5277777777777778,0.6222222222222222,0.6141975308641976,36,6.430031552910805,0.0011552288196980953,0.0320896894360582,0.10422515869140625,27322,0.00390625,130.494140625,0.5600625712311629,0.6278835982084274,0.5505859772364299,9,19
filter_length,25,40,25,75,15,0.5,0.001,32,50,0.0,0.1,10,5,0.5,True,42,101,101,0.6444444444444445,0.6521739130434783,0.6521739130434783,45,8.542755213100463,0.002296478021889925,0.05103284493088722,0.10422515869140625,27322,0.0,130.494140625,0.5055058587229613,0.5281197148742098,0.5774328589439393,20,30
filter_length,25,40,25,75,15,0.5,0.001,32,50,0.0,0.1,10,5,0.5,True,42,102,102,0.7333333333333333,0.7142857142857143,0.8596837944664031,45,5.169211210217327,0.00197030371055007,0.04378452690111267,0.10422515869140625,27322,0.00390625,130.494140625,0.5576012676412408,0.6783547216292584,0.5995654265085856,6,16
filter_length,25,40,25,75,15,0.5,0.001,32,50,0.0,0.1,10,5,0.5,True,42,103,103,0.7906976744186046,0.7804878048780488,0.8593073593073594,43,9.97140435082838,0.0013990048319101334,0.032534996090933334,0.10422515869140625,27322,0.0,130.494140625,0.5207077639572548,0.5595906925472346,0.5694364766279857,16,26
filter_length,25,40,25,75,15,0.5,0.001,32,50,0.0,0.1,10,5,0.5,True,42,104,104,0.5581395348837209,0.6779661016949152,0.7186147186147185,43,8.638645912054926,0.0010949298739433289,0.02546348544054253,0.10422515869140625,27322,0.0,130.494140625,0.5589120067430265,0.6263504389560584,0.5738173981507619,9,19
filter_length,25,40,25,75,15,0.5,0.001,32,50,0.0,0.1,10,5,0.5,True,42,105,105,0.6888888888888889,0.6666666666666666,0.7727272727272727,45,6.323925040196627,0.0014141937717795372,0.03142652826176749,0.10422515869140625,27322,0.00390625,130.494140625,0.5620790324879416,0.6811636812759169,0.6033143222332,5,15
filter_length,25,40,25,75,15,0.5,0.001,32,50,0.0,0.1,10,5,0.5,True,42,106,106,0.5777777777777777,0.5365853658536586,0.5873015873015873,45,13.647853972855955,0.003796161152422428,0.0843591367204984,0.10422515869140625,27322,0.0,130.494140625,0.49349064018690225,0.5076357111560575,0.567584768931071,27,37
filter_length,25,40,25,75,15,0.5,0.001,32,50,0.0,0.1,10,5,0.5,True,42,107,107,0.6222222222222222,0.6382978723404256,0.6091269841269842,45,3.9466105699539185,0.0013945940881967545,0.03099097973770566,0.10422515869140625,27322,0.0,130.494140625,0.5559142428365621,0.6600214579340183,0.5728672941525778,7,17
filter_length,25,40,25,75,15,0.5,0.001,32,50,0.0,0.1,10,5,0.5,True,42,108,108,0.8222222222222222,0.8333333333333334,0.9071146245059288,45,14.385330451186746,0.0022754776291549206,0.050566169536776014,0.10422515869140625,27322,0.0078125,130.494140625,0.4772521047429605,0.5125828263434496,0.5949686825275421,28,38
filter_length,35,40,35,75,15,0.5,0.001,32,50,0.0,0.1,10,5,0.5,True,42,1,1,0.7333333333333333,0.7,0.7865612648221344,45,3.4351852568797767,0.0026622810401022434,0.059161800891160965,0.10544586181640625,27642,0.12890625,129.66748046875,0.5703163557883465,0.7229688499461521,0.5671877026557922,2,12
filter_length,35,40,35,75,15,0.5,0.001,32,50,0.0,0.1,10,5,0.5,True,42,2,2,0.8222222222222222,0.8,0.9486166007905138,45,5.857669671997428,0.001582460943609476,0.035165798746877246,0.10544586181640625,27642,0.0,129.66748046875,0.5610628789573004,0.6276601121732683,0.5535873333613078,7,17
filter_length,35,40,35,75,15,0.5,0.001,32,50,0.0,0.1,10,5,0.5,True,42,3,3,0.4888888888888889,0.43902439024390244,0.4505928853754941,45,4.021651689894497,0.0017110980115830898,0.038024400257401995,0.10544586181640625,27642,0.0,129.66748046875,0.544628030422962,0.638809065024058,0.5489084462324778,7,17
filter_length,35,40,35,75,15,0.5,0.001,32,50,0.0,0.1,10,5,0.5,True,42,4,4,0.5777777777777777,0.6984126984126984,0.7114624505928854,45,8.531202664133161,0.0026999912224709988,0.05999980494379997,0.10544586181640625,27642,0.0,129.66748046875,0.5111295544739926,0.5993440747261047,0.5488855461279551,16,26
filter_length,35,40,35,75,15,0.5,0.001,32,50,0.0,0.1,10,5,0.5,True,42,5,5,0.5777777777777777,0.6545454545454545,0.5615079365079365,45,3.8482981752604246,0.0019020549952983856,0.04226788878440857,0.10544586181640625,27642,0.0,129.66748046875,0.5505019385706295,0.6832867574059602,0.567510598897934,4,14
filter_length,35,40,35,75,15,0.5,0.001,32,50,0.0,0.1,10,5,0.5,True,42,6,6,0.4666666666666667,0.25,0.5357142857142857,45,7.643743083812296,0.0013861050829291344,0.03080233517620299,0.10544586181640625,27642,0.0,129.66748046875,0.5067590705373071,0.5707994080854185,0.5595832268397013,14,24
filter_length,35,40,35,75,15,0.5,0.001,32,50,0.0,0.1,10,5,0.5,True,42,7,7,0.9777777777777777,0.9777777777777777,0.9940711462450593,45,6.421124746091664,0.0014062151312828064,0.03124922513961792,0.10544586181640625,27642,0.0,129.66748046875,0.5264736779711463,0.596907789960052,0.5491942723592123,11,21
filter_length,35,40,35,75,15,0.5,0.001,32,50,0.0,0.1,10,5,0.5,True,42,8,8,0.7111111111111111,0.6486486486486487,0.8300395256916996,45,8.414437905419618,0.0031836521811783314,0.07074782624840736,0.10544586181640625,27642,0.0,129.66748046875,0.5281632730003559,0.6307930661873384,0.5689287801583608,11,21
filter_length,35,40,35,75,15,0.5,0.001,32,50,0.0,0.1,10,5,0.5,True,42,9,9,0.6,0.55,0.6150793650793651,45,6.227102546952665,0.0011702482588589191,0.026005516863531537,0.10544586181640625,27642,0.0,129.66748046875,0.5267426558967793,0.5857687499938589,0.5650064210096996,16,26
filter_length,35,40,35,75,15,0.5,0.001,32,50,0.0,0.1,10,5,0.5,True,42,10,10,0.6444444444444445,0.68,0.748015873015873,45,7.009253148920834,0.0026591606438159943,0.059092458751466535,0.10544586181640625,27642,0.0,129.66748046875,0.5155439589059714,0.5823853546471307,0.5559500455856323,11,21
filter_length,35,40,35,75,15,0.5,0.001,32,50,0.0,0.1,10,5,0.5,True,42,11,11,0.4666666666666667,0.14285714285714285,0.6007905138339921,45,6.580192971043289,0.0022561191581189632,0.050135981291532516,0.10544586181640625,27642,0.0,129.66748046875,0.5167927742004395,0.5643270803671895,0.5515689194202423,12,22
filter_length,35,40,35,75,15,0.5,0.001,32,50,0.0,0.1,10,5,0.5,True,42,12,12,0.7333333333333333,0.7,0.7777777777777778,45,6.048003486823291,0.0011419691145420074,0.025377091434266832,0.10544586181640625,27642,0.0,129.66748046875,0.5620919386997367,0.6638809794729407,0.566267728805542,7,17
filter_length,35,40,35,75,15,0.5,0.001,32,50,0.0,0.1,10,5,0.5,True,42,13,13,0.6857142857142857,0.717948717948718,0.8006535947712418,35,4.562990717124194,0.0036091040819883347,0.10311725948538099,0.10544586181640625,27642,0.11328125,129.66748046875,0.5538245710459623,0.71260024539449,0.5825073897838593,3,13
filter_length,35,40,35,75,15,0.5,0.001,32,50,0.0,0.1,10,5,0.5,True,42,14,14,0.6666666666666666,0.6938775510204082,0.7608695652173912,45,7.693025305867195,0.0011661890894174576,0.02591531309816572,0.10544586181640625,27642,0.0,129.66748046875,0.5269995072122776,0.5837315454175978,0.5622375845909119,11,21
filter_length,35,40,35,75,15,0.5,0.001,32,50,0.0,0.1,10,5,0.5,True,42,15,15,0.6444444444444445,0.7333333333333333,0.9229249011857708,45,10.229231413919479,0.0012950161471962929,0.028778136604362063,0.10544586181640625,27642,0.0,129.66748046875,0.5122542794455182,0.5513235730203715,0.5574679553508759,15,25
filter_length,35,40,35,75,15,0.5,0.001,32,50,0.0,0.1,10,5,0.5,True,42,16,16,0.7111111111111111,0.7450980392156863,0.7588932806324111,45,5.26984099438414,0.0022323797456920147,0.04960843879315588,0.10544586181640625,27642,0.0,129.66748046875,0.5604700976700494,0.6375755182269848,0.5658964057763417,6,16
filter_length,35,40,35,75,15,0.5,0.001,32,50,0.0,0.1,10,5,0.5,True,42,17,17,0.6666666666666666,0.5882352941176471,0.6727272727272727,42,9.918668803293258,0.002884897869080305,0.06868804450191202,0.10544586181640625,27642,0.05078125,129.66748046875,0.4875502105463635,0.48460918348847015,0.585917858282725,23,33
filter_length,35,40,35,75,15,0.5,0.001,32,50,0.0,0.1,10,5,0.5,True,42,18,18,0.5555555555555556,0.6551724137931034,0.49604743083003955,45,5.724059560801834,0.0011171698570251465,0.024825996822781034,0.10544586181640625,27642,0.0,129.66748046875,0.49969592690467834,0.5719273641253962,0.5742383082707723,13,23
filter_length,35,40,35,75,15,0.5,0.001,32,50,0.0,0.1,10,5,0.5,True,42,19,19,0.6666666666666666,0.7457627118644068,0.7687747035573123,45,6.664118988905102,0.0020365631207823753,0.04525695823960835,0.10544586181640625,27642,0.0,129.66748046875,0.535526852490324,0.6219447535095792,0.5479621569315593,8,18
filter_length,35,40,35,75,15,0.5,0.001,32,50,0.0,0.1,10,5,0.5,True,42,20,20,0.5777777777777777,0.42424242424242425,0.5790513833992095,45,8.543711855076253,0.0011865594424307346,0.02636798760957188,0.10544586181640625,27642,0.0,129.66748046875,0.4949052139665141,0.5283840655377416,0.5427778323491415,18,28
filter_length,35,40,35,75,15,0.5,0.001,32,50,0.0,0.1,10,5,0.5,True,42,21,21,0.6666666666666666,0.7058823529411765,0.8492063492063492,45,18.049991766922176,0.001224767416715622,0.027217053704791598,0.10544586181640625,27642,0.0,129.66748046875,0.46511634066700935,0.4714583415876735,0.562731409072876,38,48
filter_length,35,40,35,75,15,0.5,0.001,32,50,0.0,0.1,10,5,0.5,True,42,22,22,0.6,0.6086956521739131,0.5434782608695652,45,7.640696140937507,0.001596091315150261,0.035468695892228015,0.10544586181640625,27642,0.0,129.66748046875,0.5292782512578097,0.5977050321120204,0.5675771613915761,11,21
filter_length,35,40,35,75,15,0.5,0.001,32,50,0.0,0.1,10,5,0.5,True,42,23,23,0.6136363636363636,0.7017543859649122,0.8409090909090909,44,6.498009521979839,0.0033649089746177197,0.07647520396858454,0.10544586181640625,27642,0.0703125,129.66748046875,0.5339340940117836,0.6212983011747851,0.5702402194341024,9,19
filter_length,35,40,35,75,15,0.5,0.001,32,50,0.0,0.1,10,5,0.5,True,42,24,24,0.6111111111111112,0.7407407407407407,0.8181818181818182,18,5.593287918251008,0.0017715077847242355,0.09841709915134643,0.10544586181640625,27642,0.07421875,129.66748046875,0.5535739366721389,0.6301816820650172,0.564984263976415,8,18
filter_length,35,40,35,75,15,0.5,0.001,32,50,0.0,0.1,10,5,0.5,True,42,25,25,0.6222222222222222,0.5853658536585366,0.7391304347826086,45,5.600017504766583,0.0033838776871562004,0.07519728193680444,0.10544586181640625,27642,0.0,129.66748046875,0.5307732284294836,0.6254044159343748,0.5756921629110973,8,18
filter_length,35,40,35,75,15,0.5,0.001,32,50,0.0,0.1,10,5,0.5,True,42,26,26,0.8222222222222222,0.7777777777777778,0.9186507936507936,45,14.206061381846666,0.002266397699713707,0.05036439332697127,0.10544586181640625,27642,0.0,129.66748046875,0.44470874400752963,0.4600552971841711,0.568454380830129,37,47
filter_length,35,40,35,75,15,0.5,0.001,32,50,0.0,0.1,10,5,0.5,True,42,27,27,0.4888888888888889,0.5660377358490566,0.5928853754940712,45,9.393776196055114,0.002607372123748064,0.05794160274995698,0.10544586181640625,27642,0.0,129.66748046875,0.5077245788592281,0.5443802665580403,0.5376548727353414,14,24
filter_length,35,40,35,75,15,0.5,0.001,32,50,0.0,0.1,10,5,0.5,True,42,28,28,0.6444444444444445,0.6,0.6581027667984191,45,6.907018844969571,0.0034592370502650738,0.07687193445033497,0.10544586181640625,27642,0.0,129.66748046875,0.5461163258913792,0.6387810269088456,0.5646866977214813,8,18
filter_length,35,40,35,75,15,0.5,0.001,32,50,0.0,0.1,10,5,0.5,True,42,29,29,0.8888888888888888,0.8979591836734694,0.9940711462450593,45,8.661033563315868,0.0011975779198110104,0.026612842662466895,0.10544586181640625,27642,0.0,129.66748046875,0.49986158966115024,0.5742456994273446,0.562115627527237,14,24
filter_length,35,40,35,75,15,0.5,0.001,32,50,0.0,0.1,10,5,0.5,True,42,30,30,0.6444444444444445,0.6666666666666666,0.7658730158730159,45,8.96688799886033,0.0011715590953826904,0.026034646564059787,0.10544586181640625,27642,0.0,129.66748046875,0.4971880948904789,0.5362836630506949,0.5571992456912994,17,27
filter_length,35,40,35,75,15,0.5,0.001,32,50,0.0,0.1,10,5,0.5,True,42,31,31,0.7111111111111111,0.7111111111111111,0.7885375494071146,45,16.243352928664535,0.001808817032724619,0.040195934060547084,0.10544586181640625,27642,0.0,129.66748046875,0.4740626070309769,0.47561671020406665,0.5784688711166381,38,48
filter_length,35,40,35,75,15,0.5,0.001,32,50,0.0,0.1,10,5,0.5,True,42,32,32,0.6818181818181818,0.7407407407407407,0.834368530020704,44,12.38582581281662,0.002354237250983715,0.053505392067811706,0.10544586181640625,27642,0.0,129.66748046875,0.456865221036203,0.489398407665166,0.5514014343420665,23,33
filter_length,35,40,35,75,15,0.5,0.001,32,50,0.0,0.1,10,5,0.5,True,42,33,33,0.7777777777777778,0.7222222222222222,0.8932806324110673,45,6.615423968993127,0.002382566686719656,0.052945926371547915,0.10544586181640625,27642,0.0,129.66748046875,0.5082832613226139,0.581134483218193,0.5542241632938385,11,21
filter_length,35,40,35,75,15,0.5,0.001,32,50,0.0,0.1,10,5,0.5,True,42,34,34,0.8666666666666667,0.88,0.9603174603174603,45,7.958199385087937,0.0018772957846522331,0.04171768410338296,0.10544586181640625,27642,0.0,129.66748046875,0.5029714202338998,0.5421856874317834,0.5768422842025757,17,27
filter_length,35,40,35,75,15,0.5,0.001,32,50,0.0,0.1,10,5,0.5,True,42,35,35,0.6888888888888889,0.5882352941176471,0.8774703557312252,45,10.79069937299937,0.001448033843189478,0.03217852984865507,0.10544586181640625,27642,0.0,129.66748046875,0.4635971493341706,0.4880665147846395,0.583425643046697,25,35
filter_length,35,40,35,75,15,0.5,0.001,32,50,0.0,0.1,10,5,0.5,True,42,36,36,0.6136363636363636,0.6909090909090909,0.7169421487603306,44,6.589536101091653,0.003437918145209551,0.07813450330021707,0.10544586181640625,27642,0.0,129.66748046875,0.531036366341692,0.6165088519002452,0.566479363044103,9,19
filter_length,35,40,35,75,15,0.5,0.001,32,50,0.0,0.1,10,5,0.5,True,42,37,37,0.5111111111111111,0.0,0.3754940711462451,45,6.410141292028129,0.002079961821436882,0.04622137380970849,0.10544586181640625,27642,0.0,129.66748046875,0.540628849782727,0.6557773532289447,0.5528520385424296,7,17
filter_length,35,40,35,75,15,0.5,0.001,32,50,0.0,0.1,10,5,0.5,True,42,38,38,0.4888888888888889,0.30303030303030304,0.5928853754940712,45,7.0242224535904825,0.0031090728007256985,0.0690905066827933,0.10544586181640625,27642,0.0,129.66748046875,0.5322034294632348,0.6014839329502799,0.5522446731726328,9,19
filter_length,35,40,35,75,15,0.5,0.001,32,50,0.0,0.1,10,5,0.5,True,42,39,39,0.5681818181818182,0.6274509803921569,0.681159420289855,44,7.357512907125056,0.0012681572698056698,0.02882175613194704,0.10544586181640625,27642,0.0,129.66748046875,0.5119829229784735,0.5495975767121171,0.5534466107686361,14,24
filter_length,35,40,35,75,15,0.5,0.001,32,50,0.0,0.1,10,5,0.5,True,42,40,40,0.5111111111111111,0.3888888888888889,0.5297619047619048,45,7.803881966043264,0.002960536163300276,0.06578969251778391,0.10544586181640625,27642,0.0,129.66748046875,0.5103263556957245,0.6236910707119739,0.5845564246177674,10,20
filter_length,35,40,35,75,15,0.5,0.001,32,50,0.0,0.1,10,5,0.5,True,42,41,41,0.6888888888888889,0.6111111111111112,0.748015873015873,45,5.141767072957009,0.001118229702115059,0.024849548935890198,0.10544586181640625,27642,0.0,129.66748046875,0.5466479647791747,0.656510005846168,0.5552769561608633,6,16
filter_length,35,40,35,75,15,0.5,0.001,32,50,0.0,0.1,10,5,0.5,True,42,42,42,0.8222222222222222,0.8,0.9209486166007905,45,7.626648197881877,0.0020387331023812294,0.04530518005291621,0.10544586181640625,27642,0.0,129.66748046875,0.49595685009703494,0.549242698107705,0.5771164655685425,14,24
filter_length,35,40,35,75,15,0.5,0.001,32,50,0.0,0.1,10,5,0.5,True,42,43,43,0.8666666666666667,0.8421052631578947,0.9841897233201582,45,4.398774541914463,0.0023373370058834553,0.051940822352965675,0.10544586181640625,27642,0.0,129.66748046875,0.5662152365301595,0.6770400567488237,0.5590972979863484,5,15
filter_length,35,40,35,75,15,0.5,0.001,32,50,0.0,0.1,10,5,0.5,True,42,44,44,0.7931034482758621,0.7857142857142857,0.8666666666666666,29,7.336581096984446,0.002433456014841795,0.083912276373855,0.10544586181640625,27642,0.1328125,129.66748046875,0.5092295096679167,0.5884797792091514,0.5692794024944305,14,24
filter_length,35,40,35,75,15,0.5,0.001,32,50,0.0,0.1,10,5,0.5,True,42,45,45,0.7555555555555555,0.6857142857142857,0.83399209486166,45,6.01576698385179,0.0016262596473097801,0.03613910327355067,0.10544586181640625,27642,0.0,129.66748046875,0.5342484909025106,0.6395988152785734,0.5568472901980083,9,19
filter_length,35,40,35,75,15,0.5,0.001,32,50,0.0,0.1,10,5,0.5,True,42,46,46,0.6666666666666666,0.6341463414634146,0.7272727272727273,45,4.547456960659474,0.0025330139324069023,0.05628919849793116,0.10544586181640625,27642,0.0,129.66748046875,0.5591933815316721,0.6228875032428539,0.569257915019989,6,16
filter_length,35,40,35,75,15,0.5,0.001,32,50,0.0,0.1,10,5,0.5,True,42,47,47,0.6,0.5909090909090909,0.6488095238095238,45,7.2024197252467275,0.001297886949032545,0.028841932200723223,0.10544586181640625,27642,0.0,129.66748046875,0.5468102652918209,0.6459101445295594,0.5694380044937134,8,18
filter_length,35,40,35,75,15,0.5,0.001,32,50,0.0,0.1,10,5,0.5,True,42,48,48,0.7647058823529411,0.75,0.9571428571428572,17,6.43627525633201,0.002495743799954653,0.14680845882086194,0.10544586181640625,27642,0.03125,129.66748046875,0.5384533797439776,0.6419089618033933,0.5830364565054575,6,16
filter_length,35,40,35,75,15,0.5,0.001,32,50,0.0,0.1,10,5,0.5,True,42,49,49,0.6444444444444445,0.7241379310344828,0.8695652173913043,45,8.294191525317729,0.0014397529885172844,0.031994510855939656,0.10544586181640625,27642,0.0,129.66748046875,0.4979965880964742,0.557920297212673,0.556818417708079,14,24
filter_length,35,40,35,75,15,0.5,0.001,32,50,0.0,0.1,10,5,0.5,True,42,50,50,0.5777777777777777,0.24,0.7470355731225297,45,6.314284281339496,0.0037782620638608932,0.08396137919690874,0.10544586181640625,27642,0.0,129.66748046875,0.5478144419012647,0.6350998124389937,0.5642845173676808,5,15
filter_length,35,40,35,75,15,0.5,0.001,32,50,0.0,0.1,10,5,0.5,True,42,51,51,0.5777777777777777,0.2962962962962963,0.6646825396825398,45,13.869628328830004,0.0014044437557458878,0.031209861238797508,0.10544586181640625,27642,0.0,129.66748046875,0.435753680991404,0.4765805827848839,0.5679428418477376,31,41
filter_length,35,40,35,75,15,0.5,0.001,32,50,0.0,0.1,10,5,0.5,True,42,52,52,0.8048780487804879,0.75,0.8851674641148325,41,10.613671725150198,0.005008597858250141,0.12216092337195467,0.10544586181640625,27642,0.0,129.66748046875,0.4807814506418777,0.5169862499742797,0.5595735112826029,19,29
filter_length,35,40,35,75,15,0.5,0.001,32,50,0.0,0.1,10,5,0.5,True,42,53,53,0.5813953488372093,0.6666666666666666,0.577922077922078,43,8.61387194506824,0.004064145963639021,0.0945150224102098,0.10544586181640625,27642,0.09375,129.66748046875,0.5001798048615456,0.5783992174899939,0.547907696167628,12,22
filter_length,35,40,35,75,15,0.5,0.001,32,50,0.0,0.1,10,5,0.5,True,42,54,54,0.6923076923076923,0.7,0.8097826086956522,39,8.559491136111319,0.00152578204870224,0.03912261663339077,0.10544586181640625,27642,0.10546875,129.66748046875,0.4934419404828187,0.5659751576004606,0.5558468600114187,12,22
filter_length,35,40,35,75,15,0.5,0.001,32,50,0.0,0.1,10,5,0.5,True,42,55,55,0.9555555555555556,0.9523809523809523,0.9980237154150198,45,11.494208889082074,0.003394677769392729,0.07543728376428287,0.10544586181640625,27642,0.0,129.66748046875,0.5037172908584276,0.6022269202001167,0.5847696701685587,18,28
filter_length,35,40,35,75,15,0.5,0.001,32,50,0.0,0.1,10,5,0.5,True,42,56,56,0.8409090909090909,0.8372093023255814,0.8801652892561983,44,7.194533448200673,0.003632784355431795,0.08256328080526806,0.10544586181640625,27642,0.0,129.66748046875,0.5527126409790732,0.6541628568912997,0.5785318930943807,7,17
filter_length,35,40,35,75,15,0.5,0.001,32,50,0.0,0.1,10,5,0.5,True,42,57,57,0.7111111111111111,0.6666666666666666,0.7043650793650793,45,16.74472869699821,0.0017154091037809849,0.03812020230624411,0.10544586181640625,27642,0.0078125,129.66748046875,0.467125687409531,0.5082787494316245,0.5589704751968384,30,40
filter_length,35,40,35,75,15,0.5,0.001,32,50,0.0,0.1,10,5,0.5,True,42,58,58,0.6222222222222222,0.5853658536585366,0.6666666666666666,45,9.707977621816099,0.0031906021758913994,0.07090227057536444,0.10544586181640625,27642,0.00390625,129.66748046875,0.5022756264291026,0.5320132765354533,0.5646688501040141,16,26
filter_length,35,40,35,75,15,0.5,0.001,32,50,0.0,0.1,10,5,0.5,True,42,59,59,0.5777777777777777,0.3870967741935484,0.5416666666666666,45,9.79264561785385,0.0011300691403448582,0.02511264756321907,0.10544586181640625,27642,0.0,129.66748046875,0.4974621039899913,0.5392767351233598,0.5685126880804697,17,27
filter_length,35,40,35,75,15,0.5,0.001,32,50,0.0,0.1,10,5,0.5,True,42,60,60,0.7954545454545454,0.7692307692307693,0.9070247933884298,44,6.269292911048979,0.0016518700867891312,0.037542501972480255,0.10544586181640625,27642,0.0,129.66748046875,0.544432964063052,0.6730610111897642,0.5722426096598308,5,15
filter_length,35,40,35,75,15,0.5,0.001,32,50,0.0,0.1,10,5,0.5,True,42,61,61,0.7209302325581395,0.75,0.8484848484848485,43,6.965580193325877,0.003439498133957386,0.07998832869668339,0.10544586181640625,27642,0.00390625,129.66748046875,0.5355118027690685,0.624857598407702,0.5769210517406463,9,19
filter_length,35,40,35,75,15,0.5,0.001,32,50,0.0,0.1,10,5,0.5,True,42,62,62,0.9333333333333333,0.9302325581395349,0.9802371541501976,45,6.40694373100996,0.0016889385879039764,0.03753196862008836,0.10544586181640625,27642,0.0,129.66748046875,0.5346679962945707,0.6364991391698519,0.5840197741985321,8,18
filter_length,35,40,35,75,15,0.5,0.001,32,50,0.0,0.1,10,5,0.5,True,42,63,63,0.5348837209302325,0.2857142857142857,0.5822510822510822,43,8.630260545760393,0.0018180571496486664,0.04228039882903875,0.10544586181640625,27642,0.00390625,129.66748046875,0.5212583194176356,0.6059610258900758,0.5786354561646779,12,22
filter_length,35,40,35,75,15,0.5,0.001,32,50,0.0,0.1,10,5,0.5,True,42,64,64,0.7555555555555555,0.7317073170731707,0.857707509881423,45,7.822925398591906,0.0032088709995150566,0.07130824443366793,0.10544586181640625,27642,0.00390625,129.66748046875,0.5316842139670344,0.6368322783347332,0.5690585136413574,8,18
filter_length,35,40,35,75,15,0.5,0.001,32,50,0.0,0.1,10,5,0.5,True,42,65,65,0.6444444444444445,0.6190476190476191,0.7738095238095237,45,15.528674273751676,0.0026664617471396923,0.059254705491993166,0.10544586181640625,27642,0.0,129.66748046875,0.47160890924208093,0.5052549845793031,0.5667698125044505,25,35
filter_length,35,40,35,75,15,0.5,0.001,32,50,0.0,0.1,10,5,0.5,True,42,66,66,0.5111111111111111,0.5769230769230769,0.608695652173913,45,10.664357540663332,0.0022763176821172237,0.05058483738038275,0.10544586181640625,27642,0.0,129.66748046875,0.5063213437344088,0.534826199665214,0.576993332306544,18,28
filter_length,35,40,35,75,15,0.5,0.001,32,50,0.0,0.1,10,5,0.5,True,42,67,67,0.4888888888888889,0.30303030303030304,0.5869565217391304,45,8.869208227843046,0.003402597736567259,0.07561328303482798,0.10544586181640625,27642,0.00390625,129.66748046875,0.5021781756570844,0.5476601762753545,0.5879205942153931,16,26
filter_length,35,40,35,75,15,0.5,0.001,32,50,0.0,0.1,10,5,0.5,True,42,68,68,0.6888888888888889,0.631578947368421,0.7687747035573123,45,5.5057229259982705,0.0014867526479065418,0.033038947731256485,0.10544586181640625,27642,0.0078125,129.66748046875,0.5361781420581269,0.6771570985967462,0.5880395750204722,7,17
filter_length,35,40,35,75,15,0.5,0.001,32,50,0.0,0.1,10,5,0.5,True,42,69,69,0.5777777777777777,0.6545454545454545,0.6428571428571428,45,8.250939812976867,0.003174152225255966,0.07053671611679925,0.10544586181640625,27642,0.00390625,129.66748046875,0.5287216143174605,0.6141006068298311,0.5739889800548553,10,20
filter_length,35,40,35,75,15,0.5,0.001,32,50,0.0,0.1,10,5,0.5,True,42,70,70,0.7111111111111111,0.6285714285714286,0.8814229249011858,45,8.134302439633757,0.002786759752780199,0.061927994506226644,0.10544586181640625,27642,0.0,129.66748046875,0.5298195305195722,0.6198047255024766,0.5822126924991607,10,20
filter_length,35,40,35,75,15,0.5,0.001,32,50,0.0,0.1,10,5,0.5,True,42,71,71,0.8222222222222222,0.8095238095238095,0.9723320158102766,45,8.789911325089633,0.003622483927756548,0.0804996428390344,0.10544586181640625,27642,0.0078125,129.66748046875,0.5056375703125289,0.5755429726206895,0.6098782181739807,12,22
filter_length,35,40,35,75,15,0.5,0.001,32,50,0.0,0.1,10,5,0.5,True,42,72,72,0.8666666666666667,0.875,0.9624505928853755,45,16.265188422985375,0.0015515722334384918,0.03447938296529982,0.10544586181640625,27642,0.00390625,129.66748046875,0.45645114011836774,0.4766336051803647,0.5810231645901998,32,42
filter_length,35,40,35,75,15,0.5,0.001,32,50,0.0,0.1,10,5,0.5,True,42,73,73,0.7111111111111111,0.6666666666666666,0.7964426877470355,45,9.07226991513744,0.002248939126729965,0.04997642503844368,0.10544586181640625,27642,0.0,129.66748046875,0.506807075982744,0.6090745241804556,0.5901057302951813,13,23
filter_length,35,40,35,75,15,0.5,0.001,32,50,0.0,0.1,10,5,0.5,True,42,74,74,0.6444444444444445,0.6363636363636364,0.7301587301587302,45,14.097432043869048,0.0019299047999083996,0.04288677333129777,0.10544586181640625,27642,0.015625,129.66748046875,0.45891101184216415,0.479503626398968,0.5624608397483826,27,37
filter_length,35,40,35,75,15,0.5,0.001,32,50,0.0,0.1,10,5,0.5,True,42,75,75,0.7560975609756098,0.7058823529411765,0.8833333333333333,41,6.403133131098002,0.0030628941021859646,0.07470473419965767,0.10544586181640625,27642,0.0859375,129.66748046875,0.536370060209072,0.6428105844692751,0.5855925699075063,8,18
filter_length,35,40,35,75,15,0.5,0.001,32,50,0.0,0.1,10,5,0.5,True,42,76,76,0.5555555555555556,0.6551724137931034,0.5217391304347826,45,6.08980775391683,0.0011031399480998516,0.02451422106888559,0.10544586181640625,27642,0.015625,129.66748046875,0.5242277307040764,0.6525739896478076,0.5871781786282857,10,20
filter_length,35,40,35,75,15,0.5,0.001,32,50,0.0,0.1,10,5,0.5,True,42,77,77,0.6,0.7,0.7539682539682541,45,5.564203368965536,0.0014010649174451828,0.031134775943226282,0.10544586181640625,27642,0.00390625,129.66748046875,0.5553437193686311,0.655624854971062,0.6091786940892537,5,15
filter_length,35,40,35,75,15,0.5,0.001,32,50,0.0,0.1,10,5,0.5,True,42,78,78,0.4444444444444444,0.5283018867924528,0.5533596837944664,45,7.057493937201798,0.0011308500543236732,0.02513000120719274,0.10544586181640625,27642,0.0,129.66748046875,0.5129510076208548,0.6175836536920432,0.5861389915148417,11,21
filter_length,35,40,35,75,15,0.5,0.001,32,50,0.0,0.1,10,5,0.5,True,42,79,79,0.575,0.6222222222222222,0.6449999999999999,40,9.339303315151483,0.0024646753445267677,0.06161688361316919,0.10544586181640625,27642,0.00390625,129.66748046875,0.518652041527358,0.5870356823910367,0.5808786928653717,13,23
filter_length,35,40,35,75,15,0.5,0.001,32,50,0.0,0.1,10,5,0.5,True,42,80,80,0.6444444444444445,0.5555555555555556,0.7193675889328064,45,8.640397080685943,0.003133141901344061,0.06962537558542357,0.10544586181640625,27642,0.0,129.66748046875,0.5002211932883118,0.5441518635912375,0.5743840833504995,16,26
filter_length,35,40,35,75,15,0.5,0.001,32,50,0.0,0.1,10,5,0.5,True,42,81,81,0.4888888888888889,0.0,0.9150197628458498,45,10.374999739229679,0.0026367916725575924,0.05859537050127983,0.10544586181640625,27642,0.0,129.66748046875,0.48116556509877695,0.5012300079970649,0.5882384280363718,23,33
filter_length,35,40,35,75,15,0.5,0.001,32,50,0.0,0.1,10,5,0.5,True,42,82,82,0.6666666666666666,0.7368421052631579,0.8932806324110671,45,6.594737746752799,0.001543181948363781,0.0342929321858618,0.10544586181640625,27642,0.00390625,129.66748046875,0.5486338626254689,0.6535041815403736,0.5872607847054799,6,16
filter_length,35,40,35,75,15,0.5,0.001,32,50,0.0,0.1,10,5,0.5,True,42,83,83,0.631578947368421,0.4166666666666667,0.9224376731301939,38,7.393309742677957,0.0011380789801478386,0.029949446845995754,0.10544586181640625,27642,0.078125,129.66748046875,0.4650903648950837,0.5145530806797923,0.6047791639963785,22,32
filter_length,35,40,35,75,15,0.5,0.001,32,50,0.0,0.1,10,5,0.5,True,42,84,84,0.6818181818181818,0.6818181818181818,0.7598343685300207,44,11.30981924990192,0.00115932896733284,0.02634838562120091,0.10544586181640625,27642,0.0078125,129.66748046875,0.4905326258052479,0.5437489351765676,0.5586758852005005,19,29
filter_length,35,40,35,75,15,0.5,0.001,32,50,0.0,0.1,10,5,0.5,True,42,85,85,0.8409090909090909,0.8571428571428571,0.9917184265010353,44,11.76639966527,0.00417695427313447,0.09493077893487431,0.10544586181640625,27642,0.0,129.66748046875,0.48683189803903754,0.5402794769316008,0.5735161979993184,18,28
filter_length,35,40,35,75,15,0.5,0.001,32,50,0.0,0.1,10,5,0.5,True,42,86,86,0.8636363636363636,0.88,0.9440993788819876,44,11.145365090109408,0.0031338431872427464,0.07122370880097151,0.10544586181640625,27642,0.01171875,129.66748046875,0.4855472087634332,0.5329624265432358,0.5758004645506541,21,31
filter_length,35,40,35,75,15,0.5,0.001,32,50,0.0,0.1,10,5,0.5,True,42,87,87,0.6222222222222222,0.711864406779661,0.7094861660079052,45,5.4910014839842916,0.0010959901846945286,0.02435533743765619,0.10544586181640625,27642,0.0,129.66748046875,0.5422422143094467,0.6382135635975635,0.5769900957743327,7,17
filter_length,35,40,35,75,15,0.5,0.001,32,50,0.0,0.1,10,5,0.5,True,42,88,88,0.5454545454545454,0.32432432432432434,0.6058201058201059,55,6.853318460751325,0.0037909909151494503,0.06892710754817183,0.10544586181640625,27642,0.04296875,129.66748046875,0.5381755885301214,0.6315678419037298,0.5818574905395508,7,17
filter_length,35,40,35,75,15,0.5,0.001,32,50,0.0,0.1,10,5,0.5,True,42,89,89,0.5333333333333333,0.4,0.5714285714285714,45,10.13860671967268,0.003946487791836262,0.08769972870747249,0.10544586181640625,27642,0.00390625,129.66748046875,0.5014684568300392,0.568173304877498,0.5761324624220531,16,26
filter_length,35,40,35,75,15,0.5,0.001,32,50,0.0,0.1,10,5,0.5,True,42,90,90,0.5333333333333333,0.36363636363636365,0.6343873517786561,45,8.284253715071827,0.0040368069894611835,0.08970682198802629,0.10544586181640625,27642,0.0,129.66748046875,0.5277861358992981,0.6133405611370549,0.5710529764493306,11,21
filter_length,35,40,35,75,15,0.5,0.001,32,50,0.0,0.1,10,5,0.5,True,42,91,91,0.5681818181818182,0.6984126984126984,0.8409090909090909,44,8.196192832197994,0.00450125802308321,0.10230131870643659,0.10544586181640625,27642,0.01171875,129.66748046875,0.5219422590100404,0.6134545015114726,0.5804706712563833,9,19
filter_length,35,40,35,75,15,0.5,0.001,32,50,0.0,0.1,10,5,0.5,True,42,92,92,0.7142857142857143,0.7037037037037037,0.8115384615384617,56,9.503507941029966,0.003831970039755106,0.06842803642419833,0.10544586181640625,27642,0.0,129.66748046875,0.5133359764109958,0.5814145751523249,0.6044850528240204,15,25
filter_length,35,40,35,75,15,0.5,0.001,32,50,0.0,0.1,10,5,0.5,True,42,93,93,0.8666666666666667,0.85,0.9723320158102766,45,12.564163365866989,0.0015221922658383846,0.03382649479640855,0.10544586181640625,27642,0.0,129.66748046875,0.48230147926193295,0.53494834448352,0.5799625237782796,23,33
filter_length,35,40,35,75,15,0.5,0.001,32,50,0.0,0.1,10,5,0.5,True,42,94,94,0.9090909090909091,0.9090909090909091,0.9937888198757764,44,9.125524683855474,0.0016510100103914738,0.03752295478162441,0.10544586181640625,27642,0.00390625,129.66748046875,0.5195326249707829,0.5907165211710063,0.5944305340449015,10,20
filter_length,35,40,35,75,15,0.5,0.001,32,50,0.0,0.1,10,5,0.5,True,42,95,95,0.7142857142857143,0.6666666666666666,0.71875,28,6.012723490595818,0.0010978402569890022,0.03920858060675008,0.10544586181640625,27642,0.140625,129.66748046875,0.5487996251745657,0.6597528267990459,0.5601277709007263,7,17
filter_length,35,40,35,75,15,0.5,0.001,32,50,0.0,0.1,10,5,0.5,True,42,96,96,0.7619047619047619,0.8,0.7369614512471656,42,3.357282215729356,0.0011742380447685719,0.027958048684965996,0.10544586181640625,27642,0.00390625,129.66748046875,0.5456548260919976,0.699420908861088,0.5744709014892578,5,15
filter_length,35,40,35,75,15,0.5,0.001,32,50,0.0,0.1,10,5,0.5,True,42,97,97,0.5227272727272727,0.43243243243243246,0.5909090909090909,44,5.848610942717642,0.0027080411091446877,0.06154638884419745,0.10544586181640625,27642,0.00390625,129.66748046875,0.5461804855502013,0.6608075869805885,0.5885378340880076,5,15
filter_length,35,40,35,75,15,0.5,0.001,32,50,0.0,0.1,10,5,0.5,True,42,98,98,0.5777777777777777,0.6274509803921569,0.673913043478261,45,5.602862223982811,0.001133438665419817,0.025187525898218155,0.10544586181640625,27642,0.0,129.66748046875,0.5036463084997553,0.5985474927407323,0.5828708489735921,12,22
filter_length,35,40,35,75,15,0.5,0.001,32,50,0.0,0.1,10,5,0.5,True,42,99,99,0.5348837209302325,0.375,0.512987012987013,43,10.896456499118358,0.0017134291119873524,0.03984718865086866,0.10544586181640625,27642,0.0,129.66748046875,0.48734261671250517,0.542956821168914,0.5881642778714498,16,26
filter_length,35,40,35,75,15,0.5,0.001,32,50,0.0,0.1,10,5,0.5,True,42,100,100,0.5277777777777778,0.6222222222222222,0.5740740740740741,36,12.535142994951457,0.0012486772611737251,0.03468547947704792,0.10544586181640625,27642,0.06640625,129.66748046875,0.4757504930550402,0.5176708104484009,0.5488816936810811,20,30
filter_length,35,40,35,75,15,0.5,0.001,32,50,0.0,0.1,10,5,0.5,True,42,101,101,0.5777777777777777,0.5957446808510638,0.6126482213438734,45,7.682208614889532,0.0028427881188690662,0.06317306930820148,0.10544586181640625,27642,0.00390625,129.66748046875,0.5225550575238286,0.6014677755760424,0.5952716529369354,12,22
filter_length,35,40,35,75,15,0.5,0.001,32,50,0.0,0.1,10,5,0.5,True,42,102,102,0.7555555555555555,0.7659574468085106,0.8636363636363635,45,6.441894832998514,0.0026375018060207367,0.058611151244905256,0.10544586181640625,27642,0.015625,129.66748046875,0.5385564263119842,0.6460841259721554,0.5939772446950277,8,18
filter_length,35,40,35,75,15,0.5,0.001,32,50,0.0,0.1,10,5,0.5,True,42,103,103,0.7209302325581395,0.6666666666666666,0.8181818181818181,43,8.146648664958775,0.003003905061632395,0.06985825724726501,0.10544586181640625,27642,0.00390625,129.66748046875,0.521612038327889,0.6136222217570652,0.5643230656782786,13,23
filter_length,35,40,35,75,15,0.5,0.001,32,50,0.0,0.1,10,5,0.5,True,42,104,104,0.627906976744186,0.7037037037037037,0.7272727272727274,43,8.345771363005042,0.004848322365432978,0.112751682917046,0.10544586181640625,27642,0.0,129.66748046875,0.5190010617176691,0.5690175087162943,0.5593147456645966,10,20
filter_length,35,40,35,75,15,0.5,0.001,32,50,0.0,0.1,10,5,0.5,True,42,105,105,0.6888888888888889,0.72,0.7885375494071146,45,9.320244803093374,0.0031539322808384895,0.0700873840186331,0.10544586181640625,27642,0.0078125,129.66748046875,0.5045221955938772,0.5323329265370513,0.577825278043747,13,23
filter_length,35,40,35,75,15,0.5,0.001,32,50,0.0,0.1,10,5,0.5,True,42,106,106,0.6,0.5,0.5476190476190477,45,4.146836677100509,0.0011537889949977398,0.02563975544439422,0.10544586181640625,27642,0.0,129.66748046875,0.5311125652356581,0.6126329916896243,0.5698010603586833,10,20
filter_length,35,40,35,75,15,0.5,0.001,32,50,0.0,0.1,10,5,0.5,True,42,107,107,0.5777777777777777,0.5581395348837209,0.5753968253968254,45,12.542138167656958,0.0011746189557015896,0.026102643460035324,0.10544586181640625,27642,0.00390625,129.66748046875,0.4695697061040185,0.4867201858397686,0.5690292894840241,26,36
filter_length,35,40,35,75,15,0.5,0.001,32,50,0.0,0.1,10,5,0.5,True,42,108,108,0.8666666666666667,0.8695652173913043,0.9308300395256917,45,5.548220920842141,0.0030243247747421265,0.0672072172164917,0.10544586181640625,27642,0.00390625,129.66748046875,0.49829749379194144,0.557834430174394,0.5765161116917928,13,23
