parameter_name,parameter_value,d_model,nhead,num_layers,dim_feedforward,dropout_rate,learning_rate,batch_size,epochs,weight_decay,validation_fraction,early_stopping_patience,lr_scheduler_patience,lr_scheduler_factor,use_class_weight,seed,fold,subject,accuracy,f1_score,roc_auc,support,train_time_sec,inference_time_sec,inference_ms_per_sample,model_size_mb,num_parameters,train_memory_delta_mb,peak_gpu_memory_mb,final_train_loss,best_train_loss,best_val_loss,best_epoch,stopped_epoch
num_layers,1,64,4,1,128,0.1,0.001,32,75,0.0,0.1,10,5,0.5,True,42,1,1,0.7111111111111111,0.6829268292682927,0.7292490118577075,45,9.579093711916357,0.0016886801458895206,0.03752622546421157,0.13208770751953125,34626,0.0,89.07568359375,0.5477824960694169,0.6123504369999423,0.5845747848351797,12,22
num_layers,1,64,4,1,128,0.1,0.001,32,75,0.0,0.1,10,5,0.5,True,42,2,2,0.7333333333333333,0.6666666666666666,0.8893280632411067,45,12.870560800656676,0.002065132837742567,0.04589184083872371,0.13208770751953125,34626,0.0,89.07568359375,0.5071499706669287,0.5773638640389298,0.5702244480450948,19,29
num_layers,1,64,4,1,128,0.1,0.001,32,75,0.0,0.1,10,5,0.5,True,42,3,3,0.4444444444444444,0.3902439024390244,0.4209486166007905,45,10.739813121967018,0.0018872660584747791,0.04193924574388398,0.13208770751953125,34626,0.0,89.07568359375,0.5304471453030905,0.5960505126100598,0.5735831518967947,14,24
num_layers,1,64,4,1,128,0.1,0.001,32,75,0.0,0.1,10,5,0.5,True,42,4,4,0.5111111111111111,0.6666666666666666,0.7173913043478262,45,10.580527749843895,0.001883166842162609,0.04184815204805798,0.13208770751953125,34626,0.0,89.07568359375,0.5206551836295561,0.5908805901805559,0.5763228456179301,14,24
num_layers,1,64,4,1,128,0.1,0.001,32,75,0.0,0.1,10,5,0.5,True,42,5,5,0.4444444444444444,0.576271186440678,0.4503968253968254,45,6.880296297837049,0.0018785670399665833,0.04174593422147963,0.13208770751953125,34626,0.0,89.07568359375,0.5674553161317651,0.6345708546313372,0.6257213115692138,5,15
num_layers,1,64,4,1,128,0.1,0.001,32,75,0.0,0.1,10,5,0.5,True,42,6,6,0.4888888888888889,0.41025641025641024,0.5793650793650794,45,9.491528972052038,0.0015261434018611908,0.03391429781913757,0.13208770751953125,34626,0.0,89.07568359375,0.5194413302974268,0.5908299978032256,0.586418644587199,13,23
num_layers,1,64,4,1,128,0.1,0.001,32,75,0.0,0.1,10,5,0.5,True,42,7,7,0.8666666666666667,0.8571428571428571,0.9525691699604744,45,9.49943177215755,0.0017004800029098988,0.037788444509108864,0.13208770751953125,34626,0.0,89.07568359375,0.538525937858856,0.6029571963079048,0.602412470181783,14,24
num_layers,1,64,4,1,128,0.1,0.001,32,75,0.0,0.1,10,5,0.5,True,42,8,8,0.6666666666666666,0.6808510638297872,0.7252964426877471,45,9.648780778050423,0.0018472368828952312,0.04104970850878292,0.13208770751953125,34626,0.0,89.07568359375,0.5468549299420733,0.6045722153150674,0.6029184381167094,10,20
num_layers,1,64,4,1,128,0.1,0.001,32,75,0.0,0.1,10,5,0.5,True,42,9,9,0.7333333333333333,0.6666666666666666,0.7182539682539683,45,9.204475299455225,0.0018439670093357563,0.0409770446519057,0.13208770751953125,34626,0.0,89.07568359375,0.5634283457290042,0.6276774555444717,0.6041000684102377,8,18
num_layers,1,64,4,1,128,0.1,0.001,32,75,0.0,0.1,10,5,0.5,True,42,10,10,0.5777777777777777,0.6545454545454545,0.6845238095238095,45,8.151971059851348,0.001829866785556078,0.04066370634569062,0.13208770751953125,34626,0.0,89.07568359375,0.5620022332577994,0.6233798333189704,0.6043831090132396,7,17
num_layers,1,64,4,1,128,0.1,0.001,32,75,0.0,0.1,10,5,0.5,True,42,11,11,0.5555555555555556,0.3333333333333333,0.5948616600790514,45,12.443036131095141,0.0017055999487638474,0.03790222108364105,0.13208770751953125,34626,0.0,89.07568359375,0.5210528330820979,0.5854458817929933,0.5817303438981374,14,24
num_layers,1,64,4,1,128,0.1,0.001,32,75,0.0,0.1,10,5,0.5,True,42,12,12,0.6888888888888889,0.7307692307692307,0.751984126984127,45,13.68143204599619,0.0018433169461786747,0.04096259880397055,0.13208770751953125,34626,0.0,89.07568359375,0.5204755293600487,0.5753832644585407,0.6135842800140381,16,26
num_layers,1,64,4,1,128,0.1,0.001,32,75,0.0,0.1,10,5,0.5,True,42,13,13,0.8,0.7741935483870968,0.8529411764705882,35,7.92397473519668,0.0018271580338478088,0.052204515252794535,0.13208770751953125,34626,0.0,89.07568359375,0.5709199668331579,0.625496778298508,0.6044931968053182,7,17
num_layers,1,64,4,1,128,0.1,0.001,32,75,0.0,0.1,10,5,0.5,True,42,14,14,0.6444444444444445,0.6666666666666666,0.6956521739130435,45,10.425700201187283,0.0018645371310412884,0.041434158467584185,0.13208770751953125,34626,0.0,89.07568359375,0.5366732177860809,0.6006682686733477,0.6057935933272044,13,23
num_layers,1,64,4,1,128,0.1,0.001,32,75,0.0,0.1,10,5,0.5,True,42,15,15,0.6888888888888889,0.7586206896551724,0.9051383399209486,45,12.201576854567975,0.0018289978615939617,0.04064439692431026,0.13208770751953125,34626,0.0,89.07568359375,0.5231247975519209,0.5875799436912392,0.5739937682946523,16,26
num_layers,1,64,4,1,128,0.1,0.001,32,75,0.0,0.1,10,5,0.5,True,42,16,16,0.7333333333333333,0.76,0.7924901185770752,45,11.949819751549512,0.0019688247703015804,0.04375166156225734,0.13208770751953125,34626,0.0,89.07568359375,0.534881297611829,0.5904508370793227,0.6033605913321177,14,24
num_layers,1,64,4,1,128,0.1,0.001,32,75,0.0,0.1,10,5,0.5,True,42,17,17,0.6428571428571429,0.4,0.5636363636363637,42,11.05972901917994,0.00166714983060956,0.039694043585941904,0.13208770751953125,34626,0.0,89.07568359375,0.5321041923580747,0.6052647761323235,0.6060275832811991,14,24
num_layers,1,64,4,1,128,0.1,0.001,32,75,0.0,0.1,10,5,0.5,True,42,18,18,0.4666666666666667,0.3333333333333333,0.4565217391304348,45,8.649458272382617,0.004432611167430878,0.09850247038735284,0.13208770751953125,34626,0.0,89.07568359375,0.5588272150718805,0.6113237099665584,0.6158538858095804,8,18
num_layers,1,64,4,1,128,0.1,0.001,32,75,0.0,0.1,10,5,0.5,True,42,19,19,0.7333333333333333,0.7857142857142857,0.8181818181818181,45,8.751945875119418,0.001916395965963602,0.04258657702141338,0.13208770751953125,34626,0.0,89.07568359375,0.5607794333587993,0.6207621919386315,0.5870231568813324,9,19
num_layers,1,64,4,1,128,0.1,0.001,32,75,0.0,0.1,10,5,0.5,True,42,20,20,0.5111111111111111,0.3125,0.47826086956521735,45,13.33637439692393,0.0017736079171299934,0.03941350926955541,0.13208770751953125,34626,0.0,89.07568359375,0.5122746719103871,0.5758041030529774,0.5759438753128052,18,28
num_layers,1,64,4,1,128,0.1,0.001,32,75,0.0,0.1,10,5,0.5,True,42,21,21,0.5777777777777777,0.6545454545454545,0.7936507936507936,45,10.671608597040176,0.0018976959399878979,0.04217102088861996,0.13208770751953125,34626,0.0,89.07568359375,0.544952115777767,0.588979134053895,0.5866075992584229,14,24
num_layers,1,64,4,1,128,0.1,0.001,32,75,0.0,0.1,10,5,0.5,True,42,22,22,0.5777777777777777,0.4864864864864865,0.6660079051383399,45,9.88778830692172,0.0019193757325410843,0.04265279405646854,0.13208770751953125,34626,0.0,89.07568359375,0.5186202503515013,0.5873578168226011,0.61313236951828,13,23
num_layers,1,64,4,1,128,0.1,0.001,32,75,0.0,0.1,10,5,0.5,True,42,23,23,0.5909090909090909,0.6896551724137931,0.8388429752066116,44,10.57006675703451,0.001797678880393505,0.040856338190761475,0.13208770751953125,34626,0.0,89.07568359375,0.5207270979881287,0.5993823162985571,0.6123199164867401,13,23
num_layers,1,64,4,1,128,0.1,0.001,32,75,0.0,0.1,10,5,0.5,True,42,24,24,0.6666666666666666,0.7857142857142857,0.7142857142857143,18,13.262019613292068,0.00085063511505723,0.047257506392068334,0.13208770751953125,34626,0.0,89.07568359375,0.4708757098007919,0.5482639146030397,0.6326564371585846,19,29
num_layers,1,64,4,1,128,0.1,0.001,32,75,0.0,0.1,10,5,0.5,True,42,25,25,0.5777777777777777,0.2962962962962963,0.6739130434782609,45,9.117119966074824,0.0017005400732159615,0.03778977940479914,0.13208770751953125,34626,0.0,89.07568359375,0.5607142473260561,0.6069111451506615,0.605569471915563,9,19
num_layers,1,64,4,1,128,0.1,0.001,32,75,0.0,0.1,10,5,0.5,True,42,26,26,0.8666666666666667,0.8636363636363636,0.9186507936507936,45,10.85154376970604,0.0017408188432455063,0.03868486318323347,0.13208770751953125,34626,0.0,89.07568359375,0.5388271192258055,0.5921473595680613,0.5938630958398183,14,24
num_layers,1,64,4,1,128,0.1,0.001,32,75,0.0,0.1,10,5,0.5,True,42,27,27,0.5333333333333333,0.6181818181818182,0.5296442687747036,45,11.073115999810398,0.0018659667111933231,0.04146592691540718,0.13208770751953125,34626,0.0,89.07568359375,0.5293746355808142,0.5981200055191012,0.5726341366767883,14,24
num_layers,1,64,4,1,128,0.1,0.001,32,75,0.0,0.1,10,5,0.5,True,42,28,28,0.4888888888888889,0.25806451612903225,0.6363636363636365,45,11.120594664942473,0.0020157243125140667,0.0447938736114237,0.13208770751953125,34626,0.0,89.07568359375,0.5099499760703607,0.584696836995356,0.6077965915203094,14,24
num_layers,1,64,4,1,128,0.1,0.001,32,75,0.0,0.1,10,5,0.5,True,42,29,29,0.8444444444444444,0.8627450980392157,0.9288537549407115,45,14.29644550383091,0.0017685983330011368,0.03930218517780304,0.13208770751953125,34626,0.0,89.07568359375,0.48998677549940167,0.5668842740582697,0.5805954396724701,21,31
num_layers,1,64,4,1,128,0.1,0.001,32,75,0.0,0.1,10,5,0.5,True,42,30,30,0.6888888888888889,0.631578947368421,0.7162698412698413,45,9.938210261054337,0.0020978120155632496,0.04661804479029443,0.13208770751953125,34626,0.0,89.07568359375,0.5490389066663656,0.6094265483093985,0.5943699578444163,11,21
num_layers,1,64,4,1,128,0.1,0.001,32,75,0.0,0.1,10,5,0.5,True,42,31,31,0.8666666666666667,0.8695652173913043,0.9525691699604742,45,9.866099070291966,0.0019962238147854805,0.044360529217455126,0.13208770751953125,34626,0.0,89.07568359375,0.5399070047970974,0.6024903745362253,0.6256927986939748,12,22
num_layers,1,64,4,1,128,0.1,0.001,32,75,0.0,0.1,10,5,0.5,True,42,32,32,0.7954545454545454,0.8163265306122449,0.9192546583850931,44,16.213400648906827,0.001838786993175745,0.04179061348126693,0.13208770751953125,34626,0.0,89.07568359375,0.48041649343389453,0.5524916949145722,0.6121575911839803,25,35
num_layers,1,64,4,1,128,0.1,0.001,32,75,0.0,0.1,10,5,0.5,True,42,33,33,0.7111111111111111,0.6829268292682927,0.8320158102766798,45,9.397389293648303,0.0018308479338884354,0.040685509641965226,0.13208770751953125,34626,0.0,89.07568359375,0.5395926442561727,0.6085986944310593,0.5976430952548981,11,21
num_layers,1,64,4,1,128,0.1,0.001,32,75,0.0,0.1,10,5,0.5,True,42,34,34,0.7777777777777778,0.8148148148148148,0.9404761904761905,45,10.788531688041985,0.0018591261468827724,0.04131391437517272,0.13208770751953125,34626,0.0,89.07568359375,0.531976898737026,0.5929614072947791,0.6097926060358684,14,24
num_layers,1,64,4,1,128,0.1,0.001,32,75,0.0,0.1,10,5,0.5,True,42,35,35,0.6666666666666666,0.5161290322580645,0.8438735177865613,45,11.912454204633832,0.0020372928120195866,0.04527317360043526,0.13208770751953125,34626,0.0,89.07568359375,0.5286813931483211,0.5959934192624959,0.6188486238320668,15,25
num_layers,1,64,4,1,128,0.1,0.001,32,75,0.0,0.1,10,5,0.5,True,42,36,36,0.5681818181818182,0.5777777777777777,0.5702479338842976,44,8.856655530631542,0.002073852811008692,0.04713301843201573,0.13208770751953125,34626,0.0,89.07568359375,0.5665844672105529,0.6157066485646999,0.6151670853296916,9,19
num_layers,1,64,4,1,128,0.1,0.001,32,75,0.0,0.1,10,5,0.5,True,42,37,37,0.5111111111111111,0.0,0.5632411067193677,45,11.887834676075727,0.0020520230755209923,0.04560051278935538,0.13208770751953125,34626,0.0,89.07568359375,0.4812419798338052,0.5721479268236593,0.5767081101735433,17,27
num_layers,1,64,4,1,128,0.1,0.001,32,75,0.0,0.1,10,5,0.5,True,42,38,38,0.6222222222222222,0.48484848484848486,0.7213438735177866,45,12.076319405809045,0.0015662619844079018,0.03480582187573115,0.13208770751953125,34626,0.0,89.07568359375,0.5407490931225546,0.5975005193190142,0.5898627738157908,14,24
num_layers,1,64,4,1,128,0.1,0.001,32,75,0.0,0.1,10,5,0.5,True,42,39,39,0.4772727272727273,0.3783783783783784,0.4844720496894409,44,12.090190907008946,0.001840576995164156,0.041831295344639904,0.13208770751953125,34626,0.0,89.07568359375,0.5146854318904154,0.5837071777293177,0.5856135427951813,16,26
num_layers,1,64,4,1,128,0.1,0.001,32,75,0.0,0.1,10,5,0.5,True,42,40,40,0.4444444444444444,0.358974358974359,0.4107142857142857,45,11.278686438221484,0.0018886970356106758,0.041971045235792794,0.13208770751953125,34626,0.0,89.07568359375,0.5161877184203176,0.5852287637464928,0.625833257039388,12,22
num_layers,1,64,4,1,128,0.1,0.001,32,75,0.0,0.1,10,5,0.5,True,42,41,41,0.5555555555555556,0.09090909090909091,0.8095238095238095,45,11.514809335116297,0.0017432691529393196,0.03873931450976266,0.13208770751953125,34626,0.0,89.07568359375,0.5605341778560118,0.6085938391360369,0.6138963798681895,12,22
num_layers,1,64,4,1,128,0.1,0.001,32,75,0.0,0.1,10,5,0.5,True,42,42,42,0.9333333333333333,0.9302325581395349,0.9841897233201581,45,11.68971267901361,0.0016939090564846992,0.03764242347743776,0.13208770751953125,34626,0.0,89.07568359375,0.5251365712646282,0.5970578191406799,0.6257447699705759,13,23
num_layers,1,64,4,1,128,0.1,0.001,32,75,0.0,0.1,10,5,0.5,True,42,43,43,0.8222222222222222,0.7777777777777778,0.9624505928853755,45,9.009698237292469,0.0018622567877173424,0.041383484171496496,0.13208770751953125,34626,0.0,89.07568359375,0.5524514471039628,0.6089484725486148,0.610222480694453,10,20
num_layers,1,64,4,1,128,0.1,0.001,32,75,0.0,0.1,10,5,0.5,True,42,44,44,0.5862068965517241,0.4,0.8047619047619048,29,9.871597620658576,0.0011519896797835827,0.03972378206150285,0.13208770751953125,34626,0.0,89.07568359375,0.5374936791080417,0.6035994121974165,0.6002308070659638,12,22
num_layers,1,64,4,1,128,0.1,0.001,32,75,0.0,0.1,10,5,0.5,True,42,45,45,0.7111111111111111,0.6285714285714286,0.8359683794466403,45,10.372723565902561,0.0019051148556172848,0.04233588568038411,0.13208770751953125,34626,0.0,89.07568359375,0.5319309801314817,0.5987003766226046,0.6025997420152028,12,22
num_layers,1,64,4,1,128,0.1,0.001,32,75,0.0,0.1,10,5,0.5,True,42,46,46,0.5555555555555556,0.6666666666666666,0.6146245059288538,45,11.472200168762356,0.0017446489073336124,0.038769975718524724,0.13208770751953125,34626,0.0,89.07568359375,0.522598514954249,0.5759068361737512,0.5973712742328644,15,25
num_layers,1,64,4,1,128,0.1,0.001,32,75,0.0,0.1,10,5,0.5,True,42,47,47,0.5555555555555556,0.16666666666666666,0.5436507936507936,45,12.380303625017405,0.0017304890789091587,0.03845531286464797,0.13208770751953125,34626,0.0,89.07568359375,0.5199232399463654,0.5838645744052801,0.5872821907202402,17,27
num_layers,1,64,4,1,128,0.1,0.001,32,75,0.0,0.1,10,5,0.5,True,42,48,48,0.7058823529411765,0.782608695652174,0.6428571428571429,17,12.155433006584644,0.0009089638479053974,0.053468461641493964,0.13208770751953125,34626,0.0,89.07568359375,0.5111248121225744,0.5723306084037724,0.625578647851944,16,26
num_layers,1,64,4,1,128,0.1,0.001,32,75,0.0,0.1,10,5,0.5,True,42,49,49,0.6444444444444445,0.7333333333333333,0.9782608695652173,45,9.448956969194114,0.0018523656763136387,0.041163681695858635,0.13208770751953125,34626,0.0,89.07568359375,0.5516049778371146,0.6132030812176791,0.6054056088129679,10,20
num_layers,1,64,4,1,128,0.1,0.001,32,75,0.0,0.1,10,5,0.5,True,42,50,50,0.4666666666666667,0.0,0.6324110671936759,45,12.458111699204892,0.0017092088237404823,0.03798241830534405,0.13208770751953125,34626,0.0,89.07568359375,0.4993141921180667,0.5572216458844416,0.5979502697785696,18,28
num_layers,1,64,4,1,128,0.1,0.001,32,75,0.0,0.1,10,5,0.5,True,42,51,51,0.6,0.47058823529411764,0.6071428571428572,45,7.429635561071336,0.0019107558764517307,0.04246124169892735,0.13208770751953125,34626,0.0,89.07568359375,0.5686799256187497,0.6239775211522074,0.6169747829437255,7,17
num_layers,1,64,4,1,128,0.1,0.001,32,75,0.0,0.1,10,5,0.5,True,42,52,52,0.7804878048780488,0.7272727272727273,0.8133971291866028,41,10.718486914411187,0.0018606171943247318,0.045380907178652,0.13208770751953125,34626,0.0,89.07568359375,0.5423791367899288,0.5877482694658366,0.6002513686815898,14,24
num_layers,1,64,4,1,128,0.1,0.001,32,75,0.0,0.1,10,5,0.5,True,42,53,53,0.4883720930232558,0.42105263157894735,0.48051948051948057,43,10.187152213416994,0.0018680859357118607,0.04344385897004327,0.13208770751953125,34626,0.0,89.07568359375,0.5361198173327879,0.599624985998327,0.6154360930124919,12,22
num_layers,1,64,4,1,128,0.1,0.001,32,75,0.0,0.1,10,5,0.5,True,42,54,54,0.6923076923076923,0.6842105263157895,0.7880434782608696,39,12.562853490933776,0.0017056390643119812,0.04373433498235849,0.13208770751953125,34626,0.0,89.07568359375,0.5223472335121848,0.5735953037034381,0.6023047089576721,15,25
num_layers,1,64,4,1,128,0.1,0.001,32,75,0.0,0.1,10,5,0.5,True,42,55,55,0.8666666666666667,0.8421052631578947,0.9347826086956522,45,12.89720404567197,0.0017440281808376312,0.0387561817963918,0.13208770751953125,34626,0.0,89.07568359375,0.49370395347024454,0.5555126472856059,0.6190548022588094,18,28
num_layers,1,64,4,1,128,0.1,0.001,32,75,0.0,0.1,10,5,0.5,True,42,56,56,0.8181818181818182,0.8,0.865702479338843,44,8.20310404105112,0.0017073987983167171,0.03880451814356175,0.13208770751953125,34626,0.0,89.07568359375,0.5711126862601801,0.6217629611492157,0.6282511353492737,7,17
num_layers,1,64,4,1,128,0.1,0.001,32,75,0.0,0.1,10,5,0.5,True,42,57,57,0.5777777777777777,0.6545454545454545,0.7222222222222222,45,10.648776934947819,0.001834646798670292,0.04076992885933982,0.13208770751953125,34626,0.0,89.07568359375,0.5456447088808725,0.6141543316118645,0.594869069258372,8,18
num_layers,1,64,4,1,128,0.1,0.001,32,75,0.0,0.1,10,5,0.5,True,42,58,58,0.5555555555555556,0.5833333333333334,0.7123015873015873,45,11.246393737848848,0.0019970741122961044,0.044379424717691206,0.13208770751953125,34626,0.0,89.07568359375,0.5392564422253406,0.5976736252055024,0.6095865686734517,12,22
num_layers,1,64,4,1,128,0.1,0.001,32,75,0.0,0.1,10,5,0.5,True,42,59,59,0.5333333333333333,0.16,0.5257936507936507,45,8.30456733237952,0.0016856803558766842,0.037459563463926315,0.13208770751953125,34626,0.0,89.07568359375,0.5582803162661466,0.6152149237918131,0.6126388450463612,8,18
num_layers,1,64,4,1,128,0.1,0.001,32,75,0.0,0.1,10,5,0.5,True,42,60,60,0.7727272727272727,0.782608695652174,0.8078512396694215,44,9.364846768323332,0.0018548057414591312,0.04215467594225299,0.13208770751953125,34626,0.0,89.07568359375,0.5480124589168665,0.6064431457356974,0.6126228094100952,10,20
num_layers,1,64,4,1,128,0.1,0.001,32,75,0.0,0.1,10,5,0.5,True,42,61,61,0.6976744186046512,0.723404255319149,0.7554112554112555,43,9.927558526862413,0.0017633689567446709,0.041008580389410944,0.13208770751953125,34626,0.0,89.07568359375,0.5445540150006613,0.604805112110846,0.6250960906346639,12,22
num_layers,1,64,4,1,128,0.1,0.001,32,75,0.0,0.1,10,5,0.5,True,42,62,62,0.9111111111111111,0.9047619047619048,0.9644268774703557,45,7.5347083867527544,0.0018682759255170822,0.041517242789268494,0.13208770751953125,34626,0.0,89.07568359375,0.5576721147605868,0.6189544964017291,0.6208535075187683,7,17
num_layers,1,64,4,1,128,0.1,0.001,32,75,0.0,0.1,10,5,0.5,True,42,63,63,0.5581395348837209,0.42424242424242425,0.5454545454545454,43,9.395579626783729,0.0017023589462041855,0.039589742934981055,0.13208770751953125,34626,0.0,89.07568359375,0.5624633413372617,0.6117183981519757,0.6285939574241638,9,19
num_layers,1,64,4,1,128,0.1,0.001,32,75,0.0,0.1,10,5,0.5,True,42,64,64,0.5333333333333333,0.6666666666666666,0.7707509881422926,45,12.23909627692774,0.0018760459497570992,0.0416899099946022,0.13208770751953125,34626,0.0,89.07568359375,0.5400300470717025,0.5947055254470218,0.615561972061793,16,26
num_layers,1,64,4,1,128,0.1,0.001,32,75,0.0,0.1,10,5,0.5,True,42,65,65,0.7111111111111111,0.6486486486486487,0.8611111111111112,45,9.497203703969717,0.001849777065217495,0.04110615700483322,0.13208770751953125,34626,0.0,89.07568359375,0.5413974767381494,0.6110302912014903,0.6170915563901266,10,20
num_layers,1,64,4,1,128,0.1,0.001,32,75,0.0,0.1,10,5,0.5,True,42,66,66,0.5111111111111111,0.5769230769230769,0.5968379446640316,45,10.086986797861755,0.0018434771336615086,0.0409661585258113,0.13208770751953125,34626,0.0,89.07568359375,0.5541369808894215,0.5928445849003214,0.6368606368700663,12,22
num_layers,1,64,4,1,128,0.1,0.001,32,75,0.0,0.1,10,5,0.5,True,42,67,67,0.6,0.4,0.6739130434782609,45,13.29090574476868,0.0021675010211765766,0.04816668935947948,0.13208770751953125,34626,0.0,89.07568359375,0.5175286452427055,0.595073485690536,0.6320257822672526,14,24
num_layers,1,64,4,1,128,0.1,0.001,32,75,0.0,0.1,10,5,0.5,True,42,68,68,0.6222222222222222,0.5142857142857142,0.6798418972332015,45,8.087079860735685,0.002043933141976595,0.04542073648836877,0.13208770751953125,34626,0.0,89.07568359375,0.5563919957388531,0.6164076599207792,0.6291644851366679,8,18
num_layers,1,64,4,1,128,0.1,0.001,32,75,0.0,0.1,10,5,0.5,True,42,69,69,0.5111111111111111,0.56,0.5714285714285714,45,10.023828310891986,0.002174860332161188,0.04833022960358196,0.13208770751953125,34626,0.0,89.07568359375,0.5305922692923835,0.5895078387675863,0.6195139666398366,12,22
num_layers,1,64,4,1,128,0.1,0.001,32,75,0.0,0.1,10,5,0.5,True,42,70,70,0.6888888888888889,0.631578947368421,0.8181818181818181,45,10.792897989973426,0.0021401806734502316,0.04755957052111626,0.13208770751953125,34626,0.0,89.07568359375,0.5413671637123282,0.6026105851386533,0.6305918097496033,13,23
num_layers,1,64,4,1,128,0.1,0.001,32,75,0.0,0.1,10,5,0.5,True,42,71,71,0.8,0.7804878048780488,0.9169960474308301,45,7.529273285064846,0.0015171431005001068,0.0337142911222246,0.13208770751953125,34626,0.0,89.07568359375,0.5618238232352517,0.6194256571206179,0.6473366896311442,7,17
num_layers,1,64,4,1,128,0.1,0.001,32,75,0.0,0.1,10,5,0.5,True,42,72,72,0.8,0.8235294117647058,0.8992094861660078,45,9.230113414116204,0.0021149017848074436,0.046997817440165415,0.13208770751953125,34626,0.0,89.07568359375,0.5319848369919893,0.6025191606445746,0.6473331391811371,11,21
num_layers,1,64,4,1,128,0.1,0.001,32,75,0.0,0.1,10,5,0.5,True,42,73,73,0.6888888888888889,0.6666666666666666,0.717391304347826,45,14.881342774722725,0.0017227190546691418,0.03828264565931426,0.13208770751953125,34626,0.0,89.07568359375,0.48614627280921646,0.5795350840145891,0.6275651772816976,20,30
num_layers,1,64,4,1,128,0.1,0.001,32,75,0.0,0.1,10,5,0.5,True,42,74,74,0.4666666666666667,0.5714285714285714,0.5396825396825397,45,9.378206808585674,0.001843706239014864,0.04097124975588586,0.13208770751953125,34626,0.0,89.07568359375,0.5285266917763334,0.614369142687682,0.6164991974830627,11,21
num_layers,1,64,4,1,128,0.1,0.001,32,75,0.0,0.1,10,5,0.5,True,42,75,75,0.7560975609756098,0.7619047619047619,0.8690476190476191,41,8.737543747294694,0.0018898160196840763,0.04609307365083113,0.13208770751953125,34626,0.0,89.07568359375,0.5545372353358702,0.6231970430323572,0.6233352621396383,8,18
num_layers,1,64,4,1,128,0.1,0.001,32,75,0.0,0.1,10,5,0.5,True,42,76,76,0.5111111111111111,0.08333333333333333,0.4407114624505929,45,8.682089101988822,0.0017385277897119522,0.038633950882487826,0.13208770751953125,34626,0.0,89.07568359375,0.5452533341718443,0.6023358641700312,0.6226507683595022,9,19
num_layers,1,64,4,1,128,0.1,0.001,32,75,0.0,0.1,10,5,0.5,True,42,77,77,0.6222222222222222,0.7301587301587301,0.6726190476190477,45,7.010942528955638,0.0021952511742711067,0.04878335942824681,0.13208770751953125,34626,0.0,89.07568359375,0.5771752715562329,0.6355753459713676,0.6490713437398274,5,15
num_layers,1,64,4,1,128,0.1,0.001,32,75,0.0,0.1,10,5,0.5,True,42,78,78,0.4888888888888889,0.5660377358490566,0.6383399209486166,45,10.885201694909483,0.0018536071293056011,0.041191269540124476,0.13208770751953125,34626,0.0,89.07568359375,0.517805601837057,0.5903084980267467,0.6331007738908132,14,24
num_layers,1,64,4,1,128,0.1,0.001,32,75,0.0,0.1,10,5,0.5,True,42,79,79,0.675,0.6829268292682927,0.7725000000000001,40,10.257720177061856,0.0017989082261919975,0.04497270565479994,0.13208770751953125,34626,0.0,89.07568359375,0.5334383084466963,0.6005197487997286,0.616686201095581,13,23
num_layers,1,64,4,1,128,0.1,0.001,32,75,0.0,0.1,10,5,0.5,True,42,80,80,0.5777777777777777,0.3870967741935484,0.6739130434782609,45,10.903934138827026,0.0018136571161448956,0.040303491469886564,0.13208770751953125,34626,0.0,89.07568359375,0.5404229746623472,0.5955230941375097,0.6227422753969828,11,21
num_layers,1,64,4,1,128,0.1,0.001,32,75,0.0,0.1,10,5,0.5,True,42,81,81,0.4888888888888889,0.0,0.7094861660079053,45,13.718759583309293,0.0018661869689822197,0.04147082153293822,0.13208770751953125,34626,0.0,89.07568359375,0.4967831824765061,0.5735420051849249,0.6307807425657909,18,28
num_layers,1,64,4,1,128,0.1,0.001,32,75,0.0,0.1,10,5,0.5,True,42,82,82,0.6666666666666666,0.7368421052631579,0.7490118577075099,45,9.527691678144038,0.0018348069861531258,0.04077348858118057,0.13208770751953125,34626,0.0,89.07568359375,0.556061028079553,0.6047600954771042,0.6346891760826111,11,21
num_layers,1,64,4,1,128,0.1,0.001,32,75,0.0,0.1,10,5,0.5,True,42,83,83,0.5789473684210527,0.5,0.7340720221606648,38,13.658271577674896,0.0018586469814181328,0.04891176266889823,0.13208770751953125,34626,0.0,89.07568359375,0.49973760545253754,0.5464893660762093,0.62247580687205,20,30
num_layers,1,64,4,1,128,0.1,0.001,32,75,0.0,0.1,10,5,0.5,True,42,84,84,0.6818181818181818,0.6666666666666666,0.7163561076604554,44,11.30384727800265,0.0017010397277772427,0.03865999381311915,0.13208770751953125,34626,0.0,89.07568359375,0.5341262808351805,0.5921496306404923,0.6169574042161305,15,25
num_layers,1,64,4,1,128,0.1,0.001,32,75,0.0,0.1,10,5,0.5,True,42,85,85,0.9545454545454546,0.95,0.9440993788819876,44,8.750172831118107,0.0018997560255229473,0.04317627330733971,0.13208770751953125,34626,0.0,89.07568359375,0.5542667973222155,0.6116813588323016,0.6228068172931671,9,19
num_layers,1,64,4,1,128,0.1,0.001,32,75,0.0,0.1,10,5,0.5,True,42,86,86,0.6818181818181818,0.7307692307692307,0.7204968944099379,44,12.28626713110134,0.0021244119852781296,0.048282090574502945,0.13208770751953125,34626,0.0,89.07568359375,0.5377136595321425,0.5927384466384397,0.6362760504086812,12,22
num_layers,1,64,4,1,128,0.1,0.001,32,75,0.0,0.1,10,5,0.5,True,42,87,87,0.5777777777777777,0.6545454545454545,0.5810276679841897,45,11.817519045900553,0.0017540291883051395,0.03897842640678088,0.13208770751953125,34626,0.0,89.07568359375,0.5303680079452919,0.5841782375267057,0.621378074089686,14,24
num_layers,1,64,4,1,128,0.1,0.001,32,75,0.0,0.1,10,5,0.5,True,42,88,88,0.6363636363636364,0.6296296296296297,0.6825396825396826,55,9.48982510715723,0.0019517047330737114,0.0354855406013402,0.13208770751953125,34626,0.0,89.07568359375,0.5549532310529188,0.6037532140811285,0.6408782800038656,10,20
num_layers,1,64,4,1,128,0.1,0.001,32,75,0.0,0.1,10,5,0.5,True,42,89,89,0.5555555555555556,0.6666666666666666,0.5357142857142857,45,12.240837684832513,0.0019322661682963371,0.042939248184363045,0.13208770751953125,34626,0.0,89.07568359375,0.4931970818927794,0.5823753051685564,0.6215127189954122,16,26
num_layers,1,64,4,1,128,0.1,0.001,32,75,0.0,0.1,10,5,0.5,True,42,90,90,0.6444444444444445,0.6363636363636364,0.7213438735177866,45,8.585112880915403,0.0018469057977199554,0.041042351060443454,0.13208770751953125,34626,0.0,89.07568359375,0.5439099671714234,0.6090919822454453,0.621941210826238,9,19
num_layers,1,64,4,1,128,0.1,0.001,32,75,0.0,0.1,10,5,0.5,True,42,91,91,0.5909090909090909,0.7,0.8202479338842975,44,12.160379759036005,0.0016823392361402512,0.03823498263955116,0.13208770751953125,34626,0.0,89.07568359375,0.5192899284037676,0.5854796936566179,0.6080148776372274,14,24
num_layers,1,64,4,1,128,0.1,0.001,32,75,0.0,0.1,10,5,0.5,True,42,92,92,0.6785714285714286,0.6666666666666666,0.7448717948717949,56,8.782678327988833,0.0028463690541684628,0.050828018824436834,0.13208770751953125,34626,0.0,89.07568359375,0.5601943613904895,0.6162686675335421,0.6365807731946309,10,20
num_layers,1,64,4,1,128,0.1,0.001,32,75,0.0,0.1,10,5,0.5,True,42,93,93,0.7111111111111111,0.7450980392156863,0.8043478260869565,45,10.722855675965548,0.0018771360628306866,0.041714134729570806,0.13208770751953125,34626,0.0,89.07568359375,0.5450000051747669,0.597803051273028,0.6266785164674123,13,23
num_layers,1,64,4,1,128,0.1,0.001,32,75,0.0,0.1,10,5,0.5,True,42,94,94,0.8863636363636364,0.8979591836734694,0.9710144927536232,44,8.788806068245322,0.0025398749858140945,0.05772443149577487,0.13208770751953125,34626,0.0,89.07568359375,0.5644298609007489,0.6201197141499231,0.6410110553105672,8,18
num_layers,1,64,4,1,128,0.1,0.001,32,75,0.0,0.1,10,5,0.5,True,42,95,95,0.7142857142857143,0.6666666666666666,0.7239583333333334,28,15.747276837937534,0.00098350178450346,0.035125063732266426,0.13208770751953125,34626,0.0,89.07568359375,0.46324770558964123,0.533288722011176,0.6078594704469045,23,33
num_layers,1,64,4,1,128,0.1,0.001,32,75,0.0,0.1,10,5,0.5,True,42,96,96,0.6190476190476191,0.6190476190476191,0.6598639455782312,42,7.659666755702347,0.0016694897785782814,0.03974975663281623,0.13208770751953125,34626,0.0,89.07568359375,0.566502568396655,0.619485350495035,0.6209764242172241,6,16
num_layers,1,64,4,1,128,0.1,0.001,32,75,0.0,0.1,10,5,0.5,True,42,97,97,0.4090909090909091,0.13333333333333333,0.46487603305785125,44,8.999161175917834,0.001973493956029415,0.04485213536430489,0.13208770751953125,34626,0.0,89.07568359375,0.5514143741492069,0.607321881209359,0.6350621958573659,10,20
num_layers,1,64,4,1,128,0.1,0.001,32,75,0.0,0.1,10,5,0.5,True,42,98,98,0.5111111111111111,0.5416666666666666,0.5671936758893281,45,12.774662652984262,0.0017993971705436707,0.039986603789859354,0.13208770751953125,34626,0.0,89.07568359375,0.49120230318018887,0.5700542850024772,0.623858630657196,17,27
num_layers,1,64,4,1,128,0.1,0.001,32,75,0.0,0.1,10,5,0.5,True,42,99,99,0.5116279069767442,0.46153846153846156,0.6060606060606061,43,9.295700947754085,0.0016728099435567856,0.03890255682690199,0.13208770751953125,34626,0.0,89.07568359375,0.5591538812626492,0.6053415268208041,0.6405266086260478,9,19
num_layers,1,64,4,1,128,0.1,0.001,32,75,0.0,0.1,10,5,0.5,True,42,100,100,0.5833333333333334,0.5454545454545454,0.5154320987654322,36,9.79701772890985,0.0017731580883264542,0.049254391342401505,0.13208770751953125,34626,0.0,89.07568359375,0.5511980831171527,0.6084384098649025,0.5964177946249644,11,21
num_layers,1,64,4,1,128,0.1,0.001,32,75,0.0,0.1,10,5,0.5,True,42,101,101,0.5333333333333333,0.43243243243243246,0.5869565217391304,45,10.42447452712804,0.0018734969198703766,0.04163326488600837,0.13208770751953125,34626,0.0,89.07568359375,0.511935868723826,0.5831144754633759,0.6179520626862843,13,23
num_layers,1,64,4,1,128,0.1,0.001,32,75,0.0,0.1,10,5,0.5,True,42,102,102,0.6666666666666666,0.7272727272727273,0.8162055335968379,45,9.947666927240789,0.002306808717548847,0.05126241594552994,0.13208770751953125,34626,0.0,89.07568359375,0.5533850154641903,0.6054746318947185,0.6425662914911906,10,20
num_layers,1,64,4,1,128,0.1,0.001,32,75,0.0,0.1,10,5,0.5,True,42,103,103,0.6511627906976745,0.5161290322580645,0.7662337662337663,43,12.4490767410025,0.0026491419412195683,0.06160795212138531,0.13208770751953125,34626,0.0,89.07568359375,0.527173354770198,0.5744297883727334,0.6263536433378856,16,26
num_layers,1,64,4,1,128,0.1,0.001,32,75,0.0,0.1,10,5,0.5,True,42,104,104,0.5116279069767442,0.631578947368421,0.6601731601731601,43,10.013954068999738,0.0018115369603037834,0.042128766518692636,0.13208770751953125,34626,0.0,89.07568359375,0.5480729908202634,0.6139948501279859,0.6230882485707601,10,20
num_layers,1,64,4,1,128,0.1,0.001,32,75,0.0,0.1,10,5,0.5,True,42,105,105,0.5555555555555556,0.2857142857142857,0.6304347826086957,45,12.720128989778459,0.0018416671082377434,0.04092593573861652,0.13208770751953125,34626,0.0,89.07568359375,0.5199232236905531,0.5721746224797133,0.6452148000399271,15,25
num_layers,1,64,4,1,128,0.1,0.001,32,75,0.0,0.1,10,5,0.5,True,42,106,106,0.6222222222222222,0.6222222222222222,0.6686507936507936,45,12.852450198028237,0.002127702347934246,0.047282274398538805,0.13208770751953125,34626,0.0,89.07568359375,0.5106460361769705,0.563308921501492,0.6141658067703247,18,28
num_layers,1,64,4,1,128,0.1,0.001,32,75,0.0,0.1,10,5,0.5,True,42,107,107,0.5555555555555556,0.5,0.621031746031746,45,7.035422889981419,0.0017325188964605331,0.03850041992134518,0.13208770751953125,34626,0.0,89.07568359375,0.5636362081224268,0.6205614464301051,0.6233219146728516,7,17
num_layers,1,64,4,1,128,0.1,0.001,32,75,0.0,0.1,10,5,0.5,True,42,108,108,0.7555555555555555,0.7659574468085106,0.8596837944664032,45,10.799831695389003,0.001937864813953638,0.04306366253230307,0.13208770751953125,34626,0.0,89.07568359375,0.5406079696434917,0.6005877622149207,0.6352336128552755,14,24
num_layers,2,64,4,2,128,0.1,0.001,32,75,0.0,0.1,10,5,0.5,True,42,1,1,0.7333333333333333,0.7142857142857143,0.8122529644268774,45,13.638491411693394,0.003150534350425005,0.070011874453889,0.25977325439453125,68098,0.03125,146.09326171875,0.4263191538100893,0.6064736077731306,0.5755461812019348,7,17
num_layers,2,64,4,2,128,0.1,0.001,32,75,0.0,0.1,10,5,0.5,True,42,2,2,0.8444444444444444,0.8205128205128205,0.9169960474308301,45,13.957515421323478,0.002639452926814556,0.058654509484767914,0.25977325439453125,68098,0.015625,146.09326171875,0.4216317823438933,0.6124654333248283,0.5905491530895233,7,17
num_layers,2,64,4,2,128,0.1,0.001,32,75,0.0,0.1,10,5,0.5,True,42,3,3,0.4,0.3076923076923077,0.37549407114624506,45,11.995456105098128,0.0037558027543127537,0.0834622834291723,0.25977325439453125,68098,0.0,146.09326171875,0.463521475593249,0.6186265139417215,0.593526820341746,5,15
num_layers,2,64,4,2,128,0.1,0.001,32,75,0.0,0.1,10,5,0.5,True,42,4,4,0.5555555555555556,0.6666666666666666,0.507905138339921,45,11.903984155971557,0.0025115949101746082,0.055813220226102404,0.25977325439453125,68098,0.0,146.09326171875,0.4223196362004136,0.6107379979256428,0.5674103637536366,6,16
num_layers,2,64,4,2,128,0.1,0.001,32,75,0.0,0.1,10,5,0.5,True,42,5,5,0.5555555555555556,0.6666666666666666,0.5853174603174603,45,13.531369773671031,0.0027166809886693954,0.06037068863709768,0.25977325439453125,68098,0.0,146.09326171875,0.38977092188416107,0.6054964293584679,0.6248124678929646,6,16
num_layers,2,64,4,2,128,0.1,0.001,32,75,0.0,0.1,10,5,0.5,True,42,6,6,0.5555555555555556,0.3333333333333333,0.5634920634920635,45,15.377151743974537,0.002215869724750519,0.04924154943890041,0.25977325439453125,68098,0.0,146.09326171875,0.3524631363424388,0.5804525778600664,0.5994067708651225,10,20
num_layers,2,64,4,2,128,0.1,0.001,32,75,0.0,0.1,10,5,0.5,True,42,7,7,0.8666666666666667,0.85,0.9505928853754941,45,12.231177448760718,0.0023163878358900547,0.05147528524200121,0.25977325439453125,68098,0.0,146.09326171875,0.5057778306531183,0.6237296662998922,0.5889069139957428,6,16
num_layers,2,64,4,2,128,0.1,0.001,32,75,0.0,0.1,10,5,0.5,True,42,8,8,0.6888888888888889,0.6666666666666666,0.6996047430830039,45,15.212279862724245,0.0020111440680921078,0.044692090402046844,0.25977325439453125,68098,0.0,146.09326171875,0.40250392788738915,0.5996791711359313,0.6059971610705058,8,18
num_layers,2,64,4,2,128,0.1,0.001,32,75,0.0,0.1,10,5,0.5,True,42,9,9,0.5555555555555556,0.6,0.6507936507936508,45,18.266709960997105,0.002805369906127453,0.062341553469498955,0.25977325439453125,68098,0.0,146.09326171875,0.32693697918545117,0.571566859655308,0.5991951743761699,10,20
num_layers,2,64,4,2,128,0.1,0.001,32,75,0.0,0.1,10,5,0.5,True,42,10,10,0.5333333333333333,0.5882352941176471,0.5932539682539684,45,13.889850148931146,0.0027499296702444553,0.061109548227654555,0.25977325439453125,68098,0.0,146.09326171875,0.403704979767402,0.5941899312716542,0.6152707755565643,8,18
num_layers,2,64,4,2,128,0.1,0.001,32,75,0.0,0.1,10,5,0.5,True,42,11,11,0.5333333333333333,0.3225806451612903,0.5118577075098815,45,16.184405790176243,0.002352698240429163,0.052282183120648064,0.25977325439453125,68098,0.0,146.09326171875,0.35462632143136225,0.5779013491489671,0.5669200440247854,10,20
num_layers,2,64,4,2,128,0.1,0.001,32,75,0.0,0.1,10,5,0.5,True,42,12,12,0.5111111111111111,0.5416666666666666,0.5992063492063492,45,12.590154682751745,0.0027136020362377167,0.06030226747194926,0.25977325439453125,68098,0.0,146.09326171875,0.4437172874582536,0.6046871136535298,0.6148133973280588,7,17
num_layers,2,64,4,2,128,0.1,0.001,32,75,0.0,0.1,10,5,0.5,True,42,13,13,0.6571428571428571,0.7391304347826086,0.8725490196078431,35,11.567225920967758,0.0021668910048902035,0.061911171568291526,0.25977325439453125,68098,0.0,146.09326171875,0.45807002800883667,0.619531246071512,0.6071321904659271,5,15
num_layers,2,64,4,2,128,0.1,0.001,32,75,0.0,0.1,10,5,0.5,True,42,14,14,0.6222222222222222,0.6666666666666666,0.7015810276679842,45,13.706639588810503,0.0020310240797698498,0.04513386843933,0.25977325439453125,68098,0.0,146.09326171875,0.39099189097231085,0.5987173081798987,0.5993070443471272,7,17
num_layers,2,64,4,2,128,0.1,0.001,32,75,0.0,0.1,10,5,0.5,True,42,15,15,0.7777777777777778,0.8076923076923077,0.883399209486166,45,18.528900644741952,0.0026801018975675106,0.059557819945944675,0.25977325439453125,68098,0.0,146.09326171875,0.35307570174336433,0.5232617748957692,0.5983355383078257,12,22
num_layers,2,64,4,2,128,0.1,0.001,32,75,0.0,0.1,10,5,0.5,True,42,16,16,0.5777777777777777,0.6666666666666666,0.7371541501976284,45,14.96436143713072,0.0034727673046290874,0.07717260676953527,0.25977325439453125,68098,0.0,146.09326171875,0.4262248520372492,0.5973872700423906,0.6065612653891246,8,18
num_layers,2,64,4,2,128,0.1,0.001,32,75,0.0,0.1,10,5,0.5,True,42,17,17,0.4523809523809524,0.20689655172413793,0.41590909090909095,42,21.528294114395976,0.0022489787079393864,0.05354711209379491,0.25977325439453125,68098,0.0,146.09326171875,0.2841466214846481,0.5318092125834841,0.6135846555233002,14,24
num_layers,2,64,4,2,128,0.1,0.001,32,75,0.0,0.1,10,5,0.5,True,42,18,18,0.5555555555555556,0.5652173913043478,0.5375494071146245,45,17.862949091009796,0.002329748123884201,0.05177218053076003,0.25977325439453125,68098,0.0,146.09326171875,0.35748074519814865,0.56455651873892,0.5903351525465648,11,21
num_layers,2,64,4,2,128,0.1,0.001,32,75,0.0,0.1,10,5,0.5,True,42,19,19,0.7555555555555555,0.8,0.8221343873517787,45,10.631795071996748,0.0025423839688301086,0.056497421529557966,0.25977325439453125,68098,0.0,146.09326171875,0.5019563998688351,0.6377427663766977,0.5785836656888326,4,14
num_layers,2,64,4,2,128,0.1,0.001,32,75,0.0,0.1,10,5,0.5,True,42,20,20,0.4888888888888889,0.5106382978723404,0.5335968379446641,45,16.11515685962513,0.0023315479047596455,0.051812175661325455,0.25977325439453125,68098,0.0,146.09326171875,0.3484275566809105,0.5774239060102087,0.5821735183397929,9,19
num_layers,2,64,4,2,128,0.1,0.001,32,75,0.0,0.1,10,5,0.5,True,42,21,21,0.5555555555555556,0.6296296296296297,0.7400793650793651,45,16.36754427012056,0.0023310179822146893,0.051800399604770876,0.25977325439453125,68098,0.0,146.09326171875,0.3975058405688315,0.5973947432005045,0.6012872457504272,8,18
num_layers,2,64,4,2,128,0.1,0.001,32,75,0.0,0.1,10,5,0.5,True,42,22,22,0.5333333333333333,0.5116279069767442,0.5632411067193676,45,12.227892270777375,0.0023161382414400578,0.051469738698667944,0.25977325439453125,68098,0.0,146.09326171875,0.4647815934184826,0.621550650984952,0.6150114079316457,4,14
num_layers,2,64,4,2,128,0.1,0.001,32,75,0.0,0.1,10,5,0.5,True,42,23,23,0.6590909090909091,0.7457627118644068,0.8946280991735538,44,14.947976449970156,0.0025043152272701263,0.05691625516523015,0.25977325439453125,68098,0.0,146.09326171875,0.407965238347198,0.5983383849714742,0.5929718812306722,7,17
num_layers,2,64,4,2,128,0.1,0.001,32,75,0.0,0.1,10,5,0.5,True,42,24,24,0.8333333333333334,0.8695652173913043,0.8311688311688312,18,13.462876635137945,0.0013179159723222256,0.07321755401790142,0.25977325439453125,68098,0.0,146.09326171875,0.4200990139541769,0.6036145091056824,0.6162938316663106,7,17
num_layers,2,64,4,2,128,0.1,0.001,32,75,0.0,0.1,10,5,0.5,True,42,25,25,0.6444444444444445,0.6521739130434783,0.6996047430830039,45,11.769640766084194,0.002202961128205061,0.048954691737890244,0.25977325439453125,68098,0.0,146.09326171875,0.5019759251312776,0.6285338898499807,0.6014033575852712,4,14
num_layers,2,64,4,2,128,0.1,0.001,32,75,0.0,0.1,10,5,0.5,True,42,26,26,0.7777777777777778,0.75,0.8432539682539683,45,14.607639844994992,0.0023381980136036873,0.051959955857859716,0.25977325439453125,68098,0.0,146.09326171875,0.4473058259622617,0.6144387306589069,0.5889286239941914,7,17
num_layers,2,64,4,2,128,0.1,0.001,32,75,0.0,0.1,10,5,0.5,True,42,27,27,0.5111111111111111,0.5769230769230769,0.575098814229249,45,13.228230766952038,0.0023479582741856575,0.05217685053745905,0.25977325439453125,68098,0.0,146.09326171875,0.422197690290032,0.5987649654800241,0.5767526646455129,7,17
num_layers,2,64,4,2,128,0.1,0.001,32,75,0.0,0.1,10,5,0.5,True,42,28,28,0.6222222222222222,0.5641025641025641,0.6086956521739131,45,12.709006354678422,0.002399708144366741,0.05332684765259425,0.25977325439453125,68098,0.0,146.09326171875,0.413116897710345,0.5969864829923167,0.617293240626653,7,17
num_layers,2,64,4,2,128,0.1,0.001,32,75,0.0,0.1,10,5,0.5,True,42,29,29,0.7777777777777778,0.8148148148148148,0.9525691699604744,45,13.724207695107907,0.0026971222832798958,0.05993605073955324,0.25977325439453125,68098,0.0,146.09326171875,0.4508078597260244,0.6157881786877458,0.5781766990820567,6,16
num_layers,2,64,4,2,128,0.1,0.001,32,75,0.0,0.1,10,5,0.5,True,42,30,30,0.6222222222222222,0.32,0.7063492063492063,45,18.447524823248386,0.0027254410088062286,0.06056535575124952,0.25977325439453125,68098,0.0,146.09326171875,0.3569124853520682,0.578088036766558,0.588594913482666,10,20
num_layers,2,64,4,2,128,0.1,0.001,32,75,0.0,0.1,10,5,0.5,True,42,31,31,0.8222222222222222,0.8461538461538461,0.9565217391304348,45,13.629089978989214,0.002865459304302931,0.06367687342895402,0.25977325439453125,68098,0.0,146.09326171875,0.44214766393556737,0.6133007502013986,0.6169153928756714,7,17
num_layers,2,64,4,2,128,0.1,0.001,32,75,0.0,0.1,10,5,0.5,True,42,32,32,0.8636363636363636,0.875,0.9151138716356108,44,14.605538512114435,0.002580984029918909,0.05865872795270248,0.25977325439453125,68098,0.0,146.09326171875,0.3988953490148891,0.5999864802667589,0.6056922554969788,8,18
num_layers,2,64,4,2,128,0.1,0.001,32,75,0.0,0.1,10,5,0.5,True,42,33,33,0.7333333333333333,0.7,0.8458498023715415,45,10.536311781965196,0.0026744818314909935,0.059432929588688746,0.25977325439453125,68098,0.0,146.09326171875,0.4731066750757622,0.6306832757863131,0.5833451430002848,4,14
num_layers,2,64,4,2,128,0.1,0.001,32,75,0.0,0.1,10,5,0.5,True,42,34,34,0.7777777777777778,0.8148148148148148,0.8928571428571428,45,15.179635631851852,0.0021972008980810642,0.04882668662402365,0.25977325439453125,68098,0.0,146.09326171875,0.4019422186820796,0.5965208695693449,0.6149095634619395,8,18
num_layers,2,64,4,2,128,0.1,0.001,32,75,0.0,0.1,10,5,0.5,True,42,35,35,0.7111111111111111,0.6060606060606061,0.8478260869565217,45,12.053833297919482,0.0036693643778562546,0.08154143061902787,0.25977325439453125,68098,0.0,146.09326171875,0.4884278986490134,0.6269506696950305,0.6139087696870168,4,14
num_layers,2,64,4,2,128,0.1,0.001,32,75,0.0,0.1,10,5,0.5,True,42,36,36,0.5,0.5,0.5206611570247934,44,15.757682130672038,0.0031385631300508976,0.0713309802284295,0.25977325439453125,68098,0.0,146.09326171875,0.3299657379587491,0.5771189923539306,0.5919734040896097,9,19
num_layers,2,64,4,2,128,0.1,0.001,32,75,0.0,0.1,10,5,0.5,True,42,37,37,0.5111111111111111,0.0,0.4209486166007905,45,12.133769076317549,0.0023815170861780643,0.05292260191506809,0.25977325439453125,68098,0.0,146.09326171875,0.4712778144713604,0.6249206454464884,0.606212830543518,5,15
num_layers,2,64,4,2,128,0.1,0.001,32,75,0.0,0.1,10,5,0.5,True,42,38,38,0.5333333333333333,0.4,0.6837944664031621,45,13.016805471852422,0.002259188797324896,0.0502041954961088,0.25977325439453125,68098,0.0,146.09326171875,0.4367629353972999,0.6160721577929728,0.5919761578241984,6,16
num_layers,2,64,4,2,128,0.1,0.001,32,75,0.0,0.1,10,5,0.5,True,42,39,39,0.6136363636363636,0.5142857142857142,0.6335403726708074,44,15.431107768788934,0.002333317883312702,0.053029951893470505,0.25977325439453125,68098,0.0,146.09326171875,0.3547600700773976,0.5725737437605858,0.5759632070859273,10,20
num_layers,2,64,4,2,128,0.1,0.001,32,75,0.0,0.1,10,5,0.5,True,42,40,40,0.35555555555555557,0.3829787234042553,0.3650793650793651,45,12.95428821304813,0.0036723241209983826,0.08160720268885295,0.25977325439453125,68098,0.0,146.09326171875,0.433394502509724,0.613149054574244,0.6212828159332275,5,15
num_layers,2,64,4,2,128,0.1,0.001,32,75,0.0,0.1,10,5,0.5,True,42,41,41,0.6666666666666666,0.6808510638297872,0.746031746031746,45,13.746204000897706,0.002323758788406849,0.05163908418681886,0.25977325439453125,68098,0.00390625,146.09326171875,0.4518695271602183,0.6200237886020632,0.5944290558497111,5,15
num_layers,2,64,4,2,128,0.1,0.001,32,75,0.0,0.1,10,5,0.5,True,42,42,42,0.9111111111111111,0.9047619047619048,0.9644268774703557,45,16.743363689631224,0.0028359689749777317,0.06302153277728292,0.25977325439453125,68098,0.0,146.09326171875,0.3919255801222541,0.5884072584184733,0.6087978959083558,10,20
num_layers,2,64,4,2,128,0.1,0.001,32,75,0.0,0.1,10,5,0.5,True,42,43,43,0.8444444444444444,0.8292682926829268,0.9426877470355731,45,15.375131499953568,0.0022050109691917896,0.04900024375981755,0.25977325439453125,68098,0.0,146.09326171875,0.3907238911047126,0.6031141238230647,0.5940835118293762,9,19
num_layers,2,64,4,2,128,0.1,0.001,32,75,0.0,0.1,10,5,0.5,True,42,44,44,0.7931034482758621,0.7692307692307693,0.8809523809523809,29,14.653436544816941,0.0015633730217814445,0.05390941454418774,0.25977325439453125,68098,0.0,146.09326171875,0.40540719924099516,0.599607882626129,0.5826219618320465,7,17
num_layers,2,64,4,2,128,0.1,0.001,32,75,0.0,0.1,10,5,0.5,True,42,45,45,0.5555555555555556,0.4117647058823529,0.7549407114624506,45,15.344115957152098,0.0023216293193399906,0.05159176265199979,0.25977325439453125,68098,0.0,146.09326171875,0.38610073088696506,0.5897516353112279,0.6004706859588623,9,19
num_layers,2,64,4,2,128,0.1,0.001,32,75,0.0,0.1,10,5,0.5,True,42,46,46,0.5333333333333333,0.5882352941176471,0.6798418972332015,45,12.81421523122117,0.005995552055537701,0.13323449012306002,0.25977325439453125,68098,0.0,146.09326171875,0.4544171409850771,0.6184866177764806,0.6058496673901875,5,15
num_layers,2,64,4,2,128,0.1,0.001,32,75,0.0,0.1,10,5,0.5,True,42,47,47,0.4222222222222222,0.4583333333333333,0.5238095238095237,45,16.716850304976106,0.0034659579396247864,0.07702128754721747,0.25977325439453125,68098,0.1875,146.09326171875,0.37332923078175745,0.5833867192268372,0.6002440273761749,9,19
num_layers,2,64,4,2,128,0.1,0.001,32,75,0.0,0.1,10,5,0.5,True,42,48,48,0.7647058823529411,0.75,0.9857142857142858,17,13.071861037053168,0.001638379879295826,0.09637528701740153,0.25977325439453125,68098,0.0,146.09326171875,0.4673457376490858,0.6136209305964018,0.6246868749459584,5,15
num_layers,2,64,4,2,128,0.1,0.001,32,75,0.0,0.1,10,5,0.5,True,42,49,49,0.5111111111111111,0.6666666666666666,0.8972332015810277,45,17.38391180895269,0.003433567937463522,0.0763015097214116,0.25977325439453125,68098,0.0,146.09326171875,0.36028756427042413,0.5757645124738867,0.5915548006693522,12,22
num_layers,2,64,4,2,128,0.1,0.001,32,75,0.0,0.1,10,5,0.5,True,42,50,50,0.6888888888888889,0.5625,0.6976284584980238,45,11.118074344005436,0.002175210975110531,0.048338021669122905,0.25977325439453125,68098,0.0,146.09326171875,0.48037002980709076,0.6182591781923266,0.597820911804835,4,14
num_layers,2,64,4,2,128,0.1,0.001,32,75,0.0,0.1,10,5,0.5,True,42,51,51,0.5333333333333333,0.6440677966101694,0.7499999999999999,45,15.899583878926933,0.0026654531247913837,0.05923229166203075,0.25977325439453125,68098,0.0,146.09326171875,0.38344513060468616,0.595253371153817,0.6016558726628621,8,18
num_layers,2,64,4,2,128,0.1,0.001,32,75,0.0,0.1,10,5,0.5,True,42,52,52,0.6829268292682927,0.5517241379310345,0.7799043062200957,41,12.32016051793471,0.002095322124660015,0.051105417674634515,0.25977325439453125,68098,0.00390625,146.09326171875,0.4786389948743762,0.6249299304503383,0.6112167716026307,5,15
num_layers,2,64,4,2,128,0.1,0.001,32,75,0.0,0.1,10,5,0.5,True,42,53,53,0.4883720930232558,0.56,0.5281385281385281,43,17.6606764937751,0.0024835150688886642,0.05775616439275963,0.25977325439453125,68098,0.0,146.09326171875,0.3472754880785942,0.5330981390945839,0.610854423046112,11,21
num_layers,2,64,4,2,128,0.1,0.001,32,75,0.0,0.1,10,5,0.5,True,42,54,54,0.6923076923076923,0.7272727272727273,0.8315217391304348,39,18.007542942184955,0.002564704045653343,0.06576164219623958,0.25977325439453125,68098,0.0,146.09326171875,0.36604495549743826,0.5696130602648763,0.6086814880371094,12,22
num_layers,2,64,4,2,128,0.1,0.001,32,75,0.0,0.1,10,5,0.5,True,42,55,55,0.7777777777777778,0.7368421052631579,0.8438735177865613,45,15.662044933997095,0.002566214185208082,0.05702698189351294,0.25977325439453125,68098,0.0,146.09326171875,0.4013672848090981,0.5882233561891498,0.6017181277275085,8,18
num_layers,2,64,4,2,128,0.1,0.001,32,75,0.0,0.1,10,5,0.5,True,42,56,56,0.75,0.7659574468085106,0.8925619834710744,44,15.551919545046985,0.0024766349233686924,0.056287157349288464,0.25977325439453125,68098,0.0,146.09326171875,0.3543553959691163,0.5852051329883662,0.6087776482105255,9,19
num_layers,2,64,4,2,128,0.1,0.001,32,75,0.0,0.1,10,5,0.5,True,42,57,57,0.6,0.6666666666666666,0.6964285714285714,45,11.257427078671753,0.0022732187062501907,0.05051597125000424,0.25977325439453125,68098,0.0,146.09326171875,0.4621669620727048,0.6184685959508924,0.5994434078534444,5,15
num_layers,2,64,4,2,128,0.1,0.001,32,75,0.0,0.1,10,5,0.5,True,42,58,58,0.7333333333333333,0.6666666666666666,0.7757936507936508,45,13.473155950661749,0.002477304544299841,0.05505121209555203,0.25977325439453125,68098,0.0,146.09326171875,0.4141298077548995,0.6022583370407423,0.6115417599678039,6,16
num_layers,2,64,4,2,128,0.1,0.001,32,75,0.0,0.1,10,5,0.5,True,42,59,59,0.5555555555555556,0.375,0.5297619047619047,45,11.898521589115262,0.0025453236885368824,0.05656274863415295,0.25977325439453125,68098,0.0,146.09326171875,0.45673067348473,0.6163699105381966,0.5985919674237569,6,16
num_layers,2,64,4,2,128,0.1,0.001,32,75,0.0,0.1,10,5,0.5,True,42,60,60,0.7727272727272727,0.7916666666666666,0.871900826446281,44,13.567354714032263,0.002348167821764946,0.05336745049465787,0.25977325439453125,68098,0.0,146.09326171875,0.440058070601839,0.6062536657308087,0.6193780978520711,8,18
num_layers,2,64,4,2,128,0.1,0.001,32,75,0.0,0.1,10,5,0.5,True,42,61,61,0.6511627906976745,0.7058823529411765,0.7575757575757576,43,17.017874164972454,0.002134751994162798,0.04964539521308833,0.25977325439453125,68098,0.0,146.09326171875,0.40585953437469224,0.5908247796875058,0.6197399377822876,9,19
num_layers,2,64,4,2,128,0.1,0.001,32,75,0.0,0.1,10,5,0.5,True,42,62,62,0.8222222222222222,0.8,0.9071146245059288,45,14.440169483888894,0.002382108010351658,0.052935733563370176,0.25977325439453125,68098,0.0,146.09326171875,0.4069734154777093,0.6062283949418501,0.6184146861235301,7,17
num_layers,2,64,4,2,128,0.1,0.001,32,75,0.0,0.1,10,5,0.5,True,42,63,63,0.4418604651162791,0.14285714285714285,0.5194805194805194,43,13.462822274770588,0.0023019188083708286,0.05353299554350765,0.25977325439453125,68098,0.0,146.09326171875,0.410815822355675,0.5978253479256774,0.6199709077676138,6,16
num_layers,2,64,4,2,128,0.1,0.001,32,75,0.0,0.1,10,5,0.5,True,42,64,64,0.6,0.7096774193548387,0.8063241106719368,45,14.076642814092338,0.0026303729973733425,0.05845273327496316,0.25977325439453125,68098,0.0,146.09326171875,0.4006440064898043,0.5876211813001921,0.632355276743571,8,18
num_layers,2,64,4,2,128,0.1,0.001,32,75,0.0,0.1,10,5,0.5,True,42,65,65,0.6888888888888889,0.5625,0.7896825396825398,45,13.33674613526091,0.0023313378915190697,0.05180750870042377,0.25977325439453125,68098,0.0,146.09326171875,0.39617235789244826,0.6046943684870546,0.6268553614616394,8,18
num_layers,2,64,4,2,128,0.1,0.001,32,75,0.0,0.1,10,5,0.5,True,42,66,66,0.5111111111111111,0.5925925925925926,0.6739130434782609,45,10.710958044044673,0.0022853389382362366,0.050785309738583036,0.25977325439453125,68098,0.0,146.09326171875,0.42708330578876263,0.5958602279424667,0.6253500878810883,6,16
num_layers,2,64,4,2,128,0.1,0.001,32,75,0.0,0.1,10,5,0.5,True,42,67,67,0.6,0.6086956521739131,0.6245059288537549,45,16.508665073197335,0.0022882488556206226,0.050849974569347166,0.25977325439453125,68098,0.0,146.09326171875,0.2992152318809972,0.567424410897674,0.6215106189250946,11,21
num_layers,2,64,4,2,128,0.1,0.001,32,75,0.0,0.1,10,5,0.5,True,42,68,68,0.6,0.5,0.7015810276679841,45,15.060228860937059,0.002342057880014181,0.0520457306669818,0.25977325439453125,68098,0.0,146.09326171875,0.43760547696640995,0.6060131217042605,0.615537295738856,8,18
num_layers,2,64,4,2,128,0.1,0.001,32,75,0.0,0.1,10,5,0.5,True,42,69,69,0.5777777777777777,0.6666666666666666,0.6507936507936508,45,15.469877664931118,0.003654085099697113,0.0812018911043803,0.25977325439453125,68098,0.0,146.09326171875,0.4217590277619434,0.5959714456941142,0.602986212571462,8,18
num_layers,2,64,4,2,128,0.1,0.001,32,75,0.0,0.1,10,5,0.5,True,42,70,70,0.5555555555555556,0.5,0.7351778656126482,45,13.792185257654637,0.004205495119094849,0.09345544709099664,0.25977325439453125,68098,0.0,146.09326171875,0.36793177845803177,0.589621222606211,0.6077438473701477,9,19
num_layers,2,64,4,2,128,0.1,0.001,32,75,0.0,0.1,10,5,0.5,True,42,71,71,0.7111111111111111,0.6486486486486487,0.9446640316205533,45,11.899630038999021,0.0036594350822269917,0.08132077960504426,0.25977325439453125,68098,0.0,146.09326171875,0.4266375888026122,0.5976824439836271,0.6286712884902954,6,16
num_layers,2,64,4,2,128,0.1,0.001,32,75,0.0,0.1,10,5,0.5,True,42,72,72,0.7333333333333333,0.6470588235294118,0.8359683794466403,45,14.004542465787381,0.0034956373274326324,0.07768082949850294,0.25977325439453125,68098,0.0,146.09326171875,0.40022189260432217,0.5942748439582911,0.6402503748734792,7,17
num_layers,2,64,4,2,128,0.1,0.001,32,75,0.0,0.1,10,5,0.5,True,42,73,73,0.6444444444444445,0.6363636363636364,0.691699604743083,45,18.356492353137583,0.002653922885656357,0.058976064125696816,0.25977325439453125,68098,0.0,146.09326171875,0.31313321750723955,0.5547436568321604,0.6100460867087046,11,21
num_layers,2,64,4,2,128,0.1,0.001,32,75,0.0,0.1,10,5,0.5,True,42,74,74,0.4666666666666667,0.5384615384615384,0.5119047619047619,45,13.722099582199007,0.002320758067071438,0.0515724014904764,0.25977325439453125,68098,0.0,146.09326171875,0.4368285797536373,0.6140201789411631,0.6135596891244253,6,16
num_layers,2,64,4,2,128,0.1,0.001,32,75,0.0,0.1,10,5,0.5,True,42,75,75,0.7560975609756098,0.7222222222222222,0.8595238095238096,41,15.111255834344774,0.0022513410076498985,0.054910756284143866,0.25977325439453125,68098,0.00390625,146.09326171875,0.38817786594683473,0.6005221758828019,0.6187717298666636,8,18
num_layers,2,64,4,2,128,0.1,0.001,32,75,0.0,0.1,10,5,0.5,True,42,76,76,0.4666666666666667,0.52,0.49604743083003955,45,19.425540884025395,0.002686233725398779,0.059694082786639534,0.25977325439453125,68098,0.0,146.09326171875,0.28769464186872495,0.5416753937800726,0.6094569166501363,12,22
num_layers,2,64,4,2,128,0.1,0.001,32,75,0.0,0.1,10,5,0.5,True,42,77,77,0.5777777777777777,0.6984126984126984,0.6567460317460317,45,12.202227778732777,0.002552015706896782,0.05671146015326182,0.25977325439453125,68098,0.0,146.09326171875,0.4301931986754591,0.6037973772847292,0.6388580481211344,6,16
num_layers,2,64,4,2,128,0.1,0.001,32,75,0.0,0.1,10,5,0.5,True,42,78,78,0.5111111111111111,0.56,0.5573122529644268,45,12.13717913068831,0.0021933531388640404,0.048741180863645345,0.25977325439453125,68098,0.0,146.09326171875,0.4673804302107204,0.6127205506870241,0.6231787800788879,6,16
num_layers,2,64,4,2,128,0.1,0.001,32,75,0.0,0.1,10,5,0.5,True,42,79,79,0.65,0.6818181818181818,0.75,40,12.132859535049647,0.0022596516646444798,0.056491291616111994,0.25977325439453125,68098,0.0,146.09326171875,0.4360570924525911,0.6062419610944662,0.6138484179973602,7,17
num_layers,2,64,4,2,128,0.1,0.001,32,75,0.0,0.1,10,5,0.5,True,42,80,80,0.5333333333333333,0.36363636363636365,0.5533596837944663,45,15.695138599257916,0.0026604849845170975,0.059121888544824384,0.25977325439453125,68098,0.0,146.09326171875,0.39163060824979434,0.589665368876674,0.6234627902507782,10,20
num_layers,2,64,4,2,128,0.1,0.001,32,75,0.0,0.1,10,5,0.5,True,42,81,81,0.4888888888888889,0.0,0.7845849802371542,45,16.76451869821176,0.0023360098712146282,0.05191133047143619,0.25977325439453125,68098,0.0,146.09326171875,0.3493261922037963,0.5898660665208643,0.6300810972849528,9,19
num_layers,2,64,4,2,128,0.1,0.001,32,75,0.0,0.1,10,5,0.5,True,42,82,82,0.6888888888888889,0.7586206896551724,0.7806324110671936,45,16.486254127230495,0.002677624113857746,0.05950275808572769,0.25977325439453125,68098,0.0,146.09326171875,0.36575799875638704,0.5848267313205835,0.6233237624168396,10,20
num_layers,2,64,4,2,128,0.1,0.001,32,75,0.0,0.1,10,5,0.5,True,42,83,83,0.7631578947368421,0.6896551724137931,0.9362880886426592,38,12.866280442103744,0.002439138013869524,0.06418784247025063,0.25977325439453125,68098,0.0,146.09326171875,0.45209718879425165,0.6162048318620884,0.6282865921656291,5,15
num_layers,2,64,4,2,128,0.1,0.001,32,75,0.0,0.1,10,5,0.5,True,42,84,84,0.6590909090909091,0.6808510638297872,0.7142857142857143,44,12.381185298319906,0.002686134073883295,0.0610485016791658,0.25977325439453125,68098,0.0,146.09326171875,0.4661802359376893,0.6197894389430681,0.6161883731683095,6,16
num_layers,2,64,4,2,128,0.1,0.001,32,75,0.0,0.1,10,5,0.5,True,42,85,85,0.9090909090909091,0.9047619047619048,0.9565217391304348,44,16.757143184076995,0.002307191025465727,0.05243615966967561,0.25977325439453125,68098,0.0,146.09326171875,0.3720747534975861,0.5765376750266913,0.6265138308207194,10,20
num_layers,2,64,4,2,128,0.1,0.001,32,75,0.0,0.1,10,5,0.5,True,42,86,86,0.6363636363636364,0.6363636363636364,0.6397515527950312,44,13.73246957687661,0.003874434158205986,0.08805532177740878,0.25977325439453125,68098,0.00390625,146.09326171875,0.44638678284757066,0.6066720072518695,0.6373193383216857,6,16
num_layers,2,64,4,2,128,0.1,0.001,32,75,0.0,0.1,10,5,0.5,True,42,87,87,0.6,0.6666666666666666,0.6541501976284585,45,13.999831983819604,0.00225153099745512,0.05003402216566934,0.25977325439453125,68098,0.0,146.09326171875,0.38924570675149106,0.5999573236613562,0.6251446167627971,7,17
num_layers,2,64,4,2,128,0.1,0.001,32,75,0.0,0.1,10,5,0.5,True,42,88,88,0.5818181818181818,0.43902439024390244,0.6534391534391534,55,14.897238673642278,0.0031925858929753304,0.0580470162359151,0.25977325439453125,68098,0.0,146.09326171875,0.40030914680524304,0.5881957804614847,0.6344660302003224,7,17
num_layers,2,64,4,2,128,0.1,0.001,32,75,0.0,0.1,10,5,0.5,True,42,89,89,0.6222222222222222,0.6666666666666666,0.6845238095238095,45,11.760081771295518,0.002768673002719879,0.061526066727108426,0.25977325439453125,68098,0.0,146.09326171875,0.4495786403616269,0.622126504778862,0.6236947933832805,5,15
num_layers,2,64,4,2,128,0.1,0.001,32,75,0.0,0.1,10,5,0.5,True,42,90,90,0.5333333333333333,0.46153846153846156,0.6284584980237155,45,12.528026506770402,0.002685513813048601,0.05967808473441336,0.25977325439453125,68098,0.0,146.09326171875,0.4152468108769619,0.6050497848879207,0.6127390185991923,6,16
num_layers,2,64,4,2,128,0.1,0.001,32,75,0.0,0.1,10,5,0.5,True,42,91,91,0.5681818181818182,0.6779661016949152,0.7913223140495868,44,16.53127772733569,0.0023397598415613174,0.05317636003548448,0.25977325439453125,68098,0.0,146.09326171875,0.35436064580624754,0.5933022923541792,0.5908977429072062,10,20
num_layers,2,64,4,2,128,0.1,0.001,32,75,0.0,0.1,10,5,0.5,True,42,92,92,0.6071428571428571,0.65625,0.6871794871794872,56,16.12529738107696,0.0025061671622097492,0.044752985039459806,0.25977325439453125,68098,0.0,146.09326171875,0.3784441881333337,0.5963110232895071,0.6452546815077463,9,19
num_layers,2,64,4,2,128,0.1,0.001,32,75,0.0,0.1,10,5,0.5,True,42,93,93,0.7333333333333333,0.7142857142857143,0.774703557312253,45,16.80212191492319,0.00248686783015728,0.055263729559050664,0.25977325439453125,68098,0.0,146.09326171875,0.3636764392934062,0.5769107879111262,0.6232144435246786,9,19
num_layers,2,64,4,2,128,0.1,0.001,32,75,0.0,0.1,10,5,0.5,True,42,94,94,0.9090909090909091,0.9130434782608695,0.9813664596273293,44,10.98189110122621,0.002249630633741617,0.05112796894867312,0.25977325439453125,68098,0.0,146.09326171875,0.45667690682140266,0.6204091163747238,0.6357017318407695,4,14
num_layers,2,64,4,2,128,0.1,0.001,32,75,0.0,0.1,10,5,0.5,True,42,95,95,0.5357142857142857,0.5806451612903226,0.640625,28,11.417849224992096,0.0013359873555600643,0.04771383412714515,0.25977325439453125,68098,0.0,146.09326171875,0.4711953735712803,0.6254449206771273,0.6097782731056214,5,15
num_layers,2,64,4,2,128,0.1,0.001,32,75,0.0,0.1,10,5,0.5,True,42,96,96,0.6428571428571429,0.6938775510204082,0.6938775510204082,42,13.019401222001761,0.002019895240664482,0.04809274382534481,0.25977325439453125,68098,0.0,146.09326171875,0.4071144793521274,0.6017423114090255,0.6248603105545044,6,16
num_layers,2,64,4,2,128,0.1,0.001,32,75,0.0,0.1,10,5,0.5,True,42,97,97,0.5454545454545454,0.4117647058823529,0.5723140495867769,44,12.810114311985672,0.0036202487535774708,0.08227838076312433,0.25977325439453125,68098,0.0,146.09326171875,0.43988062780011783,0.6162419933261294,0.6250910977522532,5,15
num_layers,2,64,4,2,128,0.1,0.001,32,75,0.0,0.1,10,5,0.5,True,42,98,98,0.5555555555555556,0.6,0.5711462450592886,45,17.05974531825632,0.0026099449023604393,0.057998775608009756,0.25977325439453125,68098,0.0,146.09326171875,0.3632975911552256,0.5563997605984862,0.6266176879405976,10,20
num_layers,2,64,4,2,128,0.1,0.001,32,75,0.0,0.1,10,5,0.5,True,42,99,99,0.4418604651162791,0.25,0.5476190476190477,43,14.139375817030668,0.0021765530109405518,0.05061751188233841,0.25977325439453125,68098,0.00390625,146.09326171875,0.4514392754345229,0.6114958700808611,0.6455620765686035,6,16
num_layers,2,64,4,2,128,0.1,0.001,32,75,0.0,0.1,10,5,0.5,True,42,100,100,0.5277777777777778,0.6530612244897959,0.5895061728395061,36,11.725567703135312,0.0023706997744739056,0.06585277151316404,0.25977325439453125,68098,0.0,146.09326171875,0.4445697252045978,0.6141384239449645,0.6147758901119232,5,15
num_layers,2,64,4,2,128,0.1,0.001,32,75,0.0,0.1,10,5,0.5,True,42,101,101,0.5111111111111111,0.35294117647058826,0.5790513833992095,45,11.99975941190496,0.002187051810324192,0.0486011513405376,0.25977325439453125,68098,0.0,146.09326171875,0.48839427146947745,0.6295182741049564,0.6326143582661946,5,15
num_layers,2,64,4,2,128,0.1,0.001,32,75,0.0,0.1,10,5,0.5,True,42,102,102,0.7333333333333333,0.75,0.8043478260869565,45,16.997535031754524,0.0024586981162428856,0.05463773591650857,0.25977325439453125,68098,0.0,146.09326171875,0.3406996237057628,0.5670413103970614,0.6142029563585917,10,20
num_layers,2,64,4,2,128,0.1,0.001,32,75,0.0,0.1,10,5,0.5,True,42,103,103,0.6511627906976745,0.4444444444444444,0.7683982683982684,43,16.20639684377238,0.0023107901215553284,0.05373930515244949,0.25977325439453125,68098,0.0,146.09326171875,0.3418481984373295,0.5822292037985541,0.6081065813700358,9,19
num_layers,2,64,4,2,128,0.1,0.001,32,75,0.0,0.1,10,5,0.5,True,42,104,104,0.4883720930232558,0.5769230769230769,0.6212121212121212,43,16.673585592769086,0.0023003998212516308,0.05349767026166583,0.25977325439453125,68098,0.0,146.09326171875,0.35613002503911656,0.5793469774000573,0.6191966652870178,9,19
num_layers,2,64,4,2,128,0.1,0.001,32,75,0.0,0.1,10,5,0.5,True,42,105,105,0.6444444444444445,0.5,0.6857707509881423,45,13.357176354620606,0.002336139790713787,0.05191421757141749,0.25977325439453125,68098,0.0,146.09326171875,0.46503142335198144,0.6147952050422177,0.6367266019185384,6,16
num_layers,2,64,4,2,128,0.1,0.001,32,75,0.0,0.1,10,5,0.5,True,42,106,106,0.6,0.5909090909090909,0.6607142857142857,45,15.941586122848094,0.0022636810317635536,0.05030402292807897,0.25977325439453125,68098,0.0,146.09326171875,0.3447324088351293,0.5703879339676915,0.5915139396985372,11,21
num_layers,2,64,4,2,128,0.1,0.001,32,75,0.0,0.1,10,5,0.5,True,42,107,107,0.6222222222222222,0.6530612244897959,0.621031746031746,45,12.716305946931243,0.0021873232908546925,0.048607184241215386,0.25977325439453125,68098,0.0,146.09326171875,0.44338169242396497,0.6152047797134428,0.617885273694992,5,15
num_layers,2,64,4,2,128,0.1,0.001,32,75,0.0,0.1,10,5,0.5,True,42,108,108,0.8,0.8,0.8952569169960475,45,13.558233017101884,0.002692603971809149,0.059835643817981087,0.25977325439453125,68098,0.0,146.09326171875,0.41330060972408816,0.60291258832722,0.6340925633907318,7,17
num_layers,3,64,4,3,128,0.1,0.001,32,75,0.0,0.1,10,5,0.5,True,42,1,1,0.7555555555555555,0.717948717948718,0.816205533596838,45,20.376000569202006,0.0030484977178275585,0.06774439372950129,0.38745880126953125,101570,0.0234375,203.11083984375,0.37254900112748146,0.6016195956053156,0.6003140469392141,7,17
num_layers,3,64,4,3,128,0.1,0.001,32,75,0.0,0.1,10,5,0.5,True,42,2,2,0.7555555555555555,0.6666666666666666,0.8754940711462451,45,21.768825257197022,0.0032104547135531902,0.07134343807895978,0.38745880126953125,101570,0.0,203.11083984375,0.33888626188942883,0.5745795673944734,0.5824094951152802,10,20
num_layers,3,64,4,3,128,0.1,0.001,32,75,0.0,0.1,10,5,0.5,True,42,3,3,0.4888888888888889,0.5106382978723404,0.40909090909090906,45,19.636258171871305,0.002959378995001316,0.06576397766669592,0.38745880126953125,101570,0.0,203.11083984375,0.424551143339186,0.6076665699030414,0.5755771815776825,8,18
num_layers,3,64,4,3,128,0.1,0.001,32,75,0.0,0.1,10,5,0.5,True,42,4,4,0.5333333333333333,0.6557377049180327,0.6126482213438735,45,21.24999610101804,0.003104077186435461,0.06897949303189914,0.38745880126953125,101570,0.0,203.11083984375,0.37831427111770166,0.590090895015182,0.5701824784278869,8,18
num_layers,3,64,4,3,128,0.1,0.001,32,75,0.0,0.1,10,5,0.5,True,42,5,5,0.4888888888888889,0.6101694915254238,0.5257936507936508,45,22.160960510373116,0.0027964520268142223,0.06214337837364938,0.38745880126953125,101570,0.0,203.11083984375,0.3360052889946735,0.573172594110171,0.6065310696760814,10,20
num_layers,3,64,4,3,128,0.1,0.001,32,75,0.0,0.1,10,5,0.5,True,42,6,6,0.6,0.3076923076923077,0.5734126984126984,45,24.537601558025926,0.0031456537544727325,0.06990341676606072,0.38745880126953125,101570,0.0,203.11083984375,0.2543371220429738,0.5595190825335907,0.5956311861673991,12,22
num_layers,3,64,4,3,128,0.1,0.001,32,75,0.0,0.1,10,5,0.5,True,42,7,7,0.8666666666666667,0.85,0.9624505928853755,45,18.001943570096046,0.002867849078029394,0.06372997951176432,0.38745880126953125,101570,0.0,203.11083984375,0.3999387848783623,0.6136970276182349,0.5818539261817932,6,16
num_layers,3,64,4,3,128,0.1,0.001,32,75,0.0,0.1,10,5,0.5,True,42,8,8,0.6444444444444445,0.6521739130434783,0.6719367588932806,45,15.44664220418781,0.0025925729423761368,0.05761273205280304,0.38745880126953125,101570,0.0,203.11083984375,0.4549278743339307,0.6168408161311438,0.5903185228506724,5,15
num_layers,3,64,4,3,128,0.1,0.001,32,75,0.0,0.1,10,5,0.5,True,42,9,9,0.6666666666666666,0.6341463414634146,0.6646825396825397,45,16.17057513492182,0.0034731668420135975,0.07718148537807994,0.38745880126953125,101570,0.0,203.11083984375,0.38725233552130783,0.6203551145665573,0.6016841908295949,6,16
num_layers,3,64,4,3,128,0.1,0.001,32,75,0.0,0.1,10,5,0.5,True,42,10,10,0.6888888888888889,0.72,0.7559523809523809,45,24.06537032034248,0.002792919985949993,0.06206488857666652,0.38745880126953125,101570,0.0,203.11083984375,0.2249987977133556,0.47928831523114984,0.5925584475199381,14,24
num_layers,3,64,4,3,128,0.1,0.001,32,75,0.0,0.1,10,5,0.5,True,42,11,11,0.5333333333333333,0.46153846153846156,0.5869565217391304,45,19.88697144621983,0.002803899347782135,0.06230887439515856,0.38745880126953125,101570,0.0,203.11083984375,0.39807217805223033,0.6013671182321779,0.5750490327676138,7,17
num_layers,3,64,4,3,128,0.1,0.001,32,75,0.0,0.1,10,5,0.5,True,42,12,12,0.6666666666666666,0.7368421052631579,0.7142857142857143,45,15.740288720000535,0.003094904124736786,0.06877564721637301,0.38745880126953125,101570,0.0,203.11083984375,0.4906960549679669,0.6502395457390583,0.6050288279851278,3,13
num_layers,3,64,4,3,128,0.1,0.001,32,75,0.0,0.1,10,5,0.5,True,42,13,13,0.8,0.8108108108108109,0.8823529411764706,35,18.594201570842415,0.0029133567586541176,0.08323876453297478,0.38745880126953125,101570,0.0,203.11083984375,0.4209662251400225,0.6205415391560757,0.5872846424579621,5,15
num_layers,3,64,4,3,128,0.1,0.001,32,75,0.0,0.1,10,5,0.5,True,42,14,14,0.7111111111111111,0.723404255319149,0.8181818181818181,45,20.513060546014458,0.002516253851354122,0.05591675225231382,0.38745880126953125,101570,0.0,203.11083984375,0.42006076036980655,0.5973495454950766,0.5950608750184377,7,17
num_layers,3,64,4,3,128,0.1,0.001,32,75,0.0,0.1,10,5,0.5,True,42,15,15,0.8222222222222222,0.8461538461538461,0.9664031620553359,45,20.53796090511605,0.0031339828856289387,0.06964406412508753,0.38745880126953125,101570,0.0,203.11083984375,0.41016897322102025,0.6099063130942258,0.5775278886159261,7,17
num_layers,3,64,4,3,128,0.1,0.001,32,75,0.0,0.1,10,5,0.5,True,42,16,16,0.6444444444444445,0.5,0.7193675889328063,45,20.846571289934218,0.002807779237627983,0.06239509416951073,0.38745880126953125,101570,0.0,203.11083984375,0.4028154604814269,0.6049080673943866,0.6124535044034322,7,17
num_layers,3,64,4,3,128,0.1,0.001,32,75,0.0,0.1,10,5,0.5,True,42,17,17,0.5952380952380952,0.5641025641025641,0.7045454545454546,42,16.35619600210339,0.002886128146201372,0.06871733681431838,0.38745880126953125,101570,0.0,203.11083984375,0.4598784637496327,0.6272904200084282,0.6231194814046224,4,14
num_layers,3,64,4,3,128,0.1,0.001,32,75,0.0,0.1,10,5,0.5,True,42,18,18,0.4666666666666667,0.6,0.5158102766798419,45,24.470417962875217,0.0027474109083414078,0.06105357574092018,0.38745880126953125,101570,0.0,203.11083984375,0.3962766536031709,0.5887522999987458,0.5989153663317363,11,21
num_layers,3,64,4,3,128,0.1,0.001,32,75,0.0,0.1,10,5,0.5,True,42,19,19,0.6444444444444445,0.6923076923076923,0.7569169960474308,45,18.051342318300158,0.0028588282875716686,0.06352951750159264,0.38745880126953125,101570,0.0,203.11083984375,0.38693547361727915,0.5981172996036934,0.5759979625542958,8,18
num_layers,3,64,4,3,128,0.1,0.001,32,75,0.0,0.1,10,5,0.5,True,42,20,20,0.5777777777777777,0.3870967741935484,0.6027667984189724,45,15.316302319057286,0.002943896222859621,0.06541991606354713,0.38745880126953125,101570,0.0,203.11083984375,0.4580877726954041,0.6282778951254758,0.5891202131907145,4,14
num_layers,3,64,4,3,128,0.1,0.001,32,75,0.0,0.1,10,5,0.5,True,42,21,21,0.5333333333333333,0.631578947368421,0.7738095238095237,45,16.784583303146064,0.002856228034943342,0.06347173410985205,0.38745880126953125,101570,0.0,203.11083984375,0.4920240724177072,0.63367353492614,0.5974247336387635,4,14
num_layers,3,64,4,3,128,0.1,0.001,32,75,0.0,0.1,10,5,0.5,True,42,22,22,0.6222222222222222,0.6222222222222222,0.6007905138339921,45,23.501537874806672,0.002711120992898941,0.06024713317553203,0.38745880126953125,101570,0.0,203.11083984375,0.34292005137963727,0.5928052200964002,0.6093313654263814,9,19
num_layers,3,64,4,3,128,0.1,0.001,32,75,0.0,0.1,10,5,0.5,True,42,23,23,0.6136363636363636,0.7017543859649122,0.828512396694215,44,21.712367499247193,0.0031071240082383156,0.07061645473268899,0.38745880126953125,101570,0.0,203.11083984375,0.33478998573440494,0.6043600659027244,0.5919599016507466,7,17
num_layers,3,64,4,3,128,0.1,0.001,32,75,0.0,0.1,10,5,0.5,True,42,24,24,0.6111111111111112,0.5333333333333333,0.7532467532467533,18,17.599500731099397,0.0019552051089704037,0.10862250605391131,0.38745880126953125,101570,0.0,203.11083984375,0.4383461498900464,0.6090950414650422,0.6168542484442393,6,16
num_layers,3,64,4,3,128,0.1,0.001,32,75,0.0,0.1,10,5,0.5,True,42,25,25,0.6222222222222222,0.5853658536585366,0.7252964426877471,45,19.733715365175158,0.002803170122206211,0.06229266938236024,0.38745880126953125,101570,0.0,203.11083984375,0.39536562674876413,0.6080786274238066,0.5985857824484507,7,17
num_layers,3,64,4,3,128,0.1,0.001,32,75,0.0,0.1,10,5,0.5,True,42,26,26,0.6666666666666666,0.5454545454545454,0.8571428571428572,45,22.059567456599325,0.0029785558581352234,0.06619013018078274,0.38745880126953125,101570,0.0,203.11083984375,0.2977957667952234,0.5800501519080364,0.5984287063280741,8,18
num_layers,3,64,4,3,128,0.1,0.001,32,75,0.0,0.1,10,5,0.5,True,42,27,27,0.5555555555555556,0.6551724137931034,0.5889328063241107,45,18.210866946261376,0.0028431289829313755,0.06318064406514168,0.38745880126953125,101570,0.0,203.11083984375,0.45573102897315315,0.6334773162097642,0.6084104100863139,4,14
num_layers,3,64,4,3,128,0.1,0.001,32,75,0.0,0.1,10,5,0.5,True,42,28,28,0.6444444444444445,0.5555555555555556,0.683794466403162,45,15.81756492331624,0.002982886042445898,0.06628635649879773,0.38745880126953125,101570,0.0,203.11083984375,0.4124201060921857,0.6192032067161618,0.6070231080055237,5,15
num_layers,3,64,4,3,128,0.1,0.001,32,75,0.0,0.1,10,5,0.5,True,42,29,29,0.7333333333333333,0.7857142857142857,0.9683794466403162,45,23.77786875795573,0.0031700427643954754,0.0704453947643439,0.38745880126953125,101570,0.0,203.11083984375,0.3386567509309812,0.5897736434232105,0.5881798048814137,10,20
num_layers,3,64,4,3,128,0.1,0.001,32,75,0.0,0.1,10,5,0.5,True,42,30,30,0.6444444444444445,0.7037037037037037,0.6984126984126984,45,23.446462608408183,0.0027397009544074535,0.060882243431276746,0.38745880126953125,101570,0.0,203.11083984375,0.3665005741923144,0.5898606777191162,0.5921689033508301,9,19
num_layers,3,64,4,3,128,0.1,0.001,32,75,0.0,0.1,10,5,0.5,True,42,31,31,0.8444444444444444,0.8444444444444444,0.9150197628458498,45,18.97962314588949,0.002652233000844717,0.0589385111298826,0.38745880126953125,101570,0.0,203.11083984375,0.4344695917133129,0.6161835636153365,0.620146910349528,6,16
num_layers,3,64,4,3,128,0.1,0.001,32,75,0.0,0.1,10,5,0.5,True,42,32,32,0.8863636363636364,0.8979591836734694,0.9358178053830228,44,17.717917205765843,0.0033200401812791824,0.07545545866543597,0.38745880126953125,101570,0.0,203.11083984375,0.3807890782076301,0.6048723280881391,0.6048641045888264,7,17
num_layers,3,64,4,3,128,0.1,0.001,32,75,0.0,0.1,10,5,0.5,True,42,33,33,0.7111111111111111,0.6666666666666666,0.7766798418972333,45,24.758471568115056,0.002796879969537258,0.06215288821193907,0.38745880126953125,101570,0.0,203.11083984375,0.35183214317217015,0.5904774417479833,0.5955411950747173,10,20
num_layers,3,64,4,3,128,0.1,0.001,32,75,0.0,0.1,10,5,0.5,True,42,34,34,0.8,0.8163265306122449,0.8670634920634921,45,18.809367650654167,0.0030254661105573177,0.06723258023460706,0.38745880126953125,101570,0.00390625,203.11083984375,0.4096661216833375,0.6230751429543351,0.619098554054896,5,15
num_layers,3,64,4,3,128,0.1,0.001,32,75,0.0,0.1,10,5,0.5,True,42,35,35,0.7333333333333333,0.6470588235294118,0.8932806324110673,45,20.590995070058852,0.0041152359917759895,0.0914496887061331,0.38745880126953125,101570,0.0,203.11083984375,0.4372496884880644,0.6148075603625991,0.6153309484322865,6,16
num_layers,3,64,4,3,128,0.1,0.001,32,75,0.0,0.1,10,5,0.5,True,42,36,36,0.5,0.5217391304347826,0.5144628099173554,44,21.24947476107627,0.0028036399744451046,0.06371909032829784,0.38745880126953125,101570,0.0,203.11083984375,0.3594453383350011,0.5801638753125162,0.5890785257021586,9,19
num_layers,3,64,4,3,128,0.1,0.001,32,75,0.0,0.1,10,5,0.5,True,42,37,37,0.5111111111111111,0.0,0.5217391304347826,45,19.8815693622455,0.003016666043549776,0.06703702318999502,0.38745880126953125,101570,0.0,203.11083984375,0.3012789401479743,0.5838209334196467,0.5781346718470256,9,19
num_layers,3,64,4,3,128,0.1,0.001,32,75,0.0,0.1,10,5,0.5,True,42,38,38,0.6444444444444445,0.6363636363636364,0.7114624505928854,45,21.336008791811764,0.0028424086049199104,0.0631646356648869,0.38745880126953125,101570,0.0,203.11083984375,0.42697738991542294,0.6155761166503935,0.5888796985149384,7,17
num_layers,3,64,4,3,128,0.1,0.001,32,75,0.0,0.1,10,5,0.5,True,42,39,39,0.5,0.42105263157894735,0.567287784679089,44,17.202700642868876,0.0027903001755476,0.06341591308062726,0.38745880126953125,101570,0.0,203.11083984375,0.40852925700671744,0.6147348305041139,0.5943161030610402,6,16
num_layers,3,64,4,3,128,0.1,0.001,32,75,0.0,0.1,10,5,0.5,True,42,40,40,0.4444444444444444,0.4186046511627907,0.373015873015873,45,16.72691108379513,0.002811589278280735,0.062479761739571885,0.38745880126953125,101570,0.0,203.11083984375,0.5032666569406335,0.6414932321869966,0.6286234180132548,3,13
num_layers,3,64,4,3,128,0.1,0.001,32,75,0.0,0.1,10,5,0.5,True,42,41,41,0.5111111111111111,0.5416666666666666,0.6607142857142857,45,21.086300828959793,0.002815909218043089,0.06257576040095754,0.38745880126953125,101570,0.0,203.11083984375,0.3042640881330678,0.5627935982563279,0.5644908408323924,11,21
num_layers,3,64,4,3,128,0.1,0.001,32,75,0.0,0.1,10,5,0.5,True,42,42,42,0.8666666666666667,0.85,0.9367588932806324,45,16.95170093374327,0.0028412300162017345,0.063138444804483,0.38745880126953125,101570,0.0,203.11083984375,0.35983507956067723,0.5991182067629063,0.6210430045922597,7,17
num_layers,3,64,4,3,128,0.1,0.001,32,75,0.0,0.1,10,5,0.5,True,42,43,43,0.8888888888888888,0.8780487804878049,0.9683794466403163,45,17.59277195390314,0.003029396291822195,0.06731991759604879,0.38745880126953125,101570,0.0,203.11083984375,0.44012808647345414,0.6175674859321478,0.6061986883481344,5,15
num_layers,3,64,4,3,128,0.1,0.001,32,75,0.0,0.1,10,5,0.5,True,42,44,44,0.6551724137931034,0.5454545454545454,0.8666666666666667,29,23.038392938673496,0.0015629520639777184,0.05389489875785236,0.38745880126953125,101570,0.0,203.11083984375,0.34986566317578155,0.5919399649807902,0.5803070624669393,9,19
num_layers,3,64,4,3,128,0.1,0.001,32,75,0.0,0.1,10,5,0.5,True,42,45,45,0.6222222222222222,0.45161290322580644,0.7055335968379447,45,22.916799753904343,0.0030245562084019184,0.0672123601867093,0.38745880126953125,101570,0.0,203.11083984375,0.2957204134401047,0.5483157167380507,0.6175020376841227,11,21
num_layers,3,64,4,3,128,0.1,0.001,32,75,0.0,0.1,10,5,0.5,True,42,46,46,0.6,0.625,0.6363636363636362,45,19.450363234151155,0.002770179882645607,0.06155955294768015,0.38745880126953125,101570,0.0,203.11083984375,0.38215569305148994,0.5920279978802709,0.5992419401804606,8,18
num_layers,3,64,4,3,128,0.1,0.001,32,75,0.0,0.1,10,5,0.5,True,42,47,47,0.5111111111111111,0.5416666666666666,0.48611111111111116,45,27.13657737709582,0.0027190707623958588,0.06042379471990797,0.38745880126953125,101570,0.0,203.11083984375,0.2603191564593351,0.5669815808986173,0.6003939370314281,12,22
num_layers,3,64,4,3,128,0.1,0.001,32,75,0.0,0.1,10,5,0.5,True,42,48,48,0.6470588235294118,0.5714285714285714,1.0,17,21.534970383159816,0.0012659579515457153,0.07446811479680678,0.38745880126953125,101570,0.0,203.11083984375,0.35647054750444296,0.5779723816348198,0.6030249536037445,9,19
num_layers,3,64,4,3,128,0.1,0.001,32,75,0.0,0.1,10,5,0.5,True,42,49,49,0.5333333333333333,0.676923076923077,0.9407114624505928,45,19.503100770991296,0.003324100747704506,0.07386890550454457,0.38745880126953125,101570,0.0,203.11083984375,0.37830349204666686,0.5984403382648121,0.6081238349278768,8,18
num_layers,3,64,4,3,128,0.1,0.001,32,75,0.0,0.1,10,5,0.5,True,42,50,50,0.6666666666666666,0.5454545454545454,0.7450592885375494,45,23.169803297612816,0.0025405939668416977,0.056457643707593284,0.38745880126953125,101570,0.0,203.11083984375,0.40210495832743065,0.5932085620182933,0.5917671879132589,10,20
num_layers,3,64,4,3,128,0.1,0.001,32,75,0.0,0.1,10,5,0.5,True,42,51,51,0.5555555555555556,0.5454545454545454,0.6249999999999999,45,17.76931373681873,0.002497904933989048,0.05550899853308996,0.38745880126953125,101570,0.0,203.11083984375,0.3940971052330552,0.614825528679472,0.60379958152771,6,16
num_layers,3,64,4,3,128,0.1,0.001,32,75,0.0,0.1,10,5,0.5,True,42,52,52,0.8048780487804879,0.7647058823529411,0.8564593301435406,41,15.866767850704491,0.0030228160321712494,0.07372722029685974,0.38745880126953125,101570,0.0,203.11083984375,0.4643009009234833,0.6288114664229479,0.6142075002193451,6,16
num_layers,3,64,4,3,128,0.1,0.001,32,75,0.0,0.1,10,5,0.5,True,42,53,53,0.46511627906976744,0.5818181818181818,0.45238095238095233,43,24.48115702904761,0.002981525845825672,0.06933781036803889,0.38745880126953125,101570,0.0,203.11083984375,0.3027159161865711,0.5639868997263185,0.5986532111962636,10,20
num_layers,3,64,4,3,128,0.1,0.001,32,75,0.0,0.1,10,5,0.5,True,42,54,54,0.6923076923076923,0.6470588235294118,0.7989130434782609,39,17.295391644816846,0.0035936059430241585,0.09214374212882458,0.38745880126953125,101570,0.0,203.11083984375,0.4161426345958854,0.6055040896841974,0.6103273133436838,6,16
num_layers,3,64,4,3,128,0.1,0.001,32,75,0.0,0.1,10,5,0.5,True,42,55,55,0.7555555555555555,0.7441860465116279,0.8814229249011858,45,18.256037140265107,0.0037929117679595947,0.08428692817687988,0.38745880126953125,101570,0.0,203.11083984375,0.43802149898626586,0.6161201851386012,0.6037791490554809,5,15
num_layers,3,64,4,3,128,0.1,0.001,32,75,0.0,0.1,10,5,0.5,True,42,56,56,0.7727272727272727,0.7727272727272727,0.871900826446281,44,16.41827684501186,0.0030078557319939137,0.06836035754531622,0.38745880126953125,101570,0.0,203.11083984375,0.42024190983537474,0.6170006726275791,0.6194121956825256,6,16
num_layers,3,64,4,3,128,0.1,0.001,32,75,0.0,0.1,10,5,0.5,True,42,57,57,0.6444444444444445,0.6363636363636364,0.7023809523809523,45,16.269667223095894,0.0025071450509130955,0.055714334464735456,0.38745880126953125,101570,0.0,203.11083984375,0.45865559826294583,0.6248706757570758,0.5772540509700775,5,15
num_layers,3,64,4,3,128,0.1,0.001,32,75,0.0,0.1,10,5,0.5,True,42,58,58,0.6222222222222222,0.6909090909090909,0.8492063492063492,45,14.666804877109826,0.0027013118378818035,0.06002915195292897,0.38745880126953125,101570,0.0,203.11083984375,0.4828133061528206,0.6463180326602675,0.6144711573918661,3,13
num_layers,3,64,4,3,128,0.1,0.001,32,75,0.0,0.1,10,5,0.5,True,42,59,59,0.5777777777777777,0.3448275862068966,0.5138888888888888,45,20.360588520765305,0.0025075851008296013,0.05572411335176892,0.38745880126953125,101570,0.0,203.11083984375,0.3798015827708172,0.617857604767337,0.6053328454494477,7,17
num_layers,3,64,4,3,128,0.1,0.001,32,75,0.0,0.1,10,5,0.5,True,42,60,60,0.6818181818181818,0.6956521739130435,0.8057851239669421,44,20.393996514379978,0.0027928599156439304,0.06347408899190751,0.38745880126953125,101570,0.0,203.11083984375,0.3375645925601323,0.5865601617278475,0.6155055721600851,10,20
num_layers,3,64,4,3,128,0.1,0.001,32,75,0.0,0.1,10,5,0.5,True,42,61,61,0.6046511627906976,0.6530612244897959,0.7640692640692641,43,16.59139508800581,0.003124615177512169,0.07266546924446904,0.38745880126953125,101570,0.0,203.11083984375,0.4217853831748168,0.6145902402473219,0.6107973138491313,6,16
num_layers,3,64,4,3,128,0.1,0.001,32,75,0.0,0.1,10,5,0.5,True,42,62,62,0.8888888888888888,0.8837209302325582,0.9762845849802371,45,18.013513606972992,0.0029060482047498226,0.06457884899444051,0.38745880126953125,101570,0.0,203.11083984375,0.4578171720107396,0.6196424317630854,0.6164248704910278,5,15
num_layers,3,64,4,3,128,0.1,0.001,32,75,0.0,0.1,10,5,0.5,True,42,63,63,0.4186046511627907,0.1935483870967742,0.5216450216450217,43,25.657508346252143,0.0030700252391397953,0.07139593579394872,0.38745880126953125,101570,0.0,203.11083984375,0.29193679548122664,0.5532497998439905,0.6044035335381825,11,21
num_layers,3,64,4,3,128,0.1,0.001,32,75,0.0,0.1,10,5,0.5,True,42,64,64,0.6444444444444445,0.6521739130434783,0.7529644268774703,45,21.55036203796044,0.003634714987128973,0.08077144415842162,0.38745880126953125,101570,0.0,203.11083984375,0.3344926852168459,0.5886062496539318,0.6237927893797557,8,18
num_layers,3,64,4,3,128,0.1,0.001,32,75,0.0,0.1,10,5,0.5,True,42,65,65,0.7111111111111111,0.6060606060606061,0.8492063492063493,45,13.383045902010053,0.002498385962098837,0.05551968804664082,0.38745880126953125,101570,0.0,203.11083984375,0.4490651510881655,0.6349446044275255,0.6152781307697296,4,14
num_layers,3,64,4,3,128,0.1,0.001,32,75,0.0,0.1,10,5,0.5,True,42,66,66,0.6222222222222222,0.6530612244897959,0.6343873517786561,45,23.550518106669188,0.0028238086961209774,0.06275130435824394,0.38745880126953125,101570,0.0,203.11083984375,0.33305946974591777,0.571523509468093,0.6325037161509196,10,20
num_layers,3,64,4,3,128,0.1,0.001,32,75,0.0,0.1,10,5,0.5,True,42,67,67,0.5777777777777777,0.6122448979591837,0.6679841897233202,45,18.481240791268647,0.0028878087177872658,0.06417352706193924,0.38745880126953125,101570,0.0,203.11083984375,0.40850359788446716,0.6206407675688917,0.6332312305768331,5,15
num_layers,3,64,4,3,128,0.1,0.001,32,75,0.0,0.1,10,5,0.5,True,42,68,68,0.6,0.4375,0.6343873517786561,45,18.53139423392713,0.003085304982960224,0.06856233295467165,0.38745880126953125,101570,0.0,203.11083984375,0.39991711554202164,0.6220295941739371,0.6342470526695252,6,16
num_layers,3,64,4,3,128,0.1,0.001,32,75,0.0,0.1,10,5,0.5,True,42,69,69,0.4888888888888889,0.5818181818181818,0.6488095238095238,45,20.28309820825234,0.0028058593161404133,0.06235242924756474,0.38745880126953125,101570,0.0,203.11083984375,0.32331073114817793,0.5812772487600645,0.6087364395459492,9,19
num_layers,3,64,4,3,128,0.1,0.001,32,75,0.0,0.1,10,5,0.5,True,42,70,70,0.6222222222222222,0.48484848484848486,0.7470355731225297,45,24.29536041431129,0.0028956881724298,0.06434862605399555,0.38745880126953125,101570,0.0,203.11083984375,0.3812921954826875,0.5776655427885778,0.620716412862142,10,20
num_layers,3,64,4,3,128,0.1,0.001,32,75,0.0,0.1,10,5,0.5,True,42,71,71,0.8,0.7906976744186046,0.9268774703557312,45,20.071460794191808,0.0036576041020452976,0.08128009115656216,0.38745880126953125,101570,0.0,203.11083984375,0.44952055597395607,0.6165135620218335,0.6379304985205333,6,16
num_layers,3,64,4,3,128,0.1,0.001,32,75,0.0,0.1,10,5,0.5,True,42,72,72,0.7111111111111111,0.7450980392156863,0.8300395256916995,45,19.378987670876086,0.003171272575855255,0.07047272390789457,0.38745880126953125,101570,0.0,203.11083984375,0.40264458468917647,0.6118857517386928,0.6362207353115081,5,15
num_layers,3,64,4,3,128,0.1,0.001,32,75,0.0,0.1,10,5,0.5,True,42,73,73,0.6222222222222222,0.48484848484848486,0.6343873517786561,45,16.19022203423083,0.00256693409755826,0.05704297994573911,0.38745880126953125,101570,0.0,203.11083984375,0.44921345512072247,0.6203607923605226,0.6302669246991476,5,15
num_layers,3,64,4,3,128,0.1,0.001,32,75,0.0,0.1,10,5,0.5,True,42,74,74,0.4888888888888889,0.5490196078431373,0.5119047619047619,45,17.778618390206248,0.002973277121782303,0.06607282492849562,0.38745880126953125,101570,0.0,203.11083984375,0.41085797356385173,0.6151870464285215,0.6238929430643717,6,16
num_layers,3,64,4,3,128,0.1,0.001,32,75,0.0,0.1,10,5,0.5,True,42,75,75,0.7317073170731707,0.6857142857142857,0.8476190476190476,41,20.71149018406868,0.0030437959358096123,0.07423892526364909,0.38745880126953125,101570,0.0,203.11083984375,0.3657624260945754,0.5909545958945246,0.6175882399082184,8,18
num_layers,3,64,4,3,128,0.1,0.001,32,75,0.0,0.1,10,5,0.5,True,42,76,76,0.6,0.4375,0.6284584980237153,45,22.532875311095268,0.0029046479612588882,0.06454773247241974,0.38745880126953125,101570,0.0,203.11083984375,0.3895758939060298,0.6124217614079966,0.6166490852832794,8,18
num_layers,3,64,4,3,128,0.1,0.001,32,75,0.0,0.1,10,5,0.5,True,42,77,77,0.6,0.6896551724137931,0.6785714285714286,45,20.506026899907738,0.0028096199966967106,0.06243599992659357,0.38745880126953125,101570,0.0,203.11083984375,0.3337199248825059,0.578863753062306,0.6257963756720225,8,18
num_layers,3,64,4,3,128,0.1,0.001,32,75,0.0,0.1,10,5,0.5,True,42,78,78,0.6,0.5714285714285714,0.6126482213438735,45,15.90978124178946,0.0032474822364747524,0.07216627192166115,0.38745880126953125,101570,0.0,203.11083984375,0.4314641957030152,0.6100963232192126,0.6296316425005595,5,15
num_layers,3,64,4,3,128,0.1,0.001,32,75,0.0,0.1,10,5,0.5,True,42,79,79,0.65,0.65,0.7174999999999999,40,22.079478132072836,0.0027415212243795395,0.06853803060948849,0.38745880126953125,101570,0.0,203.11083984375,0.3816642565934947,0.6006128469651396,0.6185372948646546,8,18
num_layers,3,64,4,3,128,0.1,0.001,32,75,0.0,0.1,10,5,0.5,True,42,80,80,0.4888888888888889,0.43902439024390244,0.5770750988142292,45,18.71628295397386,0.003256480675190687,0.07236623722645971,0.38745880126953125,101570,0.0,203.11083984375,0.4145565600783536,0.6182896853847937,0.6258954127629598,5,15
num_layers,3,64,4,3,128,0.1,0.001,32,75,0.0,0.1,10,5,0.5,True,42,81,81,0.4888888888888889,0.0,0.7766798418972332,45,19.065400819759816,0.0029801568016409874,0.06622570670313305,0.38745880126953125,101570,0.0,203.11083984375,0.39789485096028354,0.6087750485449126,0.6384506046772003,6,16
num_layers,3,64,4,3,128,0.1,0.001,32,75,0.0,0.1,10,5,0.5,True,42,82,82,0.6888888888888889,0.75,0.7648221343873518,45,25.530734909232706,0.003104874864220619,0.06899721920490265,0.38745880126953125,101570,0.0,203.11083984375,0.34234874311721686,0.5723436431902827,0.6197365363438924,10,20
num_layers,3,64,4,3,128,0.1,0.001,32,75,0.0,0.1,10,5,0.5,True,42,83,83,0.7368421052631579,0.6875,0.8531855955678671,38,18.882993763312697,0.0027599898166954517,0.07263131096566978,0.38745880126953125,101570,0.0,203.11083984375,0.41777561819463066,0.6127883430683252,0.618284813563029,6,16
num_layers,3,64,4,3,128,0.1,0.001,32,75,0.0,0.1,10,5,0.5,True,42,84,84,0.6363636363636364,0.6521739130434783,0.7039337474120082,44,23.82670950796455,0.0027904598973691463,0.06341954312202605,0.38745880126953125,101570,0.0,203.11083984375,0.31523447788574477,0.5685002539645542,0.6220014850298564,12,22
num_layers,3,64,4,3,128,0.1,0.001,32,75,0.0,0.1,10,5,0.5,True,42,85,85,0.8636363636363636,0.8695652173913043,0.9689440993788819,44,17.40599195798859,0.0031746430322527885,0.07215097800574519,0.38745880126953125,101570,0.0,203.11083984375,0.4290919491287434,0.6211858301451711,0.6191261847813924,5,15
num_layers,3,64,4,3,128,0.1,0.001,32,75,0.0,0.1,10,5,0.5,True,42,86,86,0.6136363636363636,0.5641025641025641,0.6790890269151137,44,20.163740750402212,0.0037125926464796066,0.08437710560180925,0.38745880126953125,101570,0.0,203.11083984375,0.4070063257081942,0.608191302779949,0.6408437490463257,6,16
num_layers,3,64,4,3,128,0.1,0.001,32,75,0.0,0.1,10,5,0.5,True,42,87,87,0.6666666666666666,0.7058823529411765,0.6660079051383399,45,16.349991458002478,0.002800390124320984,0.06223089165157742,0.38745880126953125,101570,0.0,203.11083984375,0.41914150818730844,0.604913488481984,0.6250348448753357,5,15
num_layers,3,64,4,3,128,0.1,0.001,32,75,0.0,0.1,10,5,0.5,True,42,88,88,0.6181818181818182,0.5531914893617021,0.6917989417989419,55,25.243109620176256,0.0035524358972907066,0.06458974358710376,0.38745880126953125,101570,0.0,203.11083984375,0.33767280321229587,0.5709655661926125,0.6290526827176411,12,22
num_layers,3,64,4,3,128,0.1,0.001,32,75,0.0,0.1,10,5,0.5,True,42,89,89,0.5777777777777777,0.17391304347826086,0.6329365079365079,45,19.99902353575453,0.0027623698115348816,0.06138599581188626,0.38745880126953125,101570,0.0,203.11083984375,0.4083608797553814,0.6097600855159037,0.6085538407166798,7,17
num_layers,3,64,4,3,128,0.1,0.001,32,75,0.0,0.1,10,5,0.5,True,42,90,90,0.6,0.5263157894736842,0.6521739130434784,45,19.57896414399147,0.0026558618992567062,0.059019153316815696,0.38745880126953125,101570,0.0,203.11083984375,0.3801329400051724,0.6062790895953323,0.5964232126871745,7,17
num_layers,3,64,4,3,128,0.1,0.001,32,75,0.0,0.1,10,5,0.5,True,42,91,91,0.5,0.65625,0.731404958677686,44,22.654129028785974,0.002822568640112877,0.06414928727529265,0.38745880126953125,101570,0.0,203.11083984375,0.28703339431773534,0.5701900230664195,0.6115265806516011,10,20
num_layers,3,64,4,3,128,0.1,0.001,32,75,0.0,0.1,10,5,0.5,True,42,92,92,0.5178571428571429,0.5263157894736842,0.6423076923076922,56,17.010985216125846,0.003231192007660866,0.05769985727965832,0.38745880126953125,101570,0.0,203.11083984375,0.4979921021696293,0.6303661041187517,0.6405931452910105,5,15
num_layers,3,64,4,3,128,0.1,0.001,32,75,0.0,0.1,10,5,0.5,True,42,93,93,0.6222222222222222,0.6046511627906976,0.7648221343873517,45,17.091638098936528,0.0031400942243635654,0.06977987165252368,0.38745880126953125,101570,0.0,203.11083984375,0.43027583780613815,0.6109425935781363,0.6266733666261037,6,16
num_layers,3,64,4,3,128,0.1,0.001,32,75,0.0,0.1,10,5,0.5,True,42,94,94,0.8863636363636364,0.9019607843137255,0.979296066252588,44,22.07617330085486,0.002792399376630783,0.06346362219615416,0.38745880126953125,101570,0.0,203.11083984375,0.2820680397139354,0.5703025259303324,0.646531343460083,9,19
num_layers,3,64,4,3,128,0.1,0.001,32,75,0.0,0.1,10,5,0.5,True,42,95,95,0.75,0.7407407407407407,0.7604166666666666,28,18.47657132567838,0.0018603759817779064,0.06644199934921094,0.38745880126953125,101570,0.0,203.11083984375,0.3917850964900219,0.6208596816568663,0.6026932219664256,6,16
num_layers,3,64,4,3,128,0.1,0.001,32,75,0.0,0.1,10,5,0.5,True,42,96,96,0.6428571428571429,0.6341463414634146,0.6598639455782312,42,16.00739742582664,0.0026940922252833843,0.06414505298293771,0.38745880126953125,101570,0.0,203.11083984375,0.44345668387232406,0.6147236119617115,0.6164168735345205,4,14
num_layers,3,64,4,3,128,0.1,0.001,32,75,0.0,0.1,10,5,0.5,True,42,97,97,0.5227272727272727,0.3225806451612903,0.5537190082644629,44,16.92899574805051,0.002999295946210623,0.06816581695933233,0.38745880126953125,101570,0.0,203.11083984375,0.3924868636284814,0.6072377673152721,0.6243657986323039,6,16
num_layers,3,64,4,3,128,0.1,0.001,32,75,0.0,0.1,10,5,0.5,True,42,98,98,0.5111111111111111,0.6071428571428571,0.6363636363636364,45,18.701700985897332,0.0031550140120089054,0.07011142248908679,0.38745880126953125,101570,0.0,203.11083984375,0.39324996214021335,0.6015464801228407,0.6328699827194214,6,16
num_layers,3,64,4,3,128,0.1,0.001,32,75,0.0,0.1,10,5,0.5,True,42,99,99,0.5581395348837209,0.6415094339622641,0.5562770562770563,43,17.554955563973635,0.0033753588795661926,0.07849671812944635,0.38745880126953125,101570,0.0,203.11083984375,0.4480474530295892,0.6249852762980894,0.6492970923582713,4,14
num_layers,3,64,4,3,128,0.1,0.001,32,75,0.0,0.1,10,5,0.5,True,42,100,100,0.5555555555555556,0.6521739130434783,0.6172839506172839,36,21.491570551879704,0.002551344223320484,0.07087067287001346,0.38745880126953125,101570,0.0,203.11083984375,0.38537413175358914,0.5956068923979094,0.6016875863075256,9,19
num_layers,3,64,4,3,128,0.1,0.001,32,75,0.0,0.1,10,5,0.5,True,42,101,101,0.4888888888888889,0.0,0.616600790513834,45,18.608504498843104,0.002812960185110569,0.06251022633579043,0.38745880126953125,101570,0.0,203.11083984375,0.4303542331538417,0.6172255221189875,0.6382086952527364,5,15
num_layers,3,64,4,3,128,0.1,0.001,32,75,0.0,0.1,10,5,0.5,True,42,102,102,0.6222222222222222,0.6666666666666666,0.7075098814229249,45,18.321344652213156,0.0034839282743632793,0.07742062831918398,0.38745880126953125,101570,0.0,203.11083984375,0.41086569755817903,0.6086714683157025,0.6389789541562398,7,17
num_layers,3,64,4,3,128,0.1,0.001,32,75,0.0,0.1,10,5,0.5,True,42,103,103,0.6511627906976745,0.5454545454545454,0.7164502164502164,43,20.736601420212537,0.0029848460108041763,0.06941502350707386,0.38745880126953125,101570,0.0,203.11083984375,0.35571403496644716,0.5957451182784457,0.6135348320007324,8,18
num_layers,3,64,4,3,128,0.1,0.001,32,75,0.0,0.1,10,5,0.5,True,42,104,104,0.5116279069767442,0.5882352941176471,0.6666666666666666,43,24.896261593792588,0.0027627311646938324,0.064249561969624,0.38745880126953125,101570,0.0,203.11083984375,0.3467859814338612,0.57536758866274,0.6148732125759124,9,19
num_layers,3,64,4,3,128,0.1,0.001,32,75,0.0,0.1,10,5,0.5,True,42,105,105,0.5555555555555556,0.4117647058823529,0.6561264822134387,45,20.600991554092616,0.00298600597307086,0.06635568829046355,0.38745880126953125,101570,0.0,203.11083984375,0.37707533168070245,0.5865528082305734,0.6386900464693706,9,19
num_layers,3,64,4,3,128,0.1,0.001,32,75,0.0,0.1,10,5,0.5,True,42,106,106,0.6222222222222222,0.5641025641025641,0.7063492063492064,45,18.81779250316322,0.0032349913381040096,0.07188869640231133,0.38745880126953125,101570,0.0,203.11083984375,0.395555948443485,0.6036497388373722,0.6190970639387766,6,16
num_layers,3,64,4,3,128,0.1,0.001,32,75,0.0,0.1,10,5,0.5,True,42,107,107,0.5333333333333333,0.5531914893617021,0.6051587301587302,45,26.30607144534588,0.003054664935916662,0.06788144302037027,0.38745880126953125,101570,0.0,203.11083984375,0.2777386094923272,0.5207533671548872,0.6201355536778768,12,22
num_layers,3,64,4,3,128,0.1,0.001,32,75,0.0,0.1,10,5,0.5,True,42,108,108,0.8,0.7906976744186046,0.859683794466403,45,17.500250947196037,0.00298778573051095,0.0663952384557989,0.38745880126953125,101570,0.0,203.11083984375,0.4640433450765682,0.6247633919119835,0.6325726588567098,5,15
