parameter_name,parameter_value,hidden_size,num_layers,dropout_rate,bidirectional,learning_rate,batch_size,epochs,weight_decay,fold,subject,accuracy,f1_score,roc_auc,train_time_sec,inference_time_sec,inference_ms_per_sample,model_size_mb,num_parameters,train_memory_delta_mb,peak_gpu_memory_mb
bidirectional,False,64,2,0.3,False,0.001,32,20,0.0,1,1,0.5111111111111111,0.0,0.5415019762845851,11.908712633994583,0.0030666160018881783,0.06814702226418175,0.2091379165649414,54146,0.0,166.7333984375
bidirectional,False,64,2,0.3,False,0.001,32,20,0.0,2,2,0.5111111111111111,0.0,0.46936758893280633,11.908655783998256,0.003120743000181392,0.06934984444847536,0.2091379165649414,54146,0.0,166.7333984375
bidirectional,False,64,2,0.3,False,0.001,32,20,0.0,3,3,0.5111111111111111,0.0,0.5434782608695652,11.918326643994078,0.003126609997707419,0.06948022217127599,0.2091379165649414,54146,0.0,166.7333984375
bidirectional,False,64,2,0.3,False,0.001,32,20,0.0,4,4,0.5111111111111111,0.0,0.6106719367588932,11.926375147995714,0.0030627739979536273,0.0680616443989695,0.2091379165649414,54146,0.0,166.7333984375
bidirectional,False,64,2,0.3,False,0.001,32,20,0.0,5,5,0.4666666666666667,0.0,0.5,11.898056584999722,0.003078070003539324,0.06840155563420719,0.2091379165649414,54146,0.0,166.7333984375
bidirectional,False,64,2,0.3,False,0.001,32,20,0.0,6,6,0.5333333333333333,0.0,0.5337301587301587,11.907914692004852,0.0031323370058089495,0.06960748901797666,0.2091379165649414,54146,0.0,166.7333984375
bidirectional,False,64,2,0.3,False,0.001,32,20,0.0,7,7,0.5111111111111111,0.0,0.5909090909090909,11.908256007998716,0.0030849140021018684,0.06855364449115263,0.2091379165649414,54146,0.0,166.7333984375
bidirectional,False,64,2,0.3,False,0.001,32,20,0.0,8,8,0.4888888888888889,0.0,0.7193675889328064,11.908165145003295,0.0030883360013831407,0.06862968891962536,0.2091379165649414,54146,0.0,166.7333984375
bidirectional,False,64,2,0.3,False,0.001,32,20,0.0,9,9,0.5333333333333333,0.0,0.3799603174603175,11.913624123000773,0.0031113849981920794,0.06914188884871288,0.2091379165649414,54146,0.0,166.7333984375
bidirectional,False,64,2,0.3,False,0.001,32,20,0.0,10,10,0.5333333333333333,0.0,0.49404761904761907,11.918911080996622,0.003042728996661026,0.06761619992580058,0.2091379165649414,54146,0.0,166.7333984375
bidirectional,False,64,2,0.3,False,0.001,32,20,0.0,11,11,0.5111111111111111,0.0,0.449604743083004,11.91256252599851,0.003158667001116555,0.07019260002481234,0.2091379165649414,54146,0.0,166.7333984375
bidirectional,False,64,2,0.3,False,0.001,32,20,0.0,12,12,0.4666666666666667,0.0,0.5396825396825397,11.917505374003667,0.003118996995908674,0.06931104435352609,0.2091379165649414,54146,0.0,166.7333984375
bidirectional,False,64,2,0.3,False,0.001,32,20,0.0,13,13,0.5142857142857142,0.0,0.42156862745098045,11.948901726995246,0.0028222390028531663,0.08063540008151904,0.2091379165649414,54146,0.0,166.7333984375
bidirectional,False,64,2,0.3,False,0.001,32,20,0.0,14,14,0.4888888888888889,0.0,0.6304347826086957,11.936908905001474,0.0031427440044353716,0.06983875565411937,0.2091379165649414,54146,0.0,166.7333984375
bidirectional,False,64,2,0.3,False,0.001,32,20,0.0,15,15,0.5111111111111111,0.0,0.4841897233201581,11.916938187998312,0.0032347250016755424,0.07188277781501205,0.2091379165649414,54146,0.0,166.7333984375
bidirectional,False,64,2,0.3,False,0.001,32,20,0.0,16,16,0.4888888888888889,0.0,0.5118577075098815,11.910780721002084,0.0030743679963052273,0.06831928880678283,0.2091379165649414,54146,0.0,166.7333984375
bidirectional,False,64,2,0.3,False,0.001,32,20,0.0,17,17,0.5238095238095238,0.0,0.4738636363636364,11.912559663003776,0.0030680120034958236,0.07304790484513865,0.2091379165649414,54146,0.0,166.7333984375
bidirectional,False,64,2,0.3,False,0.001,32,20,0.0,18,18,0.4888888888888889,0.0,0.4525691699604743,11.922576589997334,0.003127447998849675,0.06949884441888167,0.2091379165649414,54146,0.0,166.7333984375
bidirectional,False,64,2,0.3,False,0.001,32,20,0.0,19,19,0.5111111111111111,0.0,0.43675889328063233,11.91445035200013,0.0031708200040156953,0.07046266675590435,0.2091379165649414,54146,0.0,166.7333984375
bidirectional,False,64,2,0.3,False,0.001,32,20,0.0,20,20,0.5111111111111111,0.0,0.4189723320158103,11.916392792998522,0.0030773719990975223,0.06838604442438938,0.2091379165649414,54146,0.0,166.7333984375
bidirectional,False,64,2,0.3,False,0.001,32,20,0.0,21,21,0.5333333333333333,0.0,0.4255952380952381,11.915073898999253,0.003200921004463453,0.07113157787696563,0.2091379165649414,54146,0.0,166.7333984375
bidirectional,False,64,2,0.3,False,0.001,32,20,0.0,22,22,0.4888888888888889,0.0,0.5316205533596838,11.895841272002144,0.0030615869982284494,0.06803526662729888,0.2091379165649414,54146,0.0,166.7333984375
bidirectional,False,64,2,0.3,False,0.001,32,20,0.0,23,23,0.5,0.0,0.5103305785123966,11.90338258400152,0.0030396559959626757,0.06908309081733355,0.2091379165649414,54146,0.0,166.7333984375
bidirectional,False,64,2,0.3,False,0.001,32,20,0.0,24,24,0.3888888888888889,0.0,0.6103896103896105,11.95955274899461,0.001573956003994681,0.08744200022192672,0.2091379165649414,54146,0.0,166.7333984375
bidirectional,False,64,2,0.3,False,0.001,32,20,0.0,25,25,0.5111111111111111,0.6764705882352942,0.4209486166007905,11.914971372003492,0.0031023749979794957,0.06894166662176657,0.2091379165649414,54146,0.0,166.7333984375
bidirectional,False,64,2,0.3,False,0.001,32,20,0.0,26,26,0.4666666666666667,0.6363636363636364,0.5,11.913518731002114,0.0030762539972783998,0.06836119993952,0.2091379165649414,54146,0.0,166.7333984375
bidirectional,False,64,2,0.3,False,0.001,32,20,0.0,27,27,0.5111111111111111,0.0,0.5266798418972332,11.909515956001997,0.0030708060003235005,0.06824013334052223,0.2091379165649414,54146,0.0,166.7333984375
bidirectional,False,64,2,0.3,False,0.001,32,20,0.0,28,28,0.4888888888888889,0.0,0.5741106719367589,11.921764958002314,0.0030716440014657564,0.06825875558812793,0.2091379165649414,54146,0.0,166.7333984375
bidirectional,False,64,2,0.3,False,0.001,32,20,0.0,29,29,0.5111111111111111,0.0,0.6600790513833993,11.909194753003248,0.00323283900070237,0.07184086668227489,0.2091379165649414,54146,0.0,166.7333984375
bidirectional,False,64,2,0.3,False,0.001,32,20,0.0,30,30,0.5333333333333333,0.0,0.5287698412698413,11.907231918004982,0.0030955999973230064,0.06879111105162236,0.2091379165649414,54146,0.0,166.7333984375
bidirectional,False,64,2,0.3,False,0.001,32,20,0.0,31,31,0.4888888888888889,0.0,0.508893280632411,11.925908046003315,0.0031507749954471365,0.07001722212104747,0.2091379165649414,54146,0.0,166.7333984375
bidirectional,False,64,2,0.3,False,0.001,32,20,0.0,32,32,0.4772727272727273,0.0,0.47515527950310565,11.906114167999476,0.003073040999879595,0.06984184090635444,0.2091379165649414,54146,0.0,166.7333984375
bidirectional,False,64,2,0.3,False,0.001,32,20,0.0,33,33,0.4888888888888889,0.6567164179104478,0.44664031620553357,11.91818926599808,0.00315650300035486,0.07014451111899689,0.2091379165649414,54146,0.0,166.7333984375
bidirectional,False,64,2,0.3,False,0.001,32,20,0.0,34,34,0.4666666666666667,0.0,0.5843253968253969,11.914277912001126,0.0031041210022522137,0.06898046671671586,0.2091379165649414,54146,0.0,166.7333984375
bidirectional,False,64,2,0.3,False,0.001,32,20,0.0,35,35,0.4888888888888889,0.0,0.3893280632411067,11.924555908000912,0.0031138990016188473,0.06919775559152995,0.2091379165649414,54146,0.0,166.7333984375
bidirectional,False,64,2,0.3,False,0.001,32,20,0.0,36,36,0.5,0.0,0.4607438016528925,11.914371639999445,0.003062285002670251,0.06959738642432389,0.2091379165649414,54146,0.0,166.7333984375
bidirectional,False,64,2,0.3,False,0.001,32,20,0.0,37,37,0.5111111111111111,0.0,0.391304347826087,11.913268766998954,0.0031623689937987365,0.07027486652886082,0.2091379165649414,54146,0.0,166.7333984375
bidirectional,False,64,2,0.3,False,0.001,32,20,0.0,38,38,0.5111111111111111,0.0,0.34189723320158094,11.919503968005301,0.0030617270022048615,0.0680383778267747,0.2091379165649414,54146,0.0,166.7333984375
bidirectional,False,64,2,0.3,False,0.001,32,20,0.0,39,39,0.5227272727272727,0.0,0.453416149068323,11.918002857004467,0.003103911003563553,0.07054343189917167,0.2091379165649414,54146,0.0,166.7333984375
bidirectional,False,64,2,0.3,False,0.001,32,20,0.0,40,40,0.4666666666666667,0.0,0.4216269841269842,11.91179580300377,0.003070667000429239,0.06823704445398308,0.2091379165649414,54146,0.0,166.7333984375
bidirectional,False,64,2,0.3,False,0.001,32,20,0.0,41,41,0.5333333333333333,0.0,0.5,11.905647485000372,0.003078488000028301,0.06841084444507337,0.2091379165649414,54146,0.0,166.7333984375
bidirectional,False,64,2,0.3,False,0.001,32,20,0.0,42,42,0.4888888888888889,0.0,0.5108695652173912,11.907040901001892,0.0030678729963256046,0.06817495547390233,0.2091379165649414,54146,0.0,166.7333984375
bidirectional,False,64,2,0.3,False,0.001,32,20,0.0,43,43,0.5111111111111111,0.0,0.6521739130434782,11.924146495002788,0.0030835869984002784,0.06852415552000618,0.2091379165649414,54146,0.0,166.7333984375
bidirectional,False,64,2,0.3,False,0.001,32,20,0.0,44,44,0.5172413793103449,0.6818181818181818,0.4809523809523809,11.931120133005606,0.0017762880015652627,0.06125131039880216,0.2091379165649414,54146,0.0,166.7333984375
bidirectional,False,64,2,0.3,False,0.001,32,20,0.0,45,45,0.5111111111111111,0.0,0.6185770750988142,11.910196285003622,0.003073949003010057,0.06830997784466794,0.2091379165649414,54146,0.0,166.7333984375
bidirectional,False,64,2,0.3,False,0.001,32,20,0.0,46,46,0.5111111111111111,0.0,0.5464426877470356,11.929095068997412,0.003159365995088592,0.07020813322419094,0.2091379165649414,54146,0.0,166.7333984375
bidirectional,False,64,2,0.3,False,0.001,32,20,0.0,47,47,0.5333333333333333,0.0,0.5634920634920635,11.992538073995092,0.003335715999128297,0.07412702220285104,0.2091379165649414,54146,0.0,166.7333984375
bidirectional,False,64,2,0.3,False,0.001,32,20,0.0,48,48,0.4117647058823529,0.0,0.5499999999999999,12.01742244399793,0.0014954540019971319,0.08796788247041952,0.2091379165649414,54146,0.0,166.7333984375
bidirectional,False,64,2,0.3,False,0.001,32,20,0.0,49,49,0.5111111111111111,0.0,0.4960474308300395,11.978302768999129,0.0031227680010488257,0.06939484446775168,0.2091379165649414,54146,0.0,166.7333984375
bidirectional,False,64,2,0.3,False,0.001,32,20,0.0,50,50,0.5111111111111111,0.0,0.3942687747035573,11.943477042004815,0.0030525769980158657,0.06783504440035257,0.2091379165649414,54146,0.0,166.7333984375
bidirectional,False,64,2,0.3,False,0.001,32,20,0.0,51,51,0.5333333333333333,0.0,0.5,11.93598643400037,0.003094692001468502,0.06877093336596672,0.2091379165649414,54146,0.0,166.7333984375
bidirectional,False,64,2,0.3,False,0.001,32,20,0.0,52,52,0.5365853658536586,0.0,0.5311004784688994,11.939096073001565,0.0029835039968020283,0.07276839016590313,0.2091379165649414,54146,0.0,166.7333984375
bidirectional,False,64,2,0.3,False,0.001,32,20,0.0,53,53,0.4883720930232558,0.0,0.38852813852813856,11.932870579999872,0.003051460000278894,0.07096418605299754,0.2091379165649414,54146,0.0,166.7333984375
bidirectional,False,64,2,0.3,False,0.001,32,20,0.0,54,54,0.5897435897435898,0.0,0.4972826086956522,11.940012605999073,0.002967719003208913,0.07609535905663879,0.2091379165649414,54146,0.0,166.7333984375
bidirectional,False,64,2,0.3,False,0.001,32,20,0.0,55,55,0.5111111111111111,0.0,0.4772727272727273,11.925471463997383,0.0030942040029913187,0.06876008895536263,0.2091379165649414,54146,0.0,166.7333984375
bidirectional,False,64,2,0.3,False,0.001,32,20,0.0,56,56,0.5,0.0,0.5743801652892562,11.940880531001312,0.0030631240006187,0.0696164545595159,0.2091379165649414,54146,0.0,166.7333984375
bidirectional,False,64,2,0.3,False,0.001,32,20,0.0,57,57,0.5333333333333333,0.0,0.5089285714285714,11.942035086998658,0.003099790003034286,0.06888422228965081,0.2091379165649414,54146,0.0,166.7333984375
bidirectional,False,64,2,0.3,False,0.001,32,20,0.0,58,58,0.5333333333333333,0.0,0.5952380952380953,11.915972066002723,0.0030955999973230064,0.06879111105162236,0.2091379165649414,54146,0.0,166.7333984375
bidirectional,False,64,2,0.3,False,0.001,32,20,0.0,59,59,0.5333333333333333,0.0,0.5476190476190477,11.935140649999084,0.003099230998486746,0.06887179996637215,0.2091379165649414,54146,0.0,166.7333984375
bidirectional,False,64,2,0.3,False,0.001,32,20,0.0,60,60,0.5,0.0,0.4855371900826446,11.93618799700198,0.003147352996165864,0.07153074991286054,0.2091379165649414,54146,0.0,166.7333984375
bidirectional,False,64,2,0.3,False,0.001,32,20,0.0,61,61,0.4883720930232558,0.0,0.5367965367965367,11.936109725997085,0.0030334409966599196,0.07054513945720743,0.2091379165649414,54146,0.0,166.7333984375
bidirectional,False,64,2,0.3,False,0.001,32,20,0.0,62,62,0.5111111111111111,0.0,0.47529644268774707,11.916065420002269,0.0030857520032441244,0.06857226673875831,0.2091379165649414,54146,0.0,166.7333984375
bidirectional,False,64,2,0.3,False,0.001,32,20,0.0,63,63,0.4883720930232558,0.0,0.5183982683982684,11.912672783000744,0.0030370019958354533,0.07062795339152217,0.2091379165649414,54146,0.0,166.7333984375
bidirectional,False,64,2,0.3,False,0.001,32,20,0.0,64,64,0.5111111111111111,0.0,0.3468379446640316,11.924738380002964,0.0031475619980483316,0.06994582217885181,0.2091379165649414,54146,0.0,166.7333984375
bidirectional,False,64,2,0.3,False,0.001,32,20,0.0,65,65,0.5333333333333333,0.0,0.4107142857142857,11.950268087995937,0.0031412769967573695,0.06980615548349711,0.2091379165649414,54146,0.0,166.7333984375
bidirectional,False,64,2,0.3,False,0.001,32,20,0.0,66,66,0.4888888888888889,0.0,0.5612648221343874,11.91907106400322,0.0030641009943792596,0.068091133208428,0.2091379165649414,54146,0.0,166.7333984375
bidirectional,False,64,2,0.3,False,0.001,32,20,0.0,67,67,0.4888888888888889,0.0,0.4980237154150198,11.926924359999248,0.0030987420032033697,0.06886093340451933,0.2091379165649414,54146,0.0,166.7333984375
bidirectional,False,64,2,0.3,False,0.001,32,20,0.0,68,68,0.4888888888888889,0.0,0.48913043478260865,11.922066651000932,0.0031015360000310466,0.06892302222291213,0.2091379165649414,54146,0.0,166.7333984375
bidirectional,False,64,2,0.3,False,0.001,32,20,0.0,69,69,0.5333333333333333,0.0,0.5079365079365079,11.933680091002316,0.0030798849984421395,0.06844188885426976,0.2091379165649414,54146,0.0,166.7333984375
bidirectional,False,64,2,0.3,False,0.001,32,20,0.0,70,70,0.4888888888888889,0.0,0.5454545454545454,11.939673777997086,0.0031342229995061643,0.06964939998902588,0.2091379165649414,54146,0.0,166.7333984375
bidirectional,False,64,2,0.3,False,0.001,32,20,0.0,71,71,0.4888888888888889,0.0,0.5059288537549407,11.930456959998992,0.0030430090046138503,0.06762242232475224,0.2091379165649414,54146,0.0,166.7333984375
bidirectional,False,64,2,0.3,False,0.001,32,20,0.0,72,72,0.4888888888888889,0.0,0.46047430830039526,11.931468618997314,0.003123816000879742,0.06941813335288316,0.2091379165649414,54146,0.0,166.7333984375
bidirectional,False,64,2,0.3,False,0.001,32,20,0.0,73,73,0.5111111111111111,0.0,0.5652173913043479,11.950476704005268,0.0031036310028866865,0.06896957784192637,0.2091379165649414,54146,0.0,166.7333984375
bidirectional,False,64,2,0.3,False,0.001,32,20,0.0,74,74,0.5333333333333333,0.0,0.3482142857142857,11.929888168000616,0.0031351299985544756,0.06966955552343279,0.2091379165649414,54146,0.0,166.7333984375
bidirectional,False,64,2,0.3,False,0.001,32,20,0.0,75,75,0.5121951219512195,0.0,0.5892857142857143,12.022611733002122,0.003082609000557568,0.07518558537945287,0.2091379165649414,54146,0.0,166.7333984375
bidirectional,False,64,2,0.3,False,0.001,32,20,0.0,76,76,0.5111111111111111,0.0,0.5385375494071146,11.976932235003915,0.003051389998290688,0.06780866662868196,0.2091379165649414,54146,0.0,166.7333984375
bidirectional,False,64,2,0.3,False,0.001,32,20,0.0,77,77,0.4666666666666667,0.0,0.38888888888888884,11.924810108001111,0.0030852630006847903,0.06856140001521756,0.2091379165649414,54146,0.0,166.7333984375
bidirectional,False,64,2,0.3,False,0.001,32,20,0.0,78,78,0.5111111111111111,0.0,0.525691699604743,11.927912761995685,0.003121092995570507,0.06935762212378904,0.2091379165649414,54146,0.0,166.7333984375
bidirectional,False,64,2,0.3,False,0.001,32,20,0.0,79,79,0.5,0.0,0.48125,11.92679054299515,0.0032251560041913763,0.0806289001047844,0.2091379165649414,54146,0.0,166.7333984375
bidirectional,False,64,2,0.3,False,0.001,32,20,0.0,80,80,0.5111111111111111,0.0,0.46442687747035577,11.914297094997892,0.003178013001161162,0.07062251113691471,0.2091379165649414,54146,0.0,166.7333984375
bidirectional,False,64,2,0.3,False,0.001,32,20,0.0,81,81,0.4888888888888889,0.0,0.5760869565217391,11.948387805001403,0.0030542540043825284,0.06787231120850064,0.2091379165649414,54146,0.0,166.7333984375
bidirectional,False,64,2,0.3,False,0.001,32,20,0.0,82,82,0.5111111111111111,0.0,0.5978260869565218,11.945765732998552,0.0031209529988700524,0.06935451108600117,0.2091379165649414,54146,0.0,166.7333984375
bidirectional,False,64,2,0.3,False,0.001,32,20,0.0,83,83,0.5,0.0,0.425207756232687,11.953607085997646,0.002965204999782145,0.07803171052058276,0.2091379165649414,54146,0.0,166.7333984375
bidirectional,False,64,2,0.3,False,0.001,32,20,0.0,84,84,0.5227272727272727,0.0,0.5072463768115942,11.941816455997468,0.00303651399735827,0.0690116817581425,0.2091379165649414,54146,0.0,166.7333984375
bidirectional,False,64,2,0.3,False,0.001,32,20,0.0,85,85,0.5227272727272727,0.0,0.4720496894409938,11.936825627999497,0.003058094996958971,0.0695021590217948,0.2091379165649414,54146,0.0,166.7333984375
bidirectional,False,64,2,0.3,False,0.001,32,20,0.0,86,86,0.4772727272727273,0.0,0.468944099378882,11.940545334997296,0.003037351998500526,0.06903072723864831,0.2091379165649414,54146,0.0,166.7333984375
bidirectional,False,64,2,0.3,False,0.001,32,20,0.0,87,87,0.5111111111111111,0.6764705882352942,0.5731225296442688,11.953943862994493,0.0031509850014117546,0.0700218889202612,0.2091379165649414,54146,0.0,166.7333984375
bidirectional,False,64,2,0.3,False,0.001,32,20,0.0,88,88,0.4909090909090909,0.0,0.5178571428571429,11.906337009997515,0.0033626749936956912,0.06113954533992166,0.2091379165649414,54146,0.0,166.7333984375
bidirectional,False,64,2,0.3,False,0.001,32,20,0.0,89,89,0.5333333333333333,0.0,0.5,11.927372115998878,0.003101256996160373,0.06891682213689718,0.2091379165649414,54146,0.0,166.7333984375
bidirectional,False,64,2,0.3,False,0.001,32,20,0.0,90,90,0.4888888888888889,0.0,0.650197628458498,11.930667812004685,0.0031097780010895804,0.06910617780199067,0.2091379165649414,54146,0.0,166.7333984375
bidirectional,False,64,2,0.3,False,0.001,32,20,0.0,91,91,0.5,0.0,0.5847107438016529,11.966745732999698,0.003122209003777243,0.07095929554039189,0.2091379165649414,54146,0.0,166.7333984375
bidirectional,False,64,2,0.3,False,0.001,32,20,0.0,92,92,0.4642857142857143,0.0,0.5455128205128206,11.975958848997834,0.0035857500042766333,0.06403125007636845,0.2091379165649414,54146,0.0,166.7333984375
bidirectional,False,64,2,0.3,False,0.001,32,20,0.0,93,93,0.5111111111111111,0.0,0.4683794466403163,11.940194798997254,0.0031626480049453676,0.07028106677656373,0.2091379165649414,54146,0.0,166.7333984375
bidirectional,False,64,2,0.3,False,0.001,32,20,0.0,94,94,0.4772727272727273,0.0,0.4451345755693582,11.958438185996783,0.0031069140022736974,0.07061168186985675,0.2091379165649414,54146,0.0,166.7333984375
bidirectional,False,64,2,0.3,False,0.001,32,20,0.0,95,95,0.42857142857142855,0.6,0.5156250000000001,11.972566700998868,0.0017482109979027882,0.06243610706795672,0.2091379165649414,54146,0.0,166.7333984375
bidirectional,False,64,2,0.3,False,0.001,32,20,0.0,96,96,0.5,0.6666666666666666,0.41723356009070295,11.9426106969986,0.0030772319951211102,0.07326742845526453,0.2091379165649414,54146,0.0,166.7333984375
bidirectional,False,64,2,0.3,False,0.001,32,20,0.0,97,97,0.5,0.0,0.4163223140495868,11.938280223999755,0.0030326720006996766,0.06892436365226537,0.2091379165649414,54146,0.0,166.7333984375
bidirectional,False,64,2,0.3,False,0.001,32,20,0.0,98,98,0.5111111111111111,0.0,0.5849802371541503,11.928991259002942,0.0031699809987912886,0.07044402219536197,0.2091379165649414,54146,0.0,166.7333984375
bidirectional,False,64,2,0.3,False,0.001,32,20,0.0,99,99,0.4883720930232558,0.0,0.39718614718614714,11.954759965999983,0.0030264570013969205,0.07038272096271908,0.2091379165649414,54146,0.0,166.7333984375
bidirectional,False,64,2,0.3,False,0.001,32,20,0.0,100,100,0.5,0.0,0.45524691358024694,11.94406208100554,0.002885515998059418,0.08015322216831716,0.2091379165649414,54146,0.0,166.7333984375
bidirectional,False,64,2,0.3,False,0.001,32,20,0.0,101,101,0.4888888888888889,0.0,0.458498023715415,11.946833125999547,0.003127866999420803,0.06950815554268451,0.2091379165649414,54146,0.0,166.7333984375
bidirectional,False,64,2,0.3,False,0.001,32,20,0.0,102,102,0.5111111111111111,0.6764705882352942,0.5,11.943100568001682,0.0031120130006456748,0.06915584445879276,0.2091379165649414,54146,0.0,166.7333984375
bidirectional,False,64,2,0.3,False,0.001,32,20,0.0,103,103,0.5116279069767442,0.0,0.5876623376623377,11.955967600995791,0.0031292639978346415,0.07277358134499166,0.2091379165649414,54146,0.0,166.7333984375
bidirectional,False,64,2,0.3,False,0.001,32,20,0.0,104,104,0.5116279069767442,0.0,0.5757575757575757,11.931250084002386,0.0030452440041699447,0.0708196280039522,0.2091379165649414,54146,0.0,166.7333984375
bidirectional,False,64,2,0.3,False,0.001,32,20,0.0,105,105,0.5111111111111111,0.0,0.3438735177865613,11.929289553998387,0.003133733000140637,0.06963851111423638,0.2091379165649414,54146,0.0,166.7333984375
bidirectional,False,64,2,0.3,False,0.001,32,20,0.0,106,106,0.5333333333333333,0.0,0.556547619047619,11.93835334799951,0.003160970998578705,0.07024379996841566,0.2091379165649414,54146,0.0,166.7333984375
bidirectional,False,64,2,0.3,False,0.001,32,20,0.0,107,107,0.5333333333333333,0.0,0.5416666666666666,11.928283901004761,0.0030684320008731447,0.068187377797181,0.2091379165649414,54146,0.0,166.7333984375
bidirectional,False,64,2,0.3,False,0.001,32,20,0.0,108,108,0.4888888888888889,0.0,0.3913043478260869,11.921340086002601,0.0030935049944673665,0.06874455543260814,0.2091379165649414,54146,0.0,166.7333984375
bidirectional,True,64,2,0.3,True,0.001,32,20,0.0,1,1,0.5111111111111111,0.0,0.5405138339920948,24.587837928003864,0.0054837720017530955,0.12186160003895768,0.5414133071899414,141058,0.984375,288.6806640625
bidirectional,True,64,2,0.3,True,0.001,32,20,0.0,2,2,0.5111111111111111,0.0,0.47430830039525695,24.584771870999248,0.005475670004670974,0.12168155565935497,0.5414133071899414,141058,0.0,288.6806640625
bidirectional,True,64,2,0.3,True,0.001,32,20,0.0,3,3,0.5111111111111111,0.0,0.5187747035573124,24.589894631004427,0.0054931999984546565,0.12207111107677014,0.5414133071899414,141058,0.0,288.6806640625
bidirectional,True,64,2,0.3,True,0.001,32,20,0.0,4,4,0.5111111111111111,0.0,0.5217391304347826,24.56347821100644,0.005435022001620382,0.12077826670267515,0.5414133071899414,141058,0.00390625,288.6806640625
bidirectional,True,64,2,0.3,True,0.001,32,20,0.0,5,5,0.4666666666666667,0.0,0.4890873015873016,24.568353382004716,0.005424964998383075,0.12055477774184611,0.5414133071899414,141058,0.0,288.6806640625
bidirectional,True,64,2,0.3,True,0.001,32,20,0.0,6,6,0.5333333333333333,0.0,0.5684523809523809,24.584180101999664,0.0054401910019805655,0.12089313337734589,0.5414133071899414,141058,0.0,288.6806640625
bidirectional,True,64,2,0.3,True,0.001,32,20,0.0,7,7,0.5111111111111111,0.0,0.6027667984189723,24.581535609999264,0.005428037999081425,0.12062306664625388,0.5414133071899414,141058,0.0,288.6806640625
bidirectional,True,64,2,0.3,True,0.001,32,20,0.0,8,8,0.4888888888888889,0.0,0.4733201581027668,24.58323283700156,0.005447105002531316,0.12104677783402924,0.5414133071899414,141058,0.0,288.6806640625
bidirectional,True,64,2,0.3,True,0.001,32,20,0.0,9,9,0.5333333333333333,0.0,0.4265873015873015,24.557136084004014,0.0054355109969037585,0.12078913326452796,0.5414133071899414,141058,0.0,288.6806640625
bidirectional,True,64,2,0.3,True,0.001,32,20,0.0,10,10,0.5333333333333333,0.0,0.5,24.566873292998935,0.0054259429962257855,0.12057651102723968,0.5414133071899414,141058,0.0,288.6806640625
bidirectional,True,64,2,0.3,True,0.001,32,20,0.0,11,11,0.4888888888888889,0.6567164179104478,0.43280632411067194,24.57836611699895,0.005543067003600299,0.12317926674667332,0.5414133071899414,141058,0.0,288.6806640625
bidirectional,True,64,2,0.3,True,0.001,32,20,0.0,12,12,0.4666666666666667,0.0,0.619047619047619,24.568088889995124,0.005515828997886274,0.1225739777308061,0.5414133071899414,141058,0.0,288.6806640625
bidirectional,True,64,2,0.3,True,0.001,32,20,0.0,13,13,0.5142857142857142,0.0,0.4509803921568628,24.61163485999714,0.005177794999326579,0.1479369999807594,0.5414133071899414,141058,0.0,288.6806640625
bidirectional,True,64,2,0.3,True,0.001,32,20,0.0,14,14,0.4888888888888889,0.0,0.5790513833992095,24.59324683000159,0.005509892995178234,0.12244206655951631,0.5414133071899414,141058,0.0,288.6806640625
bidirectional,True,64,2,0.3,True,0.001,32,20,0.0,15,15,0.5111111111111111,0.0,0.49901185770750983,24.602301544997317,0.0054110659984871745,0.12024591107749277,0.5414133071899414,141058,0.0,288.6806640625
bidirectional,True,64,2,0.3,True,0.001,32,20,0.0,16,16,0.4888888888888889,0.0,0.48221343873517786,24.603655150000122,0.00544109899783507,0.12091331106300156,0.5414133071899414,141058,0.0,288.6806640625
bidirectional,True,64,2,0.3,True,0.001,32,20,0.0,17,17,0.5238095238095238,0.0,0.5261363636363636,24.622173923002265,0.005509752998477779,0.1311845952018519,0.5414133071899414,141058,0.1171875,288.6806640625
bidirectional,True,64,2,0.3,True,0.001,32,20,0.0,18,18,0.4888888888888889,0.0,0.5642292490118577,24.588340301001153,0.005466661001264583,0.1214813555836574,0.5414133071899414,141058,0.0,288.6806640625
bidirectional,True,64,2,0.3,True,0.001,32,20,0.0,19,19,0.5111111111111111,0.0,0.5800395256916996,24.600364341997192,0.005536712000321131,0.12303804445158069,0.5414133071899414,141058,0.0,288.6806640625
bidirectional,True,64,2,0.3,True,0.001,32,20,0.0,20,20,0.5111111111111111,0.0,0.4614624505928854,24.59038610800053,0.005414279003161937,0.12031731118137638,0.5414133071899414,141058,0.0,288.6806640625
bidirectional,True,64,2,0.3,True,0.001,32,20,0.0,21,21,0.5333333333333333,0.0,0.5238095238095238,24.59488510999654,0.005461911998281721,0.12137582218403824,0.5414133071899414,141058,0.0,288.6806640625
bidirectional,True,64,2,0.3,True,0.001,32,20,0.0,22,22,0.4888888888888889,0.0,0.5039525691699605,24.578921987995273,0.005423638001957443,0.1205252889323876,0.5414133071899414,141058,0.0,288.6806640625
bidirectional,True,64,2,0.3,True,0.001,32,20,0.0,23,23,0.5,0.0,0.5299586776859504,24.596341521995782,0.0054450089955935255,0.12375020444530739,0.5414133071899414,141058,0.0,288.6806640625
bidirectional,True,64,2,0.3,True,0.001,32,20,0.0,24,24,0.3888888888888889,0.0,0.5909090909090909,24.679169126000488,0.0027505820035003126,0.1528101113055729,0.5414133071899414,141058,0.0,288.6806640625
bidirectional,True,64,2,0.3,True,0.001,32,20,0.0,25,25,0.4888888888888889,0.0,0.5484189723320159,24.581250445997284,0.005470641997817438,0.12156982217372084,0.5414133071899414,141058,0.0,288.6806640625
bidirectional,True,64,2,0.3,True,0.001,32,20,0.0,26,26,0.5333333333333333,0.0,0.4464285714285714,24.586661023997294,0.005490686002303846,0.12201524449564102,0.5414133071899414,141058,0.0,288.6806640625
bidirectional,True,64,2,0.3,True,0.001,32,20,0.0,27,27,0.5111111111111111,0.0,0.45948616600790515,24.58301856199978,0.00547874399489956,0.12174986655332355,0.5414133071899414,141058,0.0,288.6806640625
bidirectional,True,64,2,0.3,True,0.001,32,20,0.0,28,28,0.4888888888888889,0.0,0.5770750988142292,24.573379200999625,0.00551149899547454,0.12247775545498979,0.5414133071899414,141058,0.0,288.6806640625
bidirectional,True,64,2,0.3,True,0.001,32,20,0.0,29,29,0.5111111111111111,0.0,0.5276679841897233,24.56734158299514,0.005451784003525972,0.12115075563391049,0.5414133071899414,141058,0.0,288.6806640625
bidirectional,True,64,2,0.3,True,0.001,32,20,0.0,30,30,0.5333333333333333,0.0,0.4642857142857142,24.55810639700212,0.0054498980025528,0.12110884450117333,0.5414133071899414,141058,0.0,288.6806640625
bidirectional,True,64,2,0.3,True,0.001,32,20,0.0,31,31,0.4888888888888889,0.0,0.5286561264822135,24.575980740002706,0.0054493400020874105,0.12109644449083135,0.5414133071899414,141058,0.0,288.6806640625
bidirectional,True,64,2,0.3,True,0.001,32,20,0.0,32,32,0.4772727272727273,0.0,0.5320910973084887,24.577869263004686,0.005466032002004795,0.1242280000455635,0.5414133071899414,141058,0.0,288.6806640625
bidirectional,True,64,2,0.3,True,0.001,32,20,0.0,33,33,0.5111111111111111,0.0,0.4298418972332016,24.602415108005516,0.0054713400022592396,0.12158533338353865,0.5414133071899414,141058,0.0,288.6806640625
bidirectional,True,64,2,0.3,True,0.001,32,20,0.0,34,34,0.4666666666666667,0.0,0.5376984126984127,24.585442283998418,0.005441098001028877,0.1209132889117528,0.5414133071899414,141058,0.0,288.6806640625
bidirectional,True,64,2,0.3,True,0.001,32,20,0.0,35,35,0.5111111111111111,0.6764705882352942,0.4555335968379446,24.589985913997225,0.005469035000714939,0.12153411112699863,0.5414133071899414,141058,0.0,288.6806640625
bidirectional,True,64,2,0.3,True,0.001,32,20,0.0,36,36,0.5,0.0,0.36673553719008267,24.58930174299894,0.005511358998774085,0.1252581590630474,0.5414133071899414,141058,0.0,288.6806640625
bidirectional,True,64,2,0.3,True,0.001,32,20,0.0,37,37,0.5111111111111111,0.0,0.42391304347826086,24.581619349999528,0.005535314994631335,0.12300699988069633,0.5414133071899414,141058,0.0,288.6806640625
bidirectional,True,64,2,0.3,True,0.001,32,20,0.0,38,38,0.5111111111111111,0.0,0.4120553359683794,24.585624081002607,0.005507308000233024,0.12238462222740053,0.5414133071899414,141058,0.0,288.6806640625
bidirectional,True,64,2,0.3,True,0.001,32,20,0.0,39,39,0.5227272727272727,0.0,0.5186335403726708,24.590198792000592,0.00544186699698912,0.12367879538611636,0.5414133071899414,141058,0.0,288.6806640625
bidirectional,True,64,2,0.3,True,0.001,32,20,0.0,40,40,0.4666666666666667,0.0,0.4583333333333333,24.588443877000827,0.005497530000866391,0.12216733335258646,0.5414133071899414,141058,0.0,288.6806640625
bidirectional,True,64,2,0.3,True,0.001,32,20,0.0,41,41,0.5333333333333333,0.0,0.5297619047619048,24.582812947999628,0.005470502001116984,0.12156671113593297,0.5414133071899414,141058,0.0,288.6806640625
bidirectional,True,64,2,0.3,True,0.001,32,20,0.0,42,42,0.4888888888888889,0.0,0.5039525691699605,24.60456477000116,0.0055543820053571835,0.12343071123015963,0.5414133071899414,141058,0.0,288.6806640625
bidirectional,True,64,2,0.3,True,0.001,32,20,0.0,43,43,0.5111111111111111,0.0,0.44367588932806323,24.60414411200327,0.005532381997909397,0.12294182217576437,0.5414133071899414,141058,0.0,288.6806640625
bidirectional,True,64,2,0.3,True,0.001,32,20,0.0,44,44,0.4827586206896552,0.0,0.5880952380952381,24.647806786997535,0.0032009209971874952,0.11037658610991363,0.5414133071899414,141058,0.0,288.6806640625
bidirectional,True,64,2,0.3,True,0.001,32,20,0.0,45,45,0.5111111111111111,0.0,0.6086956521739131,24.573266546001832,0.005512406998605002,0.12249793330233337,0.5414133071899414,141058,0.0,288.6806640625
bidirectional,True,64,2,0.3,True,0.001,32,20,0.0,46,46,0.5111111111111111,0.0,0.5632411067193677,24.58606701800454,0.0054799999998067506,0.12177777777348335,0.5414133071899414,141058,0.0,288.6806640625
bidirectional,True,64,2,0.3,True,0.001,32,20,0.0,47,47,0.5333333333333333,0.0,0.5109126984126984,24.58682717699412,0.005506399997102562,0.12236444438005695,0.5414133071899414,141058,0.0,288.6806640625
bidirectional,True,64,2,0.3,True,0.001,32,20,0.0,48,48,0.4117647058823529,0.0,0.3642857142857143,24.674845122004626,0.0027529559956747107,0.16193858798086533,0.5414133071899414,141058,0.0,288.6806640625
bidirectional,True,64,2,0.3,True,0.001,32,20,0.0,49,49,0.5111111111111111,0.0,0.4792490118577075,24.564969289996952,0.005449410004075617,0.12109800009056926,0.5414133071899414,141058,0.0,288.6806640625
bidirectional,True,64,2,0.3,True,0.001,32,20,0.0,50,50,0.5111111111111111,0.0,0.4782608695652174,24.541703994000272,0.005401777998486068,0.12003951107746819,0.5414133071899414,141058,0.0,288.6806640625
bidirectional,True,64,2,0.3,True,0.001,32,20,0.0,51,51,0.5333333333333333,0.0,0.5267857142857142,24.528948080005648,0.0055035369950928725,0.12230082211317495,0.5414133071899414,141058,0.0,288.6806640625
bidirectional,True,64,2,0.3,True,0.001,32,20,0.0,52,52,0.4634146341463415,0.6333333333333333,0.6172248803827751,24.51327731699712,0.005423708003945649,0.1322855610718451,0.5414133071899414,141058,0.00390625,288.6806640625
bidirectional,True,64,2,0.3,True,0.001,32,20,0.0,53,53,0.4883720930232558,0.0,0.4696969696969697,24.492527444002917,0.005390742000599857,0.125366093037206,0.5414133071899414,141058,0.0,288.6806640625
bidirectional,True,64,2,0.3,True,0.001,32,20,0.0,54,54,0.5897435897435898,0.0,0.4836956521739131,24.48648905799928,0.005238137993728742,0.13431123060842928,0.5414133071899414,141058,0.0,288.6806640625
bidirectional,True,64,2,0.3,True,0.001,32,20,0.0,55,55,0.5111111111111111,0.0,0.5158102766798419,24.443673284004035,0.0054268509993562475,0.12059668887458327,0.5414133071899414,141058,0.0,288.6806640625
bidirectional,True,64,2,0.3,True,0.001,32,20,0.0,56,56,0.5,0.0,0.5371900826446281,24.54521815699991,0.005413371000031475,0.12303115909162443,0.5414133071899414,141058,0.0,288.6806640625
bidirectional,True,64,2,0.3,True,0.001,32,20,0.0,57,57,0.4666666666666667,0.6363636363636364,0.5367063492063492,24.44104597400292,0.0054139999992912635,0.12031111109536141,0.5414133071899414,141058,0.0,288.6806640625
bidirectional,True,64,2,0.3,True,0.001,32,20,0.0,58,58,0.5333333333333333,0.0,0.5357142857142857,24.441707794998365,0.005390113998146262,0.11978031106991693,0.5414133071899414,141058,0.0,288.6806640625
bidirectional,True,64,2,0.3,True,0.001,32,20,0.0,59,59,0.5333333333333333,0.0,0.564484126984127,24.423028174998763,0.005368882993934676,0.11930851097632612,0.5414133071899414,141058,0.0,288.6806640625
bidirectional,True,64,2,0.3,True,0.001,32,20,0.0,60,60,0.5,0.0,0.5330578512396694,24.416921064002963,0.005408832003013231,0.12292800006848253,0.5414133071899414,141058,0.0,288.6806640625
bidirectional,True,64,2,0.3,True,0.001,32,20,0.0,61,61,0.4883720930232558,0.0,0.5303030303030303,24.406664091002312,0.005363923002732918,0.12474239541239343,0.5414133071899414,141058,0.0,288.6806640625
bidirectional,True,64,2,0.3,True,0.001,32,20,0.0,62,62,0.5111111111111111,0.0,0.5879446640316206,24.409566369002277,0.005384316995332483,0.1196514887851663,0.5414133071899414,141058,0.0,288.6806640625
bidirectional,True,64,2,0.3,True,0.001,32,20,0.0,63,63,0.4883720930232558,0.0,0.5313852813852813,24.40191379799944,0.005444869995699264,0.1266248836209131,0.5414133071899414,141058,0.0,288.6806640625
bidirectional,True,64,2,0.3,True,0.001,32,20,0.0,64,64,0.5111111111111111,0.0,0.3458498023715415,24.38690010600112,0.005509962000360247,0.12244360000800548,0.5414133071899414,141058,0.0,288.6806640625
bidirectional,True,64,2,0.3,True,0.001,32,20,0.0,65,65,0.5333333333333333,0.0,0.36706349206349204,24.40167444999679,0.0054584190002060495,0.12129820000457887,0.5414133071899414,141058,0.0,288.6806640625
bidirectional,True,64,2,0.3,True,0.001,32,20,0.0,66,66,0.4888888888888889,0.0,0.6185770750988142,24.393467613997927,0.0054217519937083125,0.1204833776379625,0.5414133071899414,141058,0.0,288.6806640625
bidirectional,True,64,2,0.3,True,0.001,32,20,0.0,67,67,0.4888888888888889,0.0,0.5,24.38642567000352,0.0054388639982789755,0.12086364440619946,0.5414133071899414,141058,0.0,288.6806640625
bidirectional,True,64,2,0.3,True,0.001,32,20,0.0,68,68,0.5111111111111111,0.6764705882352942,0.5059288537549407,24.383144012004777,0.005419727000116836,0.12043837778037414,0.5414133071899414,141058,0.0,288.6806640625
bidirectional,True,64,2,0.3,True,0.001,32,20,0.0,69,69,0.5333333333333333,0.0,0.6706349206349207,24.366247594000015,0.005385504999139812,0.1196778888697736,0.5414133071899414,141058,0.00390625,288.6806640625
bidirectional,True,64,2,0.3,True,0.001,32,20,0.0,70,70,0.4888888888888889,0.0,0.5424901185770751,24.389570649000234,0.005388368001149502,0.11974151113665558,0.5414133071899414,141058,0.0,288.6806640625
bidirectional,True,64,2,0.3,True,0.001,32,20,0.0,71,71,0.4888888888888889,0.0,0.5237154150197628,24.387241632997757,0.005429575001471676,0.12065722225492613,0.5414133071899414,141058,0.00390625,288.6806640625
bidirectional,True,64,2,0.3,True,0.001,32,20,0.0,72,72,0.4888888888888889,0.0,0.624505928853755,24.37763076700503,0.005409251003584359,0.12020557785743019,0.5414133071899414,141058,0.0,288.6806640625
bidirectional,True,64,2,0.3,True,0.001,32,20,0.0,73,73,0.5111111111111111,0.0,0.6264822134387351,24.359401207999326,0.005405339994467795,0.12011866654372877,0.5414133071899414,141058,0.0,288.6806640625
bidirectional,True,64,2,0.3,True,0.001,32,20,0.0,74,74,0.5333333333333333,0.0,0.4186507936507936,24.36091230600141,0.005377892004617024,0.11950871121371165,0.5414133071899414,141058,0.0,288.6806640625
bidirectional,True,64,2,0.3,True,0.001,32,20,0.0,75,75,0.5121951219512195,0.0,0.6535714285714286,24.384007745997224,0.005412254002294503,0.1320061951779147,0.5414133071899414,141058,0.0,288.6806640625
bidirectional,True,64,2,0.3,True,0.001,32,20,0.0,76,76,0.5111111111111111,0.0,0.4634387351778656,24.37450108399935,0.005387950004660524,0.11973222232578944,0.5414133071899414,141058,0.0,288.6806640625
bidirectional,True,64,2,0.3,True,0.001,32,20,0.0,77,77,0.4666666666666667,0.0,0.5714285714285714,24.36305582199566,0.005354843997338321,0.11899653327418491,0.5414133071899414,141058,0.0,288.6806640625
bidirectional,True,64,2,0.3,True,0.001,32,20,0.0,78,78,0.5111111111111111,0.0,0.3537549407114624,24.37208483499853,0.005367625002691057,0.1192805556153568,0.5414133071899414,141058,0.0,288.6806640625
bidirectional,True,64,2,0.3,True,0.001,32,20,0.0,79,79,0.5,0.0,0.36125,24.370586937002372,0.005301345001498703,0.13253362503746757,0.5414133071899414,141058,0.0,288.6806640625
bidirectional,True,64,2,0.3,True,0.001,32,20,0.0,80,80,0.5111111111111111,0.0,0.46837944664031617,24.347222744996543,0.005373981002776418,0.11942180006169817,0.5414133071899414,141058,0.0,288.6806640625
bidirectional,True,64,2,0.3,True,0.001,32,20,0.0,81,81,0.4888888888888889,0.0,0.5217391304347826,24.337000203995558,0.005363364005461335,0.11918586678802967,0.5414133071899414,141058,0.0,288.6806640625
bidirectional,True,64,2,0.3,True,0.001,32,20,0.0,82,82,0.5111111111111111,0.0,0.5148221343873518,24.326059339000494,0.005366787001548801,0.11926193336775112,0.5414133071899414,141058,0.0,288.6806640625
bidirectional,True,64,2,0.3,True,0.001,32,20,0.0,83,83,0.5,0.6666666666666666,0.49168975069252074,24.363474732999748,0.00521802300499985,0.1373163948684171,0.5414133071899414,141058,0.00390625,288.6806640625
bidirectional,True,64,2,0.3,True,0.001,32,20,0.0,84,84,0.5227272727272727,0.0,0.629399585921325,24.328467766004906,0.005386832002841402,0.12242800006457731,0.5414133071899414,141058,0.0,288.6806640625
bidirectional,True,64,2,0.3,True,0.001,32,20,0.0,85,85,0.5227272727272727,0.0,0.422360248447205,24.31504660799692,0.005373141997552011,0.12211686358072754,0.5414133071899414,141058,0.0,288.6806640625
bidirectional,True,64,2,0.3,True,0.001,32,20,0.0,86,86,0.4772727272727273,0.0,0.494824016563147,24.325946265998937,0.005425384995760396,0.1233042044490999,0.5414133071899414,141058,0.0,288.6806640625
bidirectional,True,64,2,0.3,True,0.001,32,20,0.0,87,87,0.4888888888888889,0.0,0.5039525691699605,24.31705232600507,0.0053778219953528605,0.11950715545228578,0.5414133071899414,141058,0.0,288.6806640625
bidirectional,True,64,2,0.3,True,0.001,32,20,0.0,88,88,0.4909090909090909,0.0,0.43253968253968256,24.2449027679977,0.005976715998258442,0.10866756360469894,0.5414133071899414,141058,0.0,288.6806640625
bidirectional,True,64,2,0.3,True,0.001,32,20,0.0,89,89,0.5333333333333333,0.0,0.5942460317460317,24.32145431800018,0.005433067002741154,0.12073482228313677,0.5414133071899414,141058,0.0,288.6806640625
bidirectional,True,64,2,0.3,True,0.001,32,20,0.0,90,90,0.4888888888888889,0.0,0.5978260869565217,24.320782857997983,0.005365040997276083,0.11922313327280183,0.5414133071899414,141058,0.0,288.6806640625
bidirectional,True,64,2,0.3,True,0.001,32,20,0.0,91,91,0.5,0.0,0.6239669421487604,24.323703155001567,0.0053463930016732775,0.12150893185621085,0.5414133071899414,141058,0.0,288.6806640625
bidirectional,True,64,2,0.3,True,0.001,32,20,0.0,92,92,0.4642857142857143,0.0,0.6025641025641025,24.22741800199583,0.006055706995539367,0.10813762492034584,0.5414133071899414,141058,0.00390625,288.6806640625
bidirectional,True,64,2,0.3,True,0.001,32,20,0.0,93,93,0.5111111111111111,0.0,0.42292490118577075,24.32203232900065,0.005393886000092607,0.11986413333539125,0.5414133071899414,141058,0.0,288.6806640625
bidirectional,True,64,2,0.3,True,0.001,32,20,0.0,94,94,0.4772727272727273,0.0,0.468944099378882,24.316470751997258,0.005388926998421084,0.12247561360047919,0.5414133071899414,141058,0.0,288.6806640625
bidirectional,True,64,2,0.3,True,0.001,32,20,0.0,95,95,0.5714285714285714,0.0,0.42708333333333337,24.373586435001926,0.0030867999957990833,0.1102428569928244,0.5414133071899414,141058,0.0,288.6806640625
bidirectional,True,64,2,0.3,True,0.001,32,20,0.0,96,96,0.5,0.0,0.5102040816326531,24.332000854999933,0.005430133001937065,0.12928888099850155,0.5414133071899414,141058,0.0,288.6806640625
bidirectional,True,64,2,0.3,True,0.001,32,20,0.0,97,97,0.5,0.0,0.4659090909090909,24.317542126998887,0.005560109006182756,0.12636611377688084,0.5414133071899414,141058,0.0,288.6806640625
bidirectional,True,64,2,0.3,True,0.001,32,20,0.0,98,98,0.5111111111111111,0.0,0.4703557312252964,24.31277737599885,0.0053812440019100904,0.11958320004244646,0.5414133071899414,141058,0.0,288.6806640625
bidirectional,True,64,2,0.3,True,0.001,32,20,0.0,99,99,0.5116279069767442,0.676923076923077,0.46320346320346323,24.318195986998035,0.005387600001995452,0.1252930233022198,0.5414133071899414,141058,0.0,288.6806640625
bidirectional,True,64,2,0.3,True,0.001,32,20,0.0,100,100,0.5,0.0,0.44907407407407407,24.34446336300607,0.005089725003927015,0.14138125010908376,0.5414133071899414,141058,0.0,288.6806640625
bidirectional,True,64,2,0.3,True,0.001,32,20,0.0,101,101,0.4888888888888889,0.0,0.6126482213438735,24.313618760999816,0.005398705005063675,0.11997122233474834,0.5414133071899414,141058,0.0,288.6806640625
bidirectional,True,64,2,0.3,True,0.001,32,20,0.0,102,102,0.5111111111111111,0.6764705882352942,0.5217391304347826,24.289157913000963,0.005582040001172572,0.1240453333593905,0.5414133071899414,141058,0.0,288.6806640625
bidirectional,True,64,2,0.3,True,0.001,32,20,0.0,103,103,0.5116279069767442,0.0,0.6688311688311689,24.29719838500023,0.005359594004403334,0.12464172103263568,0.5414133071899414,141058,0.0,288.6806640625
bidirectional,True,64,2,0.3,True,0.001,32,20,0.0,104,104,0.5116279069767442,0.0,0.49134199134199136,24.295357632996456,0.005359173999750055,0.12463195348255943,0.5414133071899414,141058,0.0,288.6806640625
bidirectional,True,64,2,0.3,True,0.001,32,20,0.0,105,105,0.5111111111111111,0.0,0.42193675889328064,24.28605379199871,0.0053443670039996505,0.11876371119999224,0.5414133071899414,141058,0.0,288.6806640625
bidirectional,True,64,2,0.3,True,0.001,32,20,0.0,106,106,0.5333333333333333,0.0,0.49404761904761907,24.292212934000418,0.005359105001844,0.11909122226320001,0.5414133071899414,141058,0.0,288.6806640625
bidirectional,True,64,2,0.3,True,0.001,32,20,0.0,107,107,0.5333333333333333,0.0,0.48115079365079366,24.296016660999157,0.005348837003111839,0.11886304451359643,0.5414133071899414,141058,0.0,288.6806640625
bidirectional,True,64,2,0.3,True,0.001,32,20,0.0,108,108,0.4888888888888889,0.0,0.4169960474308301,24.28849099299987,0.005398773995693773,0.11997275545986164,0.5414133071899414,141058,0.0,288.6806640625
