parameter_name,parameter_value,hidden_size,num_layers,dropout_rate,bidirectional,learning_rate,batch_size,epochs,weight_decay,validation_fraction,early_stopping_patience,lr_scheduler_patience,lr_scheduler_factor,use_class_weight,seed,fold,subject,accuracy,f1_score,roc_auc,support,train_time_sec,inference_time_sec,inference_ms_per_sample,model_size_mb,num_parameters,train_memory_delta_mb,peak_gpu_memory_mb,final_train_loss,best_train_loss,best_val_loss,best_epoch,stopped_epoch
bidirectional,False,64,2,0.3,False,0.001,32,75,0.0,0.1,10,5,0.5,True,42,1,1,0.5333333333333333,0.46153846153846156,0.46245059288537554,45,3.7832657187245786,0.0017899679951369762,0.03977706655859947,0.20655059814453125,54146,0.0,187.35498046875,0.6155081350695003,0.6915976509000316,0.692747954527537,3,13
bidirectional,False,64,2,0.3,False,0.001,32,75,0.0,0.1,10,5,0.5,True,42,2,2,0.4888888888888889,0.5306122448979592,0.4644268774703557,45,3.463567272759974,0.0021385811269283295,0.04752402504285177,0.20655059814453125,54146,0.0,187.35498046875,0.6464961306615309,0.6936311599883166,0.6930282910664877,1,11
bidirectional,False,64,2,0.3,False,0.001,32,75,0.0,0.1,10,5,0.5,True,42,3,3,0.4444444444444444,0.5283018867924528,0.4051383399209486,45,3.2605478619225323,0.0021418523974716663,0.04759671994381481,0.20655059814453125,54146,0.0,187.35498046875,0.6248298845056331,0.6918182625915065,0.693161670366923,2,12
bidirectional,False,64,2,0.3,False,0.001,32,75,0.0,0.1,10,5,0.5,True,42,4,4,0.4666666666666667,0.6363636363636364,0.650197628458498,45,3.043079943396151,0.0019335350953042507,0.042967446562316686,0.20655059814453125,54146,0.0,187.35498046875,0.6427820261680719,0.693848267197609,0.6913155953089396,1,11
bidirectional,False,64,2,0.3,False,0.001,32,75,0.0,0.1,10,5,0.5,True,42,5,5,0.37777777777777777,0.3,0.380952380952381,45,4.482879061251879,0.002127062063664198,0.0472680458592044,0.20655059814453125,54146,0.0,187.35498046875,0.6071476983753118,0.6894794445146214,0.6901262919108073,4,14
bidirectional,False,64,2,0.3,False,0.001,32,75,0.0,0.1,10,5,0.5,True,42,6,6,0.5111111111111111,0.35294117647058826,0.5734126984126984,45,3.987875421065837,0.0018495861440896988,0.04110191431310442,0.20655059814453125,54146,0.0,187.35498046875,0.6090159292022387,0.6890153573317961,0.6917438586552938,4,14
bidirectional,False,64,2,0.3,False,0.001,32,75,0.0,0.1,10,5,0.5,True,42,7,7,0.6888888888888889,0.7083333333333334,0.6936758893280632,45,3.2808403843082488,0.0017891069874167442,0.03975793305370543,0.20655059814453125,54146,0.0,187.35498046875,0.614453709486759,0.6912324022163044,0.6929904580116272,3,13
bidirectional,False,64,2,0.3,False,0.001,32,75,0.0,0.1,10,5,0.5,True,42,8,8,0.4666666666666667,0.5,0.45454545454545453,45,5.299565781373531,0.001896596048027277,0.042146578845050596,0.20655059814453125,54146,0.0,187.35498046875,0.5887353171904882,0.6849591474641453,0.6904574433962504,6,16
bidirectional,False,64,2,0.3,False,0.001,32,75,0.0,0.1,10,5,0.5,True,42,9,9,0.35555555555555557,0.35555555555555557,0.3869047619047619,45,4.909097407013178,0.00232126796618104,0.051583732581800885,0.20655059814453125,54146,0.0,187.35498046875,0.6088657103704683,0.6897992631702712,0.6916704495747884,4,14
bidirectional,False,64,2,0.3,False,0.001,32,75,0.0,0.1,10,5,0.5,True,42,10,10,0.4,0.4489795918367347,0.30158730158730157,45,6.253512203227729,0.0023951358161866665,0.0532252403597037,0.20655059814453125,54146,0.0,187.35498046875,0.600147585299882,0.6894593473636743,0.6915931979815165,4,14
bidirectional,False,64,2,0.3,False,0.001,32,75,0.0,0.1,10,5,0.5,True,42,11,11,0.4444444444444444,0.1935483870967742,0.47430830039525695,45,3.5649547572247684,0.0018876958638429642,0.04194879697428809,0.20655059814453125,54146,0.0,187.35498046875,0.6491573592930129,0.6940607979442134,0.6925360321998596,1,11
bidirectional,False,64,2,0.3,False,0.001,32,75,0.0,0.1,10,5,0.5,True,42,12,12,0.4444444444444444,0.4186046511627907,0.4305555555555556,45,5.3278790740296245,0.0019255448132753372,0.042789884739451944,0.20655059814453125,54146,0.0,187.35498046875,0.5997608161785386,0.6894468023921504,0.6892309149106344,4,14
bidirectional,False,64,2,0.3,False,0.001,32,75,0.0,0.1,10,5,0.5,True,42,13,13,0.42857142857142855,0.2857142857142857,0.3790849673202614,35,5.32068230304867,0.00202396372333169,0.057827534952333996,0.20655059814453125,54146,0.0,187.35498046875,0.5873708548870954,0.6861610958973566,0.6941916346549988,6,16
bidirectional,False,64,2,0.3,False,0.001,32,75,0.0,0.1,10,5,0.5,True,42,14,14,0.4888888888888889,0.34285714285714286,0.5296442687747036,45,4.369879365898669,0.002120440825819969,0.04712090724044376,0.20655059814453125,54146,0.0,187.35498046875,0.6156697776733022,0.6901077650713198,0.6888446847597758,4,14
bidirectional,False,64,2,0.3,False,0.001,32,75,0.0,0.1,10,5,0.5,True,42,15,15,0.4666666666666667,0.5555555555555556,0.5237154150197628,45,5.8847347549162805,0.0023149577900767326,0.05144350644614961,0.20655059814453125,54146,0.0,187.35498046875,0.6265443441542712,0.6924538797501362,0.6923673073450725,2,12
bidirectional,False,64,2,0.3,False,0.001,32,75,0.0,0.1,10,5,0.5,True,42,16,16,0.5333333333333333,0.6557377049180327,0.5355731225296443,45,6.824861037079245,0.002259648870676756,0.050214419348372355,0.20655059814453125,54146,0.0,187.35498046875,0.5826699550856244,0.6883350258523767,0.6905404686927795,5,15
bidirectional,False,64,2,0.3,False,0.001,32,75,0.0,0.1,10,5,0.5,True,42,17,17,0.5476190476190477,0.6415094339622641,0.5113636363636364,42,5.239986598026007,0.002278418280184269,0.05424805429010164,0.20655059814453125,54146,0.0,187.35498046875,0.5765866373072971,0.6865812251062104,0.6903186758359273,5,15
bidirectional,False,64,2,0.3,False,0.001,32,75,0.0,0.1,10,5,0.5,True,42,18,18,0.4666666666666667,0.6129032258064516,0.4486166007905139,45,6.769555668812245,0.0021303119137883186,0.04734026475085152,0.20655059814453125,54146,0.0,187.35498046875,0.5748812165675741,0.6881803197391105,0.6901124954223633,5,15
bidirectional,False,64,2,0.3,False,0.001,32,75,0.0,0.1,10,5,0.5,True,42,19,19,0.5333333333333333,0.5333333333333333,0.5612648221343873,45,3.678865886759013,0.0021452908404171467,0.0476731297870477,0.20655059814453125,54146,0.0,187.35498046875,0.6427049731666391,0.693561283476425,0.6925568381945292,1,11
bidirectional,False,64,2,0.3,False,0.001,32,75,0.0,0.1,10,5,0.5,True,42,20,20,0.4888888888888889,0.6567164179104478,0.5177865612648221,45,4.221427737735212,0.0023674368858337402,0.05260970857408311,0.20655059814453125,54146,0.0,187.35498046875,0.629023244435137,0.6928963692802371,0.6915842294692993,2,12
bidirectional,False,64,2,0.3,False,0.001,32,75,0.0,0.1,10,5,0.5,True,42,21,21,0.4444444444444444,0.4444444444444444,0.4464285714285714,45,3.374525936320424,0.001902836374938488,0.04228525277641085,0.20655059814453125,54146,0.0,187.35498046875,0.6327794009085858,0.6924314846595129,0.6934080481529236,2,12
bidirectional,False,64,2,0.3,False,0.001,32,75,0.0,0.1,10,5,0.5,True,42,22,22,0.4666666666666667,0.5555555555555556,0.5019762845849802,45,4.379608469083905,0.0021072407253086567,0.0468275716735257,0.20655059814453125,54146,0.0,187.35498046875,0.6005279776273351,0.6903596254009189,0.6897575338681539,4,14
bidirectional,False,64,2,0.3,False,0.001,32,75,0.0,0.1,10,5,0.5,True,42,23,23,0.45454545454545453,0.5555555555555556,0.49173553719008267,44,5.206289277877659,0.0019632340408861637,0.04461895547468554,0.20655059814453125,54146,0.0,187.35498046875,0.5777783156795935,0.6859452724456787,0.6888767878214518,5,15
bidirectional,False,64,2,0.3,False,0.001,32,75,0.0,0.1,10,5,0.5,True,42,24,24,0.3333333333333333,0.4,0.2987012987012987,18,5.805779627058655,0.0011874288320541382,0.06596826844745213,0.20655059814453125,54146,0.0,187.35498046875,0.6042805177376682,0.6902201937553578,0.6906565268834431,4,14
bidirectional,False,64,2,0.3,False,0.001,32,75,0.0,0.1,10,5,0.5,True,42,25,25,0.6,0.6666666666666666,0.6146245059288538,45,7.17159968893975,0.002136650960892439,0.04748113246427642,0.20655059814453125,54146,0.0,187.35498046875,0.5398267378861253,0.6753751396229772,0.6887972871462504,8,18
bidirectional,False,64,2,0.3,False,0.001,32,75,0.0,0.1,10,5,0.5,True,42,26,26,0.4888888888888889,0.25806451612903225,0.42857142857142855,45,4.920635018032044,0.0019357050769031048,0.043015668375624545,0.20655059814453125,54146,0.0,187.35498046875,0.6211829160650572,0.6926781742861776,0.6917067249615987,3,13
bidirectional,False,64,2,0.3,False,0.001,32,75,0.0,0.1,10,5,0.5,True,42,27,27,0.4444444444444444,0.4444444444444444,0.44466403162055335,45,5.628511562012136,0.002313448116183281,0.051409958137406245,0.20655059814453125,54146,0.0,187.35498046875,0.5942827621192643,0.6898213561737176,0.6915611942609151,4,14
bidirectional,False,64,2,0.3,False,0.001,32,75,0.0,0.1,10,5,0.5,True,42,28,28,0.5333333333333333,0.5333333333333333,0.5790513833992095,45,4.809325187001377,0.0023504081182181835,0.052231291515959635,0.20655059814453125,54146,0.0,187.35498046875,0.6300466959223603,0.6914240722403382,0.6923932552337646,3,13
bidirectional,False,64,2,0.3,False,0.001,32,75,0.0,0.1,10,5,0.5,True,42,29,29,0.5111111111111111,0.5217391304347826,0.6245059288537549,45,6.22522089118138,0.0020275432616472244,0.045056516925493874,0.20655059814453125,54146,0.0,187.35498046875,0.6070752543481913,0.6918071562593634,0.6913363774617513,3,13
bidirectional,False,64,2,0.3,False,0.001,32,75,0.0,0.1,10,5,0.5,True,42,30,30,0.5333333333333333,0.2222222222222222,0.498015873015873,45,4.471400983631611,0.0017475779168307781,0.03883506481846174,0.20655059814453125,54146,0.0,187.35498046875,0.6138271608135917,0.6915334368293936,0.6920887072881062,3,13
bidirectional,False,64,2,0.3,False,0.001,32,75,0.0,0.1,10,5,0.5,True,42,31,31,0.6,0.6086956521739131,0.6403162055335969,45,4.787548412103206,0.0022909878753125668,0.050910841673612595,0.20655059814453125,54146,0.0,187.35498046875,0.60513375564055,0.6897966875271364,0.6929421385129293,4,14
bidirectional,False,64,2,0.3,False,0.001,32,75,0.0,0.1,10,5,0.5,True,42,32,32,0.5909090909090909,0.5263157894736842,0.7122153209109732,44,7.474281670060009,0.0023434972390532494,0.053261300887573845,0.20655059814453125,54146,0.0,187.35498046875,0.5897080543817896,0.6881684850562703,0.6917439858118694,5,15
bidirectional,False,64,2,0.3,False,0.001,32,75,0.0,0.1,10,5,0.5,True,42,33,33,0.5555555555555556,0.2857142857142857,0.5671936758893281,45,3.8907239949330688,0.0018922057934105396,0.04204901763134533,0.20655059814453125,54146,0.0,187.35498046875,0.6501979936252941,0.694503489317316,0.6922966917355855,1,11
bidirectional,False,64,2,0.3,False,0.001,32,75,0.0,0.1,10,5,0.5,True,42,34,34,0.6,0.47058823529411764,0.6527777777777778,45,4.7774426457472146,0.0020146332681179047,0.04476962818039788,0.20655059814453125,54146,0.0,187.35498046875,0.6616181541572917,0.6912872172666319,0.6898790915807088,3,13
bidirectional,False,64,2,0.3,False,0.001,32,75,0.0,0.1,10,5,0.5,True,42,35,35,0.5555555555555556,0.6153846153846154,0.5118577075098814,45,4.126025918405503,0.002135290764272213,0.047450905872715846,0.20655059814453125,54146,0.0,187.35498046875,0.5896304482311914,0.6885207503130941,0.6896184166272481,4,14
bidirectional,False,64,2,0.3,False,0.001,32,75,0.0,0.1,10,5,0.5,True,42,36,36,0.5681818181818182,0.6122448979591837,0.512396694214876,44,4.558580623939633,0.0018124370835721493,0.041191751899367024,0.20655059814453125,54146,0.0,187.35498046875,0.5476484946680792,0.6828499779556737,0.6871001919110616,6,16
bidirectional,False,64,2,0.3,False,0.001,32,75,0.0,0.1,10,5,0.5,True,42,37,37,0.4888888888888889,0.6349206349206349,0.4604743083003953,45,3.410846527200192,0.0019847340881824493,0.044105201959609985,0.20655059814453125,54146,0.0,187.35498046875,0.6253822301373337,0.6929364371480364,0.6904865781466166,2,12
bidirectional,False,64,2,0.3,False,0.001,32,75,0.0,0.1,10,5,0.5,True,42,38,38,0.4222222222222222,0.4583333333333333,0.383399209486166,45,3.488311762921512,0.0018191169947385788,0.04042482210530175,0.20655059814453125,54146,0.0,187.35498046875,0.6305287351662462,0.6921343875653816,0.6887325803438823,2,12
bidirectional,False,64,2,0.3,False,0.001,32,75,0.0,0.1,10,5,0.5,True,42,39,39,0.5,0.5769230769230769,0.46376811594202905,44,3.9754865379072726,0.00202049408107996,0.04592032002454455,0.20655059814453125,54146,0.0,187.35498046875,0.6252782891194025,0.6930150367093809,0.6907145420710246,2,12
bidirectional,False,64,2,0.3,False,0.001,32,75,0.0,0.1,10,5,0.5,True,42,40,40,0.6666666666666666,0.6666666666666666,0.7123015873015873,45,3.8881942508742213,0.0018263072706758976,0.040584606015019946,0.20655059814453125,54146,0.0,187.35498046875,0.6238538067449223,0.6905055475054365,0.6911774794260661,4,14
bidirectional,False,64,2,0.3,False,0.001,32,75,0.0,0.1,10,5,0.5,True,42,41,41,0.35555555555555557,0.35555555555555557,0.35317460317460314,45,3.27593577420339,0.0020059728994965553,0.044577175544367895,0.20655059814453125,54146,0.0,187.35498046875,0.6336514057986664,0.6926426160516161,0.6915236949920655,2,12
bidirectional,False,64,2,0.3,False,0.001,32,75,0.0,0.1,10,5,0.5,True,42,42,42,0.4888888888888889,0.5106382978723404,0.5355731225296443,45,3.6386738857254386,0.0032019219361245632,0.07115382080276807,0.20655059814453125,54146,0.0,187.35498046875,0.6188077059659091,0.6912471232089129,0.6914935270945232,3,13
bidirectional,False,64,2,0.3,False,0.001,32,75,0.0,0.1,10,5,0.5,True,42,43,43,0.7111111111111111,0.6829268292682927,0.7470355731225297,45,4.19060600688681,0.0019705151207745075,0.04378922490610017,0.20655059814453125,54146,0.0,187.35498046875,0.6307558223153605,0.6931620000889807,0.6928697864214579,3,13
bidirectional,False,64,2,0.3,False,0.001,32,75,0.0,0.1,10,5,0.5,True,42,44,44,0.5517241379310345,0.5517241379310345,0.5619047619047619,29,4.367555778007954,0.0011144899763166904,0.03843068883850657,0.20655059814453125,54146,0.0,187.35498046875,0.6005269636710485,0.6889776930664525,0.6946581681569417,4,14
bidirectional,False,64,2,0.3,False,0.001,32,75,0.0,0.1,10,5,0.5,True,42,45,45,0.5333333333333333,0.6037735849056604,0.5731225296442688,45,4.771145319100469,0.00222411984577775,0.049424885461727776,0.20655059814453125,54146,0.0,187.35498046875,0.6203846308318052,0.6914146705107256,0.6900314132372538,3,13
bidirectional,False,64,2,0.3,False,0.001,32,75,0.0,0.1,10,5,0.5,True,42,46,46,0.6222222222222222,0.6530612244897959,0.5790513833992095,45,6.1022176919505,0.002313088160008192,0.05140195911129316,0.20655059814453125,54146,0.0,187.35498046875,0.6140783244010174,0.691741836793495,0.6912852644920349,3,13
bidirectional,False,64,2,0.3,False,0.001,32,75,0.0,0.1,10,5,0.5,True,42,47,47,0.4666666666666667,0.6363636363636364,0.5476190476190477,45,5.4941496779210865,0.00245371600612998,0.054527022358444005,0.20655059814453125,54146,0.0,187.35498046875,0.647577569791765,0.6943266707839388,0.6948968132336935,1,11
bidirectional,False,64,2,0.3,False,0.001,32,75,0.0,0.1,10,5,0.5,True,42,48,48,0.7058823529411765,0.7368421052631579,0.7,17,6.053589622955769,0.0013429760001599789,0.07899858824470464,0.20655059814453125,54146,0.0,187.35498046875,0.5612243967396873,0.6850471106686986,0.6912959694862366,6,16
bidirectional,False,64,2,0.3,False,0.001,32,75,0.0,0.1,10,5,0.5,True,42,49,49,0.5111111111111111,0.5769230769230769,0.5019762845849802,45,5.321828143205494,0.001950443722307682,0.0433431938290596,0.20655059814453125,54146,0.0,187.35498046875,0.6162485703825951,0.6911678187774889,0.6900742093722025,3,13
bidirectional,False,64,2,0.3,False,0.001,32,75,0.0,0.1,10,5,0.5,True,42,50,50,0.37777777777777777,0.2631578947368421,0.34189723320158105,45,4.836747118737549,0.0018986458890140057,0.04219213086697791,0.20655059814453125,54146,0.0,187.35498046875,0.6103205529577804,0.6901273930614645,0.6915691733360291,4,14
bidirectional,False,64,2,0.3,False,0.001,32,75,0.0,0.1,10,5,0.5,True,42,51,51,0.4666666666666667,0.6363636363636364,0.5357142857142857,45,6.193858930375427,0.002278307918459177,0.050629064854648374,0.20655059814453125,54146,0.0,187.35498046875,0.6037527498873797,0.6900387279915087,0.688149074713389,4,14
bidirectional,False,64,2,0.3,False,0.001,32,75,0.0,0.1,10,5,0.5,True,42,52,52,0.4878048780487805,0.36363636363636365,0.5909090909090909,41,7.755512260366231,0.00209113210439682,0.05100322205845903,0.20655059814453125,54146,0.0,187.35498046875,0.5543342104012315,0.682397800413045,0.6945436278978984,6,16
bidirectional,False,64,2,0.3,False,0.001,32,75,0.0,0.1,10,5,0.5,True,42,53,53,0.32558139534883723,0.40816326530612246,0.2922077922077922,43,4.843033316079527,0.002288609277456999,0.053223471568767416,0.20655059814453125,54146,0.0,187.35498046875,0.6227671296307535,0.6924761375694564,0.6912864844004313,2,12
bidirectional,False,64,2,0.3,False,0.001,32,75,0.0,0.1,10,5,0.5,True,42,54,54,0.46153846153846156,0.46153846153846156,0.4646739130434782,39,5.9061785358935595,0.0019530239515006542,0.0500775372179655,0.20655059814453125,54146,0.0,187.35498046875,0.6408647614898104,0.6928026631022944,0.6943321386973064,2,12
bidirectional,False,64,2,0.3,False,0.001,32,75,0.0,0.1,10,5,0.5,True,42,55,55,0.4222222222222222,0.07142857142857142,0.3893280632411067,45,5.337029008194804,0.0023126881569623947,0.05139307015471988,0.20655059814453125,54146,0.0,187.35498046875,0.6358770843256604,0.6945076322916782,0.6918672323226929,1,11
bidirectional,False,64,2,0.3,False,0.001,32,75,0.0,0.1,10,5,0.5,True,42,56,56,0.6136363636363636,0.6909090909090909,0.6301652892561984,44,6.282117979135364,0.0019160457886755466,0.04354649519717152,0.20655059814453125,54146,0.0,187.35498046875,0.6299992474642667,0.6911007242672371,0.6921918789545695,3,13
bidirectional,False,64,2,0.3,False,0.001,32,75,0.0,0.1,10,5,0.5,True,42,57,57,0.4444444444444444,0.4897959183673469,0.45833333333333337,45,4.621616281103343,0.001984755042940378,0.04410566762089729,0.20655059814453125,54146,0.0,187.35498046875,0.6385124361876285,0.6908478064067436,0.6913426359494527,3,13
bidirectional,False,64,2,0.3,False,0.001,32,75,0.0,0.1,10,5,0.5,True,42,58,58,0.4888888888888889,0.5490196078431373,0.5853174603174603,45,6.462783652823418,0.0022690189070999622,0.05042264237999916,0.20655059814453125,54146,0.0,187.35498046875,0.5983293751875559,0.6887157663251414,0.6910878737767537,5,15
bidirectional,False,64,2,0.3,False,0.001,32,75,0.0,0.1,10,5,0.5,True,42,59,59,0.5777777777777777,0.5365853658536586,0.5277777777777778,45,4.012006765697151,0.002458545845001936,0.05463435211115413,0.20655059814453125,54146,0.0,187.35498046875,0.5985163714398037,0.6894705078818582,0.6908610224723816,4,14
bidirectional,False,64,2,0.3,False,0.001,32,75,0.0,0.1,10,5,0.5,True,42,60,60,0.5454545454545454,0.6296296296296297,0.4132231404958677,44,4.983761413954198,0.0020584329031407833,0.04678256598047235,0.20655059814453125,54146,0.0,187.35498046875,0.5435377844806873,0.6794073848110257,0.6897463321685791,7,17
bidirectional,False,64,2,0.3,False,0.001,32,75,0.0,0.1,10,5,0.5,True,42,61,61,0.5348837209302325,0.5238095238095238,0.5367965367965368,43,3.6978007429279387,0.0021243207156658173,0.04940280734106552,0.20655059814453125,54146,0.0,187.35498046875,0.6453101815599384,0.6943226018638322,0.6919166564941406,1,11
bidirectional,False,64,2,0.3,False,0.001,32,75,0.0,0.1,10,5,0.5,True,42,62,62,0.5777777777777777,0.6274509803921569,0.6086956521739131,45,4.136125955265015,0.002323898021131754,0.051642178247372314,0.20655059814453125,54146,0.0,187.35498046875,0.6146242817242941,0.6896734738891775,0.6918142318725586,4,14
bidirectional,False,64,2,0.3,False,0.001,32,75,0.0,0.1,10,5,0.5,True,42,63,63,0.46511627906976744,0.30303030303030304,0.4891774891774891,43,4.608741114381701,0.00242774561047554,0.05645920024361722,0.20655059814453125,54146,0.0,187.35498046875,0.6198743371800943,0.6915898237264517,0.692403503259023,3,13
bidirectional,False,64,2,0.3,False,0.001,32,75,0.0,0.1,10,5,0.5,True,42,64,64,0.5333333333333333,0.631578947368421,0.5335968379446641,45,6.154427584260702,0.0026713116094470024,0.059362480209933385,0.20655059814453125,54146,0.0,187.35498046875,0.6314393320318424,0.6929210076729456,0.6923912405967713,2,12
bidirectional,False,64,2,0.3,False,0.001,32,75,0.0,0.1,10,5,0.5,True,42,65,65,0.6222222222222222,0.6792452830188679,0.634920634920635,45,5.892699111253023,0.0020567323081195354,0.04570516240265634,0.20655059814453125,54146,0.0,187.35498046875,0.6263370992559375,0.6920928684147921,0.6915875554084778,3,13
bidirectional,False,64,2,0.3,False,0.001,32,75,0.0,0.1,10,5,0.5,True,42,66,66,0.6222222222222222,0.5853658536585366,0.6027667984189724,45,6.262435135897249,0.002244418952614069,0.04987597672475709,0.20655059814453125,54146,0.0,187.35498046875,0.623921247142734,0.6909349018877203,0.692416767279307,3,13
bidirectional,False,64,2,0.3,False,0.001,32,75,0.0,0.1,10,5,0.5,True,42,67,67,0.4888888888888889,0.5964912280701754,0.48023715415019763,45,7.98319715121761,0.001962583977729082,0.04361297728286849,0.20655059814453125,54146,0.0,187.35498046875,0.5698028032978376,0.6850648707512653,0.6917251547177633,6,16
bidirectional,False,64,2,0.3,False,0.001,32,75,0.0,0.1,10,5,0.5,True,42,68,68,0.5111111111111111,0.47619047619047616,0.5039525691699605,45,7.23483532294631,0.0022664391435682774,0.05036531430151728,0.20655059814453125,54146,0.0,187.35498046875,0.5644775791601702,0.6845561139511339,0.6938782095909118,6,16
bidirectional,False,64,2,0.3,False,0.001,32,75,0.0,0.1,10,5,0.5,True,42,69,69,0.5333333333333333,0.6037735849056604,0.5456349206349207,45,6.132580891251564,0.0024060760624706745,0.05346835694379276,0.20655059814453125,54146,0.0,187.35498046875,0.6001435057683424,0.689829684568174,0.6904318292935689,4,14
bidirectional,False,64,2,0.3,False,0.001,32,75,0.0,0.1,10,5,0.5,True,42,70,70,0.4666666666666667,0.45454545454545453,0.4762845849802371,45,6.563488107174635,0.0019729547202587128,0.0438434382279714,0.20655059814453125,54146,0.0,187.35498046875,0.5942559431899678,0.6869173808531328,0.690234919389089,5,15
bidirectional,False,64,2,0.3,False,0.001,32,75,0.0,0.1,10,5,0.5,True,42,71,71,0.6222222222222222,0.711864406779661,0.6343873517786562,45,3.779976052697748,0.0018886961042881012,0.04197102453973558,0.20655059814453125,54146,0.0,187.35498046875,0.6133843696478641,0.6902652504769239,0.6917714595794677,4,14
bidirectional,False,64,2,0.3,False,0.001,32,75,0.0,0.1,10,5,0.5,True,42,72,72,0.5333333333333333,0.5882352941176471,0.5849802371541503,45,4.018516118172556,0.0019933637231588364,0.04429697162575192,0.20655059814453125,54146,0.0,187.35498046875,0.6432249880198276,0.6898519667712125,0.6916960835456848,4,14
bidirectional,False,64,2,0.3,False,0.001,32,75,0.0,0.1,10,5,0.5,True,42,73,73,0.5111111111111111,0.08333333333333333,0.5434782608695652,45,3.7882268032990396,0.0020160330459475517,0.04480073435439004,0.20655059814453125,54146,0.0,187.35498046875,0.6243243366479874,0.69083574098168,0.6908157547314961,3,13
bidirectional,False,64,2,0.3,False,0.001,32,75,0.0,0.1,10,5,0.5,True,42,74,74,0.4666666666666667,0.4,0.38690476190476186,45,3.4339962070807815,0.0019171349704265594,0.042602999342812434,0.20655059814453125,54146,0.0,187.35498046875,0.6279564246986852,0.6925280112208743,0.6916630347569783,2,12
bidirectional,False,64,2,0.3,False,0.001,32,75,0.0,0.1,10,5,0.5,True,42,75,75,0.5853658536585366,0.6792452830188679,0.5809523809523809,41,3.028866465203464,0.002115841954946518,0.05160590134015897,0.20655059814453125,54146,0.0,187.35498046875,0.6512794070171587,0.6936699666760184,0.693406057357788,1,11
bidirectional,False,64,2,0.3,False,0.001,32,75,0.0,0.1,10,5,0.5,True,42,76,76,0.5333333333333333,0.6181818181818182,0.533596837944664,45,5.3991266009397805,0.00233518797904253,0.051893066200945116,0.20655059814453125,54146,0.0,187.35498046875,0.6191628390189373,0.6921123451355732,0.6921950181325277,3,13
bidirectional,False,64,2,0.3,False,0.001,32,75,0.0,0.1,10,5,0.5,True,42,77,77,0.4,0.4489795918367347,0.40476190476190477,45,4.87481501000002,0.0024197068996727467,0.05377126443717215,0.20655059814453125,54146,0.0,187.35498046875,0.6348170367154208,0.6917100553259705,0.6929238756497701,2,12
bidirectional,False,64,2,0.3,False,0.001,32,75,0.0,0.1,10,5,0.5,True,42,78,78,0.5777777777777777,0.6666666666666666,0.4762845849802372,45,4.95970345987007,0.0022825589403510094,0.05072353200780021,0.20655059814453125,54146,0.0,187.35498046875,0.6361311936017239,0.6932842826301401,0.6920255939165751,1,11
bidirectional,False,64,2,0.3,False,0.001,32,75,0.0,0.1,10,5,0.5,True,42,79,79,0.575,0.5853658536585366,0.45250000000000007,40,5.384629684034735,0.0022912491112947464,0.05728122778236866,0.20655059814453125,54146,0.0,187.35498046875,0.6294282137444525,0.6927764564752579,0.6922406991322835,2,12
bidirectional,False,64,2,0.3,False,0.001,32,75,0.0,0.1,10,5,0.5,True,42,80,80,0.5777777777777777,0.6545454545454545,0.699604743083004,45,5.630793749820441,0.0022585992701351643,0.050191094891892545,0.20655059814453125,54146,0.0,187.35498046875,0.6166425794363022,0.6910338239236311,0.6910173932711283,3,13
bidirectional,False,64,2,0.3,False,0.001,32,75,0.0,0.1,10,5,0.5,True,42,81,81,0.5555555555555556,0.5238095238095238,0.549407114624506,45,7.906869284808636,0.0023447670973837376,0.05210593549741639,0.20655059814453125,54146,0.0,187.35498046875,0.5461093607273969,0.6857560448574297,0.6856356581052144,6,16
bidirectional,False,64,2,0.3,False,0.001,32,75,0.0,0.1,10,5,0.5,True,42,82,82,0.5555555555555556,0.6296296296296297,0.6324110671936758,45,5.890298495069146,0.0023758867755532265,0.052797483901182815,0.20655059814453125,54146,0.0,187.35498046875,0.6211277481281396,0.6919242888689041,0.6915546298027039,3,13
bidirectional,False,64,2,0.3,False,0.001,32,75,0.0,0.1,10,5,0.5,True,42,83,83,0.5526315789473685,0.5641025641025641,0.5678670360110804,38,6.966498797759414,0.002202069852501154,0.05794920664476721,0.20655059814453125,54146,0.0,187.35498046875,0.5906722116650958,0.6851443580605767,0.6873027563095093,5,15
bidirectional,False,64,2,0.3,False,0.001,32,75,0.0,0.1,10,5,0.5,True,42,84,84,0.4772727272727273,0.5660377358490566,0.5403726708074534,44,6.611872890032828,0.002483085263520479,0.056433755989101796,0.20655059814453125,54146,0.0,187.35498046875,0.6086023325721422,0.6905378076163206,0.6926861683527629,4,14
bidirectional,False,64,2,0.3,False,0.001,32,75,0.0,0.1,10,5,0.5,True,42,85,85,0.4090909090909091,0.5185185185185185,0.5072463768115941,44,5.511221169028431,0.0026261918246746063,0.05968617783351378,0.20655059814453125,54146,0.0,187.35498046875,0.6425083126082565,0.6940871838367346,0.6939812421798706,1,11
bidirectional,False,64,2,0.3,False,0.001,32,75,0.0,0.1,10,5,0.5,True,42,86,86,0.45454545454545453,0.29411764705882354,0.463768115942029,44,5.017516521271318,0.0020634420216083527,0.04689640958200801,0.20655059814453125,54146,0.0,187.35498046875,0.6037354988582206,0.6911507230816465,0.6911110917727152,3,13
bidirectional,False,64,2,0.3,False,0.001,32,75,0.0,0.1,10,5,0.5,True,42,87,87,0.5333333333333333,0.6440677966101694,0.5316205533596838,45,4.5449707405641675,0.0021299216896295547,0.047331593102878995,0.20655059814453125,54146,0.0,187.35498046875,0.5790886034568151,0.6842336623054562,0.687026834487915,6,16
bidirectional,False,64,2,0.3,False,0.001,32,75,0.0,0.1,10,5,0.5,True,42,88,88,0.45454545454545453,0.4,0.43783068783068785,55,3.113215694669634,0.002571274060755968,0.04675043746829033,0.20655059814453125,54146,0.0,187.35498046875,0.642901752482761,0.6943060904741287,0.6934188564618429,1,11
bidirectional,False,64,2,0.3,False,0.001,32,75,0.0,0.1,10,5,0.5,True,42,89,89,0.4444444444444444,0.6153846153846154,0.4007936507936508,45,3.671015719883144,0.0021726801060140133,0.04828178013364474,0.20655059814453125,54146,0.0,187.35498046875,0.6392495763121229,0.6903589051781278,0.6936163345972697,3,13
bidirectional,False,64,2,0.3,False,0.001,32,75,0.0,0.1,10,5,0.5,True,42,90,90,0.5111111111111111,0.5,0.46245059288537554,45,5.182244894094765,0.0019424650818109512,0.04316589070691003,0.20655059814453125,54146,0.0,187.35498046875,0.5263728695836934,0.6747884605870103,0.686849315961202,8,18
bidirectional,False,64,2,0.3,False,0.001,32,75,0.0,0.1,10,5,0.5,True,42,91,91,0.6136363636363636,0.6222222222222222,0.5826446280991735,44,5.610248573124409,0.002918616868555546,0.06633220155808059,0.20655059814453125,54146,0.0,187.35498046875,0.5907096427046892,0.6894074208808668,0.6906547824541728,5,15
bidirectional,False,64,2,0.3,False,0.001,32,75,0.0,0.1,10,5,0.5,True,42,92,92,0.5714285714285714,0.625,0.5705128205128205,56,5.702573217917234,0.0025075050070881844,0.044776875126574724,0.20655059814453125,54146,0.0,187.35498046875,0.6523265495444789,0.6941815546967767,0.6941904624303182,1,11
bidirectional,False,64,2,0.3,False,0.001,32,75,0.0,0.1,10,5,0.5,True,42,93,93,0.4666666666666667,0.4,0.4565217391304348,45,5.1699653272517025,0.002290578093379736,0.05090173540843858,0.20655059814453125,54146,0.0,187.35498046875,0.6279278853625962,0.6931161722450545,0.6920089999834697,2,12
bidirectional,False,64,2,0.3,False,0.001,32,75,0.0,0.1,10,5,0.5,True,42,94,94,0.5909090909090909,0.625,0.5797101449275361,44,5.767843914683908,0.002209319733083248,0.050211812115528366,0.20655059814453125,54146,0.0,187.35498046875,0.6141238817662904,0.6908927645647165,0.6910808722178141,3,13
bidirectional,False,64,2,0.3,False,0.001,32,75,0.0,0.1,10,5,0.5,True,42,95,95,0.35714285714285715,0.3076923076923077,0.3229166666666667,28,4.988498648162931,0.0012251180596649647,0.04375421641660588,0.20655059814453125,54146,0.0,187.35498046875,0.6144423046798417,0.6912109133872119,0.6925477067629496,3,13
bidirectional,False,64,2,0.3,False,0.001,32,75,0.0,0.1,10,5,0.5,True,42,96,96,0.5,0.5333333333333333,0.4444444444444444,42,6.124882030300796,0.0024056071415543556,0.05727636051319894,0.20655059814453125,54146,0.0,187.35498046875,0.6081141657901533,0.6903128935532137,0.6960668921470642,3,13
bidirectional,False,64,2,0.3,False,0.001,32,75,0.0,0.1,10,5,0.5,True,42,97,97,0.45454545454545453,0.4782608695652174,0.38842975206611574,44,6.020393234677613,0.0019916840828955173,0.04526554733853448,0.20655059814453125,54146,0.0,187.35498046875,0.6303301905140732,0.6915282268415798,0.6923557003339131,3,13
bidirectional,False,64,2,0.3,False,0.001,32,75,0.0,0.1,10,5,0.5,True,42,98,98,0.6,0.47058823529411764,0.6343873517786561,45,4.844404310919344,0.0024726949632167816,0.054948776960372925,0.20655059814453125,54146,0.0,187.35498046875,0.6212445524605837,0.6897525001655925,0.689987043539683,4,14
bidirectional,False,64,2,0.3,False,0.001,32,75,0.0,0.1,10,5,0.5,True,42,99,99,0.4186046511627907,0.4186046511627907,0.40476190476190477,43,6.529231797903776,0.002333278302103281,0.05426228609542514,0.20655059814453125,54146,0.0,187.35498046875,0.5919480391524055,0.6890255163113276,0.6924209674199422,4,14
bidirectional,False,64,2,0.3,False,0.001,32,75,0.0,0.1,10,5,0.5,True,42,100,100,0.5,0.5,0.42592592592592593,36,3.5549096250906587,0.0019268747419118881,0.05352429838644134,0.20655059814453125,54146,0.0,187.35498046875,0.6365182808402813,0.6933428342595245,0.6932701826095581,1,11
bidirectional,False,64,2,0.3,False,0.001,32,75,0.0,0.1,10,5,0.5,True,42,101,101,0.5111111111111111,0.5925925925925926,0.5513833992094862,45,4.101317695807666,0.001903934869915247,0.042309663775894374,0.20655059814453125,54146,0.0,187.35498046875,0.616084775238326,0.6904366495031299,0.6908066789309184,4,14
bidirectional,False,64,2,0.3,False,0.001,32,75,0.0,0.1,10,5,0.5,True,42,102,102,0.4444444444444444,0.5454545454545454,0.450592885375494,45,4.730325829703361,0.0021402910351753235,0.04756202300389608,0.20655059814453125,54146,0.0,187.35498046875,0.5918087444522164,0.6824817156249826,0.68646719455719,6,16
bidirectional,False,64,2,0.3,False,0.001,32,75,0.0,0.1,10,5,0.5,True,42,103,103,0.46511627906976744,0.4888888888888889,0.5346320346320346,43,3.875986472237855,0.0035636150278151035,0.08287476808872334,0.20655059814453125,54146,0.0,187.35498046875,0.6179214977856838,0.6911254741928794,0.6917237559954326,3,13
bidirectional,False,64,2,0.3,False,0.001,32,75,0.0,0.1,10,5,0.5,True,42,104,104,0.46511627906976744,0.5818181818181818,0.5432900432900433,43,4.41859893174842,0.0019298647530376911,0.044880575652039324,0.20655059814453125,54146,0.0,187.35498046875,0.61671955928658,0.6913619596849788,0.6916051189104716,3,13
bidirectional,False,64,2,0.3,False,0.001,32,75,0.0,0.1,10,5,0.5,True,42,105,105,0.37777777777777777,0.36363636363636365,0.4268774703557312,45,5.5580936493352056,0.002250110264867544,0.050002450330389865,0.20655059814453125,54146,0.0,187.35498046875,0.6015691818161444,0.6883531072826097,0.6921203414599101,4,14
bidirectional,False,64,2,0.3,False,0.001,32,75,0.0,0.1,10,5,0.5,True,42,106,106,0.5555555555555556,0.6153846153846154,0.5376984126984127,45,5.194734988268465,0.0019648848101496696,0.04366410689221488,0.20655059814453125,54146,0.0,187.35498046875,0.6227325948350357,0.6906943158669905,0.6923436562220255,3,13
bidirectional,False,64,2,0.3,False,0.001,32,75,0.0,0.1,10,5,0.5,True,42,107,107,0.4222222222222222,0.38095238095238093,0.2857142857142857,45,4.71260908106342,0.0019856938160955906,0.04412652924656868,0.20655059814453125,54146,0.0,187.35498046875,0.6321115439588373,0.6923847324920424,0.6932330250740051,2,12
bidirectional,False,64,2,0.3,False,0.001,32,75,0.0,0.1,10,5,0.5,True,42,108,108,0.5555555555555556,0.6153846153846154,0.5948616600790514,45,7.5527246673591435,0.0022575589828193188,0.050167977395984865,0.20655059814453125,54146,0.0,187.35498046875,0.5565882438060009,0.6836660639806227,0.6891982038815816,6,16
bidirectional,True,64,2,0.3,True,0.001,32,75,0.0,0.1,10,5,0.5,True,42,1,1,0.6666666666666666,0.6938775510204082,0.6146245059288538,45,7.234905980993062,0.004098054952919483,0.09106788784265518,0.5380935668945312,141058,0.0703125,293.6337890625,0.6111505629889893,0.6927842357845018,0.6920425772666932,2,12
bidirectional,True,64,2,0.3,True,0.001,32,75,0.0,0.1,10,5,0.5,True,42,2,2,0.4666666666666667,0.25,0.4980237154150198,45,5.716665372718126,0.0027711899019777775,0.06158199782172839,0.5380935668945312,141058,0.0,293.6337890625,0.6394593259601882,0.6942547212044398,0.6933715224266053,1,11
bidirectional,True,64,2,0.3,True,0.001,32,75,0.0,0.1,10,5,0.5,True,42,3,3,0.4888888888888889,0.5964912280701754,0.5118577075098814,45,6.416682628914714,0.0031702122651040554,0.0704491614467568,0.5380935668945312,141058,0.00390625,293.6337890625,0.6342529338417631,0.693592241767681,0.692467459042867,1,11
bidirectional,True,64,2,0.3,True,0.001,32,75,0.0,0.1,10,5,0.5,True,42,4,4,0.6444444444444445,0.68,0.6600790513833992,45,7.255011526867747,0.002929557114839554,0.06510126921865675,0.5380935668945312,141058,0.0,293.6337890625,0.612868382172151,0.6926937125849001,0.6929839849472046,2,12
bidirectional,True,64,2,0.3,True,0.001,32,75,0.0,0.1,10,5,0.5,True,42,5,5,0.4444444444444444,0.46808510638297873,0.37896825396825395,45,7.53433916112408,0.0029066666029393673,0.06459259117643038,0.5380935668945312,141058,0.0,293.6337890625,0.5624343538374612,0.6861753237969948,0.6897565205891927,5,15
bidirectional,True,64,2,0.3,True,0.001,32,75,0.0,0.1,10,5,0.5,True,42,6,6,0.5333333333333333,0.16,0.6130952380952381,45,6.4715660428628325,0.0028594890609383583,0.06354420135418574,0.5380935668945312,141058,0.0,293.6337890625,0.5945074397957686,0.6911534043875608,0.691857385635376,3,13
bidirectional,True,64,2,0.3,True,0.001,32,75,0.0,0.1,10,5,0.5,True,42,7,7,0.6222222222222222,0.48484848484848486,0.6205533596837944,45,6.4747348157688975,0.002799329813569784,0.06220732919043965,0.5380935668945312,141058,0.0,293.6337890625,0.6389554043610891,0.6941561929204247,0.6928690791130065,1,11
bidirectional,True,64,2,0.3,True,0.001,32,75,0.0,0.1,10,5,0.5,True,42,8,8,0.4,0.425531914893617,0.4565217391304348,45,8.773689686786383,0.003201801795512438,0.0711511510113875,0.5380935668945312,141058,0.0,293.6337890625,0.5455587747873683,0.679238294561704,0.6891106049219767,6,16
bidirectional,True,64,2,0.3,True,0.001,32,75,0.0,0.1,10,5,0.5,True,42,9,9,0.4,0.2702702702702703,0.40476190476190477,45,6.46877948474139,0.003202571999281645,0.07116826665070322,0.5380935668945312,141058,0.0,293.6337890625,0.6338859101136526,0.6944811366724245,0.6930408835411072,1,11
bidirectional,True,64,2,0.3,True,0.001,32,75,0.0,0.1,10,5,0.5,True,42,10,10,0.4,0.509090909090909,0.36904761904761907,45,8.011135475244373,0.002963815815746784,0.06586257368326187,0.5380935668945312,141058,0.0,293.6337890625,0.5821827101436529,0.6888827117103519,0.6928790926933288,4,14
bidirectional,True,64,2,0.3,True,0.001,32,75,0.0,0.1,10,5,0.5,True,42,11,11,0.4222222222222222,0.3157894736842105,0.4130434782608696,45,6.473894041031599,0.002810148987919092,0.062447755287090935,0.5380935668945312,141058,0.0,293.6337890625,0.6381862520268469,0.6939996864759561,0.6925142685572306,1,11
bidirectional,True,64,2,0.3,True,0.001,32,75,0.0,0.1,10,5,0.5,True,42,12,12,0.5333333333333333,0.6956521739130435,0.39880952380952384,45,7.125807289965451,0.0028492379933595657,0.06331639985243478,0.5380935668945312,141058,0.0,293.6337890625,0.5875229702302904,0.6891479352206895,0.6912907282511394,4,14
bidirectional,True,64,2,0.3,True,0.001,32,75,0.0,0.1,10,5,0.5,True,42,13,13,0.4857142857142857,0.35714285714285715,0.369281045751634,35,8.754004473797977,0.00308700418099761,0.08820011945707458,0.5380935668945312,141058,0.0,293.6337890625,0.6049930421691952,0.6911103973786036,0.6929012258847554,3,13
bidirectional,True,64,2,0.3,True,0.001,32,75,0.0,0.1,10,5,0.5,True,42,14,14,0.4666666666666667,0.5862068965517241,0.450592885375494,45,7.791427298914641,0.0033616889268159866,0.0747041983736886,0.5380935668945312,141058,0.0,293.6337890625,0.6041966954415495,0.6907109252431176,0.6890628298123678,3,13
bidirectional,True,64,2,0.3,True,0.001,32,75,0.0,0.1,10,5,0.5,True,42,15,15,0.4444444444444444,0.4444444444444444,0.45256916996047425,45,7.24661749927327,0.0034437780268490314,0.07652840059664515,0.5380935668945312,141058,0.0,293.6337890625,0.5895772691477429,0.6914976428855549,0.6942241827646891,3,13
bidirectional,True,64,2,0.3,True,0.001,32,75,0.0,0.1,10,5,0.5,True,42,16,16,0.5333333333333333,0.6181818181818182,0.5770750988142292,45,7.828210941981524,0.003151992801576853,0.07004428447948562,0.5380935668945312,141058,0.0,293.6337890625,0.6069236718343965,0.692150914759347,0.6905544400215149,3,13
bidirectional,True,64,2,0.3,True,0.001,32,75,0.0,0.1,10,5,0.5,True,42,17,17,0.47619047619047616,0.5,0.5363636363636364,42,8.186332027893513,0.0032967599108815193,0.07849428359241713,0.5380935668945312,141058,0.0,293.6337890625,0.5989686261975404,0.6913582393617341,0.690380318959554,3,13
bidirectional,True,64,2,0.3,True,0.001,32,75,0.0,0.1,10,5,0.5,True,42,18,18,0.5333333333333333,0.6865671641791045,0.41304347826086957,45,6.170420635025948,0.002820628695189953,0.06268063767088784,0.5380935668945312,141058,0.0,293.6337890625,0.61540105351896,0.6914714787042502,0.6919243931770325,2,12
bidirectional,True,64,2,0.3,True,0.001,32,75,0.0,0.1,10,5,0.5,True,42,19,19,0.4888888888888889,0.3783783783783784,0.5256916996047432,45,5.983227659016848,0.0028182989917695522,0.06262886648376784,0.5380935668945312,141058,0.0,293.6337890625,0.6335504407232458,0.6938429678028281,0.6926133712132772,1,11
bidirectional,True,64,2,0.3,True,0.001,32,75,0.0,0.1,10,5,0.5,True,42,20,20,0.5555555555555556,0.6428571428571429,0.549407114624506,45,7.03533589001745,0.0027605299837887287,0.06134511075086063,0.5380935668945312,141058,0.0,293.6337890625,0.6025871171644239,0.6910101008234601,0.6918113907178243,3,13
bidirectional,True,64,2,0.3,True,0.001,32,75,0.0,0.1,10,5,0.5,True,42,21,21,0.4888888888888889,0.5818181818181818,0.4801587301587302,45,5.588260731194168,0.0028391191735863686,0.06309153719080819,0.5380935668945312,141058,0.0,293.6337890625,0.626975427748579,0.6939919965736794,0.6929927269617716,1,11
bidirectional,True,64,2,0.3,True,0.001,32,75,0.0,0.1,10,5,0.5,True,42,22,22,0.5111111111111111,0.6071428571428571,0.5158102766798419,45,7.633400364778936,0.003255360759794712,0.07234135021766026,0.5380935668945312,141058,0.0,293.6337890625,0.5825603726235303,0.690122026385683,0.6910998940467834,4,14
bidirectional,True,64,2,0.3,True,0.001,32,75,0.0,0.1,10,5,0.5,True,42,23,23,0.4772727272727273,0.5306122448979592,0.5227272727272727,44,9.211741913110018,0.002891827840358019,0.06572336000813679,0.5380935668945312,141058,0.0,293.6337890625,0.5827625265175645,0.6900261202544877,0.6920552730560303,4,14
bidirectional,True,64,2,0.3,True,0.001,32,75,0.0,0.1,10,5,0.5,True,42,24,24,0.2777777777777778,0.3157894736842105,0.2597402597402597,18,8.960733054671437,0.001785167958587408,0.09917599769930045,0.5380935668945312,141058,0.0,293.6337890625,0.5689005939135874,0.6900561232315866,0.6894830743471781,4,14
bidirectional,True,64,2,0.3,True,0.001,32,75,0.0,0.1,10,5,0.5,True,42,25,25,0.4888888888888889,0.41025641025641024,0.5197628458498024,45,8.817858756054193,0.003127584233880043,0.06950187186400096,0.5380935668945312,141058,0.0,293.6337890625,0.5880897945978425,0.6872666469126036,0.6911337812741597,5,15
bidirectional,True,64,2,0.3,True,0.001,32,75,0.0,0.1,10,5,0.5,True,42,26,26,0.5111111111111111,0.5769230769230769,0.5138888888888888,45,8.0232637450099,0.00320237223058939,0.0711638273464309,0.5380935668945312,141058,0.0,293.6337890625,0.5926282232006391,0.6907242635885874,0.692043133576711,3,13
bidirectional,True,64,2,0.3,True,0.001,32,75,0.0,0.1,10,5,0.5,True,42,27,27,0.4222222222222222,0.4090909090909091,0.44466403162055335,45,6.586362740956247,0.003625274170190096,0.08056164822644658,0.5380935668945312,141058,0.0,293.6337890625,0.6379173271583788,0.6945067612510739,0.6924822767575581,1,11
bidirectional,True,64,2,0.3,True,0.001,32,75,0.0,0.1,10,5,0.5,True,42,28,28,0.5555555555555556,0.6666666666666666,0.5316205533596838,45,7.302858148235828,0.003078314010053873,0.06840697800119717,0.5380935668945312,141058,0.0,293.6337890625,0.5976866540132146,0.6907752011761521,0.6930307904879253,3,13
bidirectional,True,64,2,0.3,True,0.001,32,75,0.0,0.1,10,5,0.5,True,42,29,29,0.5777777777777777,0.3448275862068966,0.5019762845849802,45,5.526191568002105,0.005440890789031982,0.12090868420071073,0.5380935668945312,141058,0.0,293.6337890625,0.6309140448768934,0.693727641394644,0.6923974633216858,1,11
bidirectional,True,64,2,0.3,True,0.001,32,75,0.0,0.1,10,5,0.5,True,42,30,30,0.5111111111111111,0.35294117647058826,0.4087301587301587,45,6.416678269393742,0.0030213757418096066,0.06714168315132459,0.5380935668945312,141058,0.0,293.6337890625,0.6268303434957158,0.6944880625515273,0.6941828052202861,1,11
bidirectional,True,64,2,0.3,True,0.001,32,75,0.0,0.1,10,5,0.5,True,42,31,31,0.6222222222222222,0.6382978723404256,0.6660079051383399,45,7.126811990980059,0.0028317091055214405,0.06292686901158757,0.5380935668945312,141058,0.0,293.6337890625,0.5807773511518132,0.6880260895599019,0.6917344212532044,5,15
bidirectional,True,64,2,0.3,True,0.001,32,75,0.0,0.1,10,5,0.5,True,42,32,32,0.6363636363636364,0.6521739130434783,0.6832298136645962,44,7.596156389918178,0.0027968590147793293,0.06356497760862112,0.5380935668945312,141058,0.0,293.6337890625,0.5940496445153699,0.6899475179838411,0.6934584776560465,4,14
bidirectional,True,64,2,0.3,True,0.001,32,75,0.0,0.1,10,5,0.5,True,42,33,33,0.5111111111111111,0.5416666666666666,0.5138339920948617,45,6.26725335791707,0.0032242019660770893,0.07164893257949087,0.5380935668945312,141058,0.0,293.6337890625,0.6289653439413417,0.6936029277064584,0.6927793780962627,1,11
bidirectional,True,64,2,0.3,True,0.001,32,75,0.0,0.1,10,5,0.5,True,42,34,34,0.5555555555555556,0.6428571428571429,0.6726190476190477,45,7.544080974068493,0.003182301763445139,0.07071781696544753,0.5380935668945312,141058,0.0,293.6337890625,0.6135236891833219,0.6932905916914796,0.6902647018432617,2,12
bidirectional,True,64,2,0.3,True,0.001,32,75,0.0,0.1,10,5,0.5,True,42,35,35,0.5111111111111111,0.35294117647058826,0.4920948616600791,45,10.063659883569926,0.0031532817520201206,0.07007292782266936,0.5380935668945312,141058,0.0,293.6337890625,0.5662367499687455,0.6876153715632178,0.6915856599807739,5,15
bidirectional,True,64,2,0.3,True,0.001,32,75,0.0,0.1,10,5,0.5,True,42,36,36,0.5,0.5,0.49793388429752067,44,8.961177236866206,0.0034152879379689693,0.07762018040838567,0.5380935668945312,141058,0.00390625,293.6337890625,0.5720606301770066,0.6891365295106714,0.6926157951354981,4,14
bidirectional,True,64,2,0.3,True,0.001,32,75,0.0,0.1,10,5,0.5,True,42,37,37,0.4222222222222222,0.5185185185185185,0.47233201581027673,45,7.429472443182021,0.0032336311414837837,0.07185846981075074,0.5380935668945312,141058,0.0,293.6337890625,0.6171525373603358,0.693106396631761,0.6918795665105184,2,12
bidirectional,True,64,2,0.3,True,0.001,32,75,0.0,0.1,10,5,0.5,True,42,38,38,0.4888888888888889,0.5818181818181818,0.3754940711462451,45,7.000597809907049,0.0027137110009789467,0.06030468891064326,0.5380935668945312,141058,0.0,293.6337890625,0.582436119968241,0.6879341959050207,0.6903355638186137,4,14
bidirectional,True,64,2,0.3,True,0.001,32,75,0.0,0.1,10,5,0.5,True,42,39,39,0.5454545454545454,0.5652173913043478,0.4906832298136646,44,6.5094758667983115,0.00282595818862319,0.06422632246870885,0.5380935668945312,141058,0.0,293.6337890625,0.6037729366710691,0.6902769736268304,0.6895471851030985,3,13
bidirectional,True,64,2,0.3,True,0.001,32,75,0.0,0.1,10,5,0.5,True,42,40,40,0.6,0.7272727272727273,0.6567460317460317,45,5.689636743161827,0.0028434889391064644,0.06318864309125476,0.5380935668945312,141058,0.0,293.6337890625,0.6378561253800537,0.6945226346001481,0.6916885137557983,1,11
bidirectional,True,64,2,0.3,True,0.001,32,75,0.0,0.1,10,5,0.5,True,42,41,41,0.5111111111111111,0.26666666666666666,0.3908730158730158,45,6.002183064818382,0.002977695781737566,0.0661710173719459,0.5380935668945312,141058,0.0,293.6337890625,0.6198474450996427,0.6929738607370493,0.6930357257525126,2,12
bidirectional,True,64,2,0.3,True,0.001,32,75,0.0,0.1,10,5,0.5,True,42,42,42,0.6222222222222222,0.7213114754098361,0.5612648221343874,45,7.6003729538060725,0.0031782519072294235,0.07062782016065386,0.5380935668945312,141058,0.0,293.6337890625,0.6024775089639606,0.6912449119669019,0.6925275961558024,3,13
bidirectional,True,64,2,0.3,True,0.001,32,75,0.0,0.1,10,5,0.5,True,42,43,43,0.5777777777777777,0.6122448979591837,0.6699604743083004,45,7.218213303945959,0.0031632129102945328,0.0702936202287674,0.5380935668945312,141058,0.0,293.6337890625,0.6366577139406493,0.6945026738174034,0.6913901527722677,1,11
bidirectional,True,64,2,0.3,True,0.001,32,75,0.0,0.1,10,5,0.5,True,42,44,44,0.5172413793103449,0.46153846153846156,0.519047619047619,29,8.700159240048379,0.0021718498319387436,0.07489137351512909,0.5380935668945312,141058,0.0,293.6337890625,0.5963237944877509,0.6908935872894345,0.692485245068868,3,13
bidirectional,True,64,2,0.3,True,0.001,32,75,0.0,0.1,10,5,0.5,True,42,45,45,0.4444444444444444,0.1935483870967742,0.4841897233201581,45,8.248648998327553,0.0035286261700093746,0.07841391488909721,0.5380935668945312,141058,0.0,293.6337890625,0.6162165075992093,0.6923809331474882,0.6930375059445699,2,12
bidirectional,True,64,2,0.3,True,0.001,32,75,0.0,0.1,10,5,0.5,True,42,46,46,0.5555555555555556,0.6,0.6284584980237153,45,5.747509683016688,0.0030226148664951324,0.06716921925544739,0.5380935668945312,141058,0.0,293.6337890625,0.6348323228232788,0.6941043341701681,0.6917099316914876,1,11
bidirectional,True,64,2,0.3,True,0.001,32,75,0.0,0.1,10,5,0.5,True,42,47,47,0.5555555555555556,0.09090909090909091,0.47619047619047616,45,7.735487242694944,0.0032199318520724773,0.07155404115716617,0.5380935668945312,141058,0.0,293.6337890625,0.5714988457885656,0.6894400295886126,0.6931164344151814,4,14
bidirectional,True,64,2,0.3,True,0.001,32,75,0.0,0.1,10,5,0.5,True,42,48,48,0.5294117647058824,0.5555555555555556,0.4571428571428572,17,7.473346127197146,0.0014784829691052437,0.0869695864179555,0.5380935668945312,141058,0.0,293.6337890625,0.6438018791657641,0.6942646723044547,0.6920511404673259,1,11
bidirectional,True,64,2,0.3,True,0.001,32,75,0.0,0.1,10,5,0.5,True,42,49,49,0.37777777777777777,0.391304347826087,0.4505928853754941,45,6.718586023896933,0.0027599800378084183,0.06133288972907597,0.5380935668945312,141058,0.0,293.6337890625,0.6036327675436483,0.6915347847071561,0.6904885649681092,3,13
bidirectional,True,64,2,0.3,True,0.001,32,75,0.0,0.1,10,5,0.5,True,42,50,50,0.37777777777777777,0.2222222222222222,0.37154150197628455,45,6.494769013021141,0.0034021581523120403,0.07560351449582312,0.5380935668945312,141058,0.0,293.6337890625,0.5966189309503093,0.6906089534362158,0.6916563232739766,3,13
bidirectional,True,64,2,0.3,True,0.001,32,75,0.0,0.1,10,5,0.5,True,42,51,51,0.4666666666666667,0.6363636363636364,0.6607142857142857,45,7.49465580098331,0.004265752620995045,0.09479450268877877,0.5380935668945312,141058,0.0,293.6337890625,0.6191361928076455,0.691751731616078,0.6924970229466756,3,13
bidirectional,True,64,2,0.3,True,0.001,32,75,0.0,0.1,10,5,0.5,True,42,52,52,0.5121951219512195,0.4117647058823529,0.4401913875598086,41,7.016792397014797,0.0027709798887372017,0.06758487533505371,0.5380935668945312,141058,0.0,293.6337890625,0.5710375740221052,0.6895924693707264,0.6944564620653788,4,14
bidirectional,True,64,2,0.3,True,0.001,32,75,0.0,0.1,10,5,0.5,True,42,53,53,0.3488372093023256,0.2222222222222222,0.29004329004329005,43,6.2362879500724375,0.0033119511790573597,0.07702212044319441,0.5380935668945312,141058,0.0,293.6337890625,0.6407024715885972,0.6945142023491137,0.6918286561965943,1,11
bidirectional,True,64,2,0.3,True,0.001,32,75,0.0,0.1,10,5,0.5,True,42,54,54,0.4358974358974359,0.45,0.47282608695652173,39,6.473232903983444,0.0028981571085751057,0.07431172073269501,0.5380935668945312,141058,0.0,293.6337890625,0.6401127536188472,0.6933426653796976,0.6941981077194214,1,11
bidirectional,True,64,2,0.3,True,0.001,32,75,0.0,0.1,10,5,0.5,True,42,55,55,0.4888888888888889,0.6567164179104478,0.3814229249011858,45,6.874877579975873,0.003491506911814213,0.07758904248476028,0.5380935668945312,141058,0.0,293.6337890625,0.634990777481686,0.6941381589029775,0.6915335575739543,1,11
bidirectional,True,64,2,0.3,True,0.001,32,75,0.0,0.1,10,5,0.5,True,42,56,56,0.5227272727272727,0.5882352941176471,0.5681818181818181,44,8.437880826182663,0.0032143122516572475,0.07305255117402835,0.5380935668945312,141058,0.0,293.6337890625,0.5805229919426369,0.6890631015553619,0.692603874206543,4,14
bidirectional,True,64,2,0.3,True,0.001,32,75,0.0,0.1,10,5,0.5,True,42,57,57,0.4222222222222222,0.4090909090909091,0.4146825396825397,45,9.333904827944934,0.0028937077149748802,0.06430461588833068,0.5380935668945312,141058,0.0,293.6337890625,0.5799166702411391,0.6901379105719653,0.6924267927805583,4,14
bidirectional,True,64,2,0.3,True,0.001,32,75,0.0,0.1,10,5,0.5,True,42,58,58,0.6444444444444445,0.5294117647058824,0.6130952380952381,45,7.906479203142226,0.0026947613805532455,0.05988358623451657,0.5380935668945312,141058,0.0,293.6337890625,0.5656277774409815,0.6857905694932649,0.6915025512377421,5,15
bidirectional,True,64,2,0.3,True,0.001,32,75,0.0,0.1,10,5,0.5,True,42,59,59,0.5555555555555556,0.5652173913043478,0.503968253968254,45,6.6988732712343335,0.003119734115898609,0.06932742479774687,0.5380935668945312,141058,0.0,293.6337890625,0.6288239653363372,0.6930196628426061,0.6920651316642761,2,12
bidirectional,True,64,2,0.3,True,0.001,32,75,0.0,0.1,10,5,0.5,True,42,60,60,0.5454545454545454,0.5652173913043478,0.5061983471074379,44,8.774992633145303,0.0029149670153856277,0.06624925034967336,0.5380935668945312,141058,0.0,293.6337890625,0.5532552353811987,0.6847324425523932,0.6916181564331054,5,15
bidirectional,True,64,2,0.3,True,0.001,32,75,0.0,0.1,10,5,0.5,True,42,61,61,0.4883720930232558,0.47619047619047616,0.5476190476190477,43,5.981220894958824,0.0027891090139746666,0.06486300032499225,0.5380935668945312,141058,0.0,293.6337890625,0.6183309214133205,0.6934711251294974,0.6925865769386291,2,12
bidirectional,True,64,2,0.3,True,0.001,32,75,0.0,0.1,10,5,0.5,True,42,62,62,0.5555555555555556,0.6551724137931034,0.5731225296442688,45,5.45404864475131,0.0027650296688079834,0.06144510375128852,0.5380935668945312,141058,0.0,293.6337890625,0.6321717767101346,0.6936892582611605,0.6923077464103699,1,11
bidirectional,True,64,2,0.3,True,0.001,32,75,0.0,0.1,10,5,0.5,True,42,63,63,0.4883720930232558,0.26666666666666666,0.3874458874458875,43,6.543888901825994,0.0027759000658988953,0.06455581548602081,0.5380935668945312,141058,0.0,293.6337890625,0.5972630909898065,0.6910607313567941,0.694462792078654,3,13
bidirectional,True,64,2,0.3,True,0.001,32,75,0.0,0.1,10,5,0.5,True,42,64,64,0.4888888888888889,0.6567164179104478,0.4249011857707509,45,6.32071931893006,0.0031806319020688534,0.0706807089348634,0.5380935668945312,141058,0.0,293.6337890625,0.648619812094804,0.6950249202323683,0.692937441666921,1,11
bidirectional,True,64,2,0.3,True,0.001,32,75,0.0,0.1,10,5,0.5,True,42,65,65,0.5333333333333333,0.5333333333333333,0.5515873015873016,45,8.682228985242546,0.003153882920742035,0.07008628712760079,0.5380935668945312,141058,0.0,293.6337890625,0.6005729599432512,0.6912883732355002,0.6918383717536927,3,13
bidirectional,True,64,2,0.3,True,0.001,32,75,0.0,0.1,10,5,0.5,True,42,66,66,0.7777777777777778,0.782608695652174,0.733201581027668,45,9.757874928880483,0.0034702569246292114,0.07711682054731582,0.5380935668945312,141058,0.0,293.6337890625,0.582714440470392,0.6872340666525292,0.690548304716746,5,15
bidirectional,True,64,2,0.3,True,0.001,32,75,0.0,0.1,10,5,0.5,True,42,67,67,0.5333333333333333,0.4878048780487805,0.5671936758893281,45,10.156665857881308,0.0032360409386456013,0.07191202085879113,0.5380935668945312,141058,0.0,293.6337890625,0.5458816662430763,0.6836204488169063,0.6908610900243123,6,16
bidirectional,True,64,2,0.3,True,0.001,32,75,0.0,0.1,10,5,0.5,True,42,68,68,0.5111111111111111,0.6333333333333333,0.575098814229249,45,7.692309387028217,0.0030468450859189034,0.06770766857597564,0.5380935668945312,141058,0.0,293.6337890625,0.6158950500416033,0.6931140246716413,0.6946495811144511,2,12
bidirectional,True,64,2,0.3,True,0.001,32,75,0.0,0.1,10,5,0.5,True,42,69,69,0.5333333333333333,0.5116279069767442,0.5615079365079364,45,8.262856374960393,0.003196392208337784,0.07103093796306187,0.5380935668945312,141058,0.0,293.6337890625,0.5899992153951616,0.6912499485593854,0.6908130049705505,3,13
bidirectional,True,64,2,0.3,True,0.001,32,75,0.0,0.1,10,5,0.5,True,42,70,70,0.4666666666666667,0.52,0.5,45,8.764366677030921,0.0027245800010859966,0.06054622224635548,0.5380935668945312,141058,0.0,293.6337890625,0.517286850873268,0.6776566564133673,0.6926905433336894,7,17
bidirectional,True,64,2,0.3,True,0.001,32,75,0.0,0.1,10,5,0.5,True,42,71,71,0.5777777777777777,0.6122448979591837,0.6106719367588933,45,8.56709324195981,0.0028803981840610504,0.06400884853469001,0.5380935668945312,141058,0.0,293.6337890625,0.5859773759589051,0.688735258398634,0.6896755377451579,4,14
bidirectional,True,64,2,0.3,True,0.001,32,75,0.0,0.1,10,5,0.5,True,42,72,72,0.6444444444444445,0.6923076923076923,0.6126482213438735,45,8.709288857877254,0.0027815499342978,0.06181222076217334,0.5380935668945312,141058,0.0,293.6337890625,0.5835976799329122,0.6899011974984949,0.6925370573997498,4,14
bidirectional,True,64,2,0.3,True,0.001,32,75,0.0,0.1,10,5,0.5,True,42,73,73,0.6444444444444445,0.5789473684210527,0.6818181818181818,45,5.74216153472662,0.002815358806401491,0.06256352903114426,0.5380935668945312,141058,0.0,293.6337890625,0.627360235561024,0.6934554265304045,0.6919515570004781,1,11
bidirectional,True,64,2,0.3,True,0.001,32,75,0.0,0.1,10,5,0.5,True,42,74,74,0.4222222222222222,0.5357142857142857,0.45436507936507936,45,7.951069083996117,0.0031755329109728336,0.07056739802161853,0.5380935668945312,141058,0.0,293.6337890625,0.5573142873066844,0.686728370460597,0.6891434748967489,5,15
bidirectional,True,64,2,0.3,True,0.001,32,75,0.0,0.1,10,5,0.5,True,42,75,75,0.4634146341463415,0.56,0.46904761904761905,41,6.683467712718993,0.0030372748151421547,0.07407987354005255,0.5380935668945312,141058,0.00390625,293.6337890625,0.6082051906621817,0.6911599396756201,0.6932231187820435,3,13
bidirectional,True,64,2,0.3,True,0.001,32,75,0.0,0.1,10,5,0.5,True,42,76,76,0.4888888888888889,0.6567164179104478,0.466403162055336,45,5.560806970112026,0.002786080352962017,0.06191289673248926,0.5380935668945312,141058,0.0,293.6337890625,0.6342126456173983,0.6940544139255177,0.6930262207984924,1,11
bidirectional,True,64,2,0.3,True,0.001,32,75,0.0,0.1,10,5,0.5,True,42,77,77,0.4222222222222222,0.5185185185185185,0.3452380952380953,45,9.355251991190016,0.003244351129978895,0.07209669177730879,0.5380935668945312,141058,0.0,293.6337890625,0.5384100558179797,0.6860929194724921,0.6919935941696167,5,15
bidirectional,True,64,2,0.3,True,0.001,32,75,0.0,0.1,10,5,0.5,True,42,78,78,0.4222222222222222,0.48,0.41501976284584985,45,6.6141347931697965,0.0027761198580265045,0.06169155240058899,0.5380935668945312,141058,0.0,293.6337890625,0.6471372120308153,0.6940736364234578,0.6924822608629863,1,11
bidirectional,True,64,2,0.3,True,0.001,32,75,0.0,0.1,10,5,0.5,True,42,79,79,0.45,0.42105263157894735,0.4375,40,8.787150072865188,0.0031568529084324837,0.07892132271081209,0.5380935668945312,141058,0.0,293.6337890625,0.5781672610477968,0.6897789695949266,0.6928016940752665,4,14
bidirectional,True,64,2,0.3,True,0.001,32,75,0.0,0.1,10,5,0.5,True,42,80,80,0.5777777777777777,0.5128205128205128,0.6027667984189723,45,7.163654998876154,0.002883478067815304,0.06407729039589563,0.5380935668945312,141058,0.0,293.6337890625,0.6147043813358654,0.6925412560954238,0.6924545566240946,2,12
bidirectional,True,64,2,0.3,True,0.001,32,75,0.0,0.1,10,5,0.5,True,42,81,81,0.5111111111111111,0.21428571428571427,0.6205533596837944,45,10.887451904825866,0.002833948004990816,0.06297662233312924,0.5380935668945312,141058,0.0,293.6337890625,0.47779264978387137,0.6661328136017828,0.691345198949178,9,19
bidirectional,True,64,2,0.3,True,0.001,32,75,0.0,0.1,10,5,0.5,True,42,82,82,0.5111111111111111,0.6206896551724138,0.616600790513834,45,7.990773422177881,0.002733130007982254,0.06073622239960565,0.5380935668945312,141058,0.0,293.6337890625,0.6091349809007212,0.6917812752001213,0.6915932297706604,3,13
bidirectional,True,64,2,0.3,True,0.001,32,75,0.0,0.1,10,5,0.5,True,42,83,83,0.5263157894736842,0.5714285714285714,0.592797783933518,38,7.679829230997711,0.003064644057303667,0.08064852782378071,0.5380935668945312,141058,0.0,293.6337890625,0.5757417358232267,0.6888766428737929,0.6922887444496155,4,14
bidirectional,True,64,2,0.3,True,0.001,32,75,0.0,0.1,10,5,0.5,True,42,84,84,0.4772727272727273,0.5306122448979592,0.5279503105590062,44,6.1048447750508785,0.0028528189286589622,0.06483679383315824,0.5380935668945312,141058,0.0,293.6337890625,0.6182600551030852,0.6927206958785201,0.6927377621332804,2,12
bidirectional,True,64,2,0.3,True,0.001,32,75,0.0,0.1,10,5,0.5,True,42,85,85,0.5909090909090909,0.5909090909090909,0.6149068322981366,44,7.016005611978471,0.004869251977652311,0.11066481767391616,0.5380935668945312,141058,0.0,293.6337890625,0.5731024353793173,0.688815744988846,0.6916271805763244,4,14
bidirectional,True,64,2,0.3,True,0.001,32,75,0.0,0.1,10,5,0.5,True,42,86,86,0.5,0.3888888888888889,0.5010351966873706,44,7.735426750965416,0.00294899707660079,0.06702266083183614,0.5380935668945312,141058,0.0,293.6337890625,0.5803156020966443,0.6900994822834478,0.691204309463501,4,14
bidirectional,True,64,2,0.3,True,0.001,32,75,0.0,0.1,10,5,0.5,True,42,87,87,0.5111111111111111,0.45,0.5652173913043478,45,7.489170166198164,0.003164081834256649,0.07031292965014775,0.5380935668945312,141058,0.0,293.6337890625,0.5816708155202143,0.6912303575963685,0.6894116997718811,4,14
bidirectional,True,64,2,0.3,True,0.001,32,75,0.0,0.1,10,5,0.5,True,42,88,88,0.4909090909090909,0.65,0.4193121693121694,55,7.918301028665155,0.0034079779870808125,0.06196323612874205,0.5380935668945312,141058,0.0,293.6337890625,0.6201031068057725,0.6912234529401317,0.6916289130846659,2,12
bidirectional,True,64,2,0.3,True,0.001,32,75,0.0,0.1,10,5,0.5,True,42,89,89,0.4888888888888889,0.0,0.4107142857142857,45,8.646801913157105,0.0028738570399582386,0.06386348977684975,0.5380935668945312,141058,0.0,293.6337890625,0.5863350036017823,0.6888395877498569,0.6929390827814738,4,14
bidirectional,True,64,2,0.3,True,0.001,32,75,0.0,0.1,10,5,0.5,True,42,90,90,0.4444444444444444,0.5454545454545454,0.3972332015810277,45,11.883270182646811,0.002895156852900982,0.06433681895335515,0.5380935668945312,141058,0.0,293.6337890625,0.5128737155235175,0.6673255693731885,0.6881688872973124,9,19
bidirectional,True,64,2,0.3,True,0.001,32,75,0.0,0.1,10,5,0.5,True,42,91,91,0.45454545454545453,0.5555555555555556,0.48760330578512395,44,10.575610850937665,0.0029163872823119164,0.06628152914345264,0.5380935668945312,141058,0.0,293.6337890625,0.5205393076846094,0.676189040595835,0.6874498685201009,7,17
bidirectional,True,64,2,0.3,True,0.001,32,75,0.0,0.1,10,5,0.5,True,42,92,92,0.5178571428571429,0.425531914893617,0.5269230769230769,56,5.431807323358953,0.0027578300796449184,0.04924696570794497,0.5380935668945312,141058,0.0,293.6337890625,0.6379348441506877,0.6936304185426596,0.6955336729685465,1,11
bidirectional,True,64,2,0.3,True,0.001,32,75,0.0,0.1,10,5,0.5,True,42,93,93,0.4222222222222222,0.5517241379310345,0.4407114624505929,45,6.09279947495088,0.003210021648555994,0.07133381441235542,0.5380935668945312,141058,0.0,293.6337890625,0.6208348364541025,0.6925346444953572,0.6921571930249532,2,12
bidirectional,True,64,2,0.3,True,0.001,32,75,0.0,0.1,10,5,0.5,True,42,94,94,0.5909090909090909,0.64,0.5817805383022774,44,6.3725464921444654,0.0028686183504760265,0.06519587160172788,0.5380935668945312,141058,0.0,293.6337890625,0.6250856148474144,0.6926524765563734,0.69179660876592,2,12
bidirectional,True,64,2,0.3,True,0.001,32,75,0.0,0.1,10,5,0.5,True,42,95,95,0.42857142857142855,0.38461538461538464,0.41145833333333337,28,6.028231758158654,0.0019794339314103127,0.07069406897893973,0.5380935668945312,141058,0.0,293.6337890625,0.6267605852900129,0.6923199797218497,0.6926822900772095,2,12
bidirectional,True,64,2,0.3,True,0.001,32,75,0.0,0.1,10,5,0.5,True,42,96,96,0.40476190476190477,0.4897959183673469,0.3492063492063492,42,9.007366782985628,0.002764690201729536,0.06582595718403657,0.5380935668945312,141058,0.0,293.6337890625,0.5828147128675923,0.6886676983399824,0.693791389465332,4,14
bidirectional,True,64,2,0.3,True,0.001,32,75,0.0,0.1,10,5,0.5,True,42,97,97,0.5227272727272727,0.5714285714285714,0.5578512396694215,44,8.977879357989877,0.002871047705411911,0.06525108421390706,0.5380935668945312,141058,0.0,293.6337890625,0.517123356461525,0.6725978318488959,0.6889900088310241,8,18
bidirectional,True,64,2,0.3,True,0.001,32,75,0.0,0.1,10,5,0.5,True,42,98,98,0.5111111111111111,0.6451612903225806,0.549407114624506,45,7.151867893990129,0.0031823120079934597,0.07071804462207687,0.5380935668945312,141058,0.0,293.6337890625,0.6384438529159083,0.6941510515682625,0.6927997589111328,1,11
bidirectional,True,64,2,0.3,True,0.001,32,75,0.0,0.1,10,5,0.5,True,42,99,99,0.4883720930232558,0.56,0.4350649350649351,43,9.406518829986453,0.003143453039228916,0.07310355905183526,0.5380935668945312,141058,0.0,293.6337890625,0.580324458127672,0.6894942490440427,0.6921112298965454,4,14
bidirectional,True,64,2,0.3,True,0.001,32,75,0.0,0.1,10,5,0.5,True,42,100,100,0.5,0.47058823529411764,0.5679012345679012,36,7.113188226241618,0.003220150712877512,0.08944863091326422,0.5380935668945312,141058,0.00390625,293.6337890625,0.6361065908814921,0.6943130673784198,0.6935791134834289,1,11
bidirectional,True,64,2,0.3,True,0.001,32,75,0.0,0.1,10,5,0.5,True,42,101,101,0.4888888888888889,0.5306122448979592,0.5237154150197628,45,9.361464648973197,0.003256651107221842,0.07237002460492982,0.5380935668945312,141058,0.0,293.6337890625,0.5810190911094347,0.6890604730808374,0.690123454729716,5,15
bidirectional,True,64,2,0.3,True,0.001,32,75,0.0,0.1,10,5,0.5,True,42,102,102,0.5555555555555556,0.6875,0.3913043478260869,45,8.353030730038881,0.0027706101536750793,0.06156911452611287,0.5380935668945312,141058,0.0,293.6337890625,0.5805186306436857,0.6877447181578838,0.6872613708178202,5,15
bidirectional,True,64,2,0.3,True,0.001,32,75,0.0,0.1,10,5,0.5,True,42,103,103,0.627906976744186,0.6,0.6082251082251082,43,9.058643841184676,0.003010905347764492,0.07002105459917424,0.5380935668945312,141058,0.0,293.6337890625,0.47539969714302005,0.6729887322042928,0.685831618309021,8,18
bidirectional,True,64,2,0.3,True,0.001,32,75,0.0,0.1,10,5,0.5,True,42,104,104,0.4883720930232558,0.3888888888888889,0.41774891774891776,43,6.909556046128273,0.002867857925593853,0.06669437036264775,0.5380935668945312,141058,0.0,293.6337890625,0.623906581465042,0.6914202719926834,0.6915887951850891,3,13
bidirectional,True,64,2,0.3,True,0.001,32,75,0.0,0.1,10,5,0.5,True,42,105,105,0.4888888888888889,0.6461538461538462,0.5019762845849802,45,6.607851897366345,0.003184401895850897,0.07076448657446437,0.5380935668945312,141058,0.0,293.6337890625,0.658401737610499,0.6949632321343278,0.6927083015441895,1,11
bidirectional,True,64,2,0.3,True,0.001,32,75,0.0,0.1,10,5,0.5,True,42,106,106,0.5111111111111111,0.5416666666666666,0.5853174603174602,45,6.571831801906228,0.003006656188517809,0.06681458196706241,0.5380935668945312,141058,0.0,293.6337890625,0.6313089606436816,0.6936575955513752,0.6931991060574849,1,11
bidirectional,True,64,2,0.3,True,0.001,32,75,0.0,0.1,10,5,0.5,True,42,107,107,0.4,0.4489795918367347,0.40079365079365076,45,5.822362478356808,0.003164391964673996,0.0703198214371999,0.5380935668945312,141058,0.0,293.6337890625,0.638930799834656,0.6939075914296237,0.6934083819389343,1,11
bidirectional,True,64,2,0.3,True,0.001,32,75,0.0,0.1,10,5,0.5,True,42,108,108,0.5333333333333333,0.5333333333333333,0.4308300395256917,45,7.503152361139655,0.003268611151725054,0.07263580337166786,0.5380935668945312,141058,0.0,293.6337890625,0.6026562461347291,0.6912348631656531,0.6916147192319234,3,13
